﻿parent_comment_id,comment_id,comment_time,comment_user_name,comment_user_link,comment_content,comment_like_num,child_comment_num
,4797611410195706,Mon Aug 01 11:05:58 +0800 2022,废物散人,https://weibo.com//u/7118119696,那养殖的能吃吗,1,3
4797611410195706.0,4797612722756007,Mon Aug 01 11:11:11 +0800 2022,花开再来,https://weibo.com//u/1661505720,"这玩意儿能养吗<img alt=""[允悲]"" title=""[允悲]"" src=""https://face.t.sinajs.cn/t4/appstyle/expression/ext/normal/83/2018new_kuxiao_org.png"" />",1,0
4797611410195706.0,4797617659189125,Mon Aug 01 11:30:48 +0800 2022,LoutRegenHerbs,https://weibo.com//u/6490479250,现在都有物种在灭绝，不是所有生物都可以养殖的,0,0
4797611410195706.0,4797629432596008,Mon Aug 01 12:17:35 +0800 2022,天真无邪iii,https://weibo.com//u/2203430541,大白鲨没养殖,0,0
,4798114135277657,Tue Aug 02 20:23:36 +0800 2022,犇犇的大哥,https://weibo.com//u/7118158813,<a href=/n/苏万冫>@苏万冫</a>,0,0
,4798006228686038,Tue Aug 02 13:14:50 +0800 2022,一纸秋梦啊,https://weibo.com//u/6450985135,"我只关心怎么判，轻了可不行<img alt=""[哼]"" title=""[哼]"" src=""https://face.t.sinajs.cn/t4/appstyle/expression/ext/normal/7c/2018new_heng_org.png"" />",0,0
,4797965992726685,Tue Aug 02 10:34:57 +0800 2022,唤光流影,https://weibo.com//u/6490218366,你只能被大白鲨吃，你吃大白鲨就是犯罪！禾雀吃你家的稻谷，你不得驱赶捕s，否则，你也是犯罪！【所有的痛苦，砖家让你扛着，你得受着】,0,0
,4797936623943835,Tue Aug 02 08:38:14 +0800 2022,马楠微博,https://weibo.com//u/6205571988,"多管一管警察内部涉黑,唐山打人,郑州银行这些事情为什么没交代?",0,0
,4797925769088874,Tue Aug 02 07:55:07 +0800 2022,佛不争香,https://weibo.com//u/6012492804,谁是有知的呢？不过自以为是而已,0,0
,4797887949307946,Tue Aug 02 05:24:49 +0800 2022,自由的比目鱼,https://weibo.com//u/3306856077,"<img alt=""[笑cry]"" title=""[笑cry]"" src=""https://face.t.sinajs.cn/t4/appstyle/expression/ext/normal/4a/2018new_xiaoku_thumb.png"" /><img alt=""[笑cry]"" title=""[笑cry]"" src=""https://face.t.sinajs.cn/t4/appstyle/expression/ext/normal/4a/2018new_xiaoku_thumb.png"" /><img alt=""[笑cry]"" title=""[笑cry]"" src=""https://face.t.sinajs.cn/t4/appstyle/expression/ext/normal/4a/2018new_xiaoku_thumb.png"" /><img alt=""[笑cry]"" title=""[笑cry]"" src=""https://face.t.sinajs.cn/t4/appstyle/expression/ext/normal/4a/2018new_xiaoku_thumb.png"" />",0,0
,4797831535657492,Tue Aug 02 01:40:40 +0800 2022,空靜無,https://weibo.com//u/6046890728,为了吃，也是蛮拼,0,0
,4797822752785219,Tue Aug 02 01:05:46 +0800 2022,小怡的音乐世界,https://weibo.com//u/1339467045,"就像问问好吃不 纯属好奇<img alt=""[doge]"" title=""[doge]"" src=""https://face.t.sinajs.cn/t4/appstyle/expression/ext/normal/a1/2018new_doge02_org.png"" />",0,0
,4797727269194750,Mon Aug 01 18:46:21 +0800 2022,Rezrekxtsooo1,https://weibo.com//u/2635941925,"《人工养殖可食用》<img alt=""[doge]"" title=""[doge]"" src=""https://face.t.sinajs.cn/t4/appstyle/expression/ext/normal/a1/2018new_doge02_org.png"" /><img alt=""[doge]"" title=""[doge]"" src=""https://face.t.sinajs.cn/t4/appstyle/expression/ext/normal/a1/2018new_doge02_org.png"" /><img alt=""[doge]"" title=""[doge]"" src=""https://face.t.sinajs.cn/t4/appstyle/expression/ext/normal/a1/2018new_doge02_org.png"" /><img alt=""[doge]"" title=""[doge]"" src=""https://face.t.sinajs.cn/t4/appstyle/expression/ext/normal/a1/2018new_doge02_org.png"" />",0,0
,4797699998617146,Mon Aug 01 16:57:59 +0800 2022,小时不是小石呀,https://weibo.com//u/6208076014,只能说找借口，正常人谁买鲨鱼来吃，当傻子吗,0,0
,4797682272440301,Mon Aug 01 15:47:33 +0800 2022,黔中小虎,https://weibo.com//u/2569291210,来自哪，都不足以让此人逃脱法律的制裁~,0,0
,4797681606593743,Mon Aug 01 15:44:54 +0800 2022,太乙路安静的柑桔,https://weibo.com//u/5643549437,什么生物最恶 最坏 最狠  最可怕 ？ 人吧,0,0
,4797677709036252,Mon Aug 01 15:29:25 +0800 2022,造型师吴健Juck,https://weibo.com//u/2152839105,不要把无知当理由，我打了你 然后告诉你；我不知道打你违法，你可以吗,0,0
,4797668310386608,Mon Aug 01 14:52:04 +0800 2022,啦啦公主啦啦啦,https://weibo.com//u/7265498786,"国家对网红主播应该控制管理了，凭证上岗，别搞得什么素质的人都能网红<img alt=""[哼]"" title=""[哼]"" src=""https://face.t.sinajs.cn/t4/appstyle/expression/ext/normal/7c/2018new_heng_org.png"" />",1,0
,4797659037305880,Mon Aug 01 14:15:13 +0800 2022,幸运的fence,https://weibo.com//u/1838946124,看着她的吃相都恐怖😱 。能不能把这些吃播网红都封了，浪费粮食不说，就吃那些稀奇古怪的动物，都觉得太残忍了。,0,0
,4797653118617659,Mon Aug 01 13:51:42 +0800 2022,榴莲__柒,https://weibo.com//u/5544773379,这种低俗网红小视频满天飞  身边人每都在刷  真的是堪比鸦片,2,0
,4797652116178654,Mon Aug 01 13:47:42 +0800 2022,Ki7e韵,https://weibo.com//u/6128096791,教她重新做人吧,1,0
,4797652045138611,Mon Aug 01 13:47:26 +0800 2022,西蒙吸猫,https://weibo.com//u/7762767739,"我总觉得只有野人才会吃这种乱七八糟的东西，是粮食不够吃吗？是普通的鸡鸭鱼猪牛羊不够吃吗？非要去吃这种乱七八糟的东西，是不是如果吃人不违法，都要去吃人了？<img alt=""[吐]"" title=""[吐]"" src=""https://face.t.sinajs.cn/t4/appstyle/expression/ext/normal/08/2018new_tu_org.png"" /><img alt=""[吐]"" title=""[吐]"" src=""https://face.t.sinajs.cn/t4/appstyle/expression/ext/normal/08/2018new_tu_org.png"" /><img alt=""[吐]"" title=""[吐]"" src=""https://face.t.sinajs.cn/t4/appstyle/expression/ext/normal/08/2018new_tu_org.png"" />",2,0
,4797645337658862,Mon Aug 01 13:20:46 +0800 2022,爱看动漫的路人甲,https://weibo.com//u/6591948425,南充人吗？丢南充人的脸,0,0
,4797644134679372,Mon Aug 01 13:15:59 +0800 2022,OishiJia,https://weibo.com//u/1448866493,把自己和大白鲨的尸体摆在一起拍照就很奇怪,1,0
,4797641957573702,Mon Aug 01 13:07:20 +0800 2022,龙化石,https://weibo.com//u/1885583764,无知者无惧,0,0
,4797638107202529,Mon Aug 01 12:52:03 +0800 2022,LaYui-,https://weibo.com//u/2417363932,一个人害了全家，可太刑了,0,0
,4797637398105990,Mon Aug 01 12:49:14 +0800 2022,青铜时代前进四,https://weibo.com//u/6568395126,唉！最毒妇人心果然不是骗人的，如果你长得好看一点说不定她们会把你骂得更惨，我并不觉得你有它们讲的那么罪大恶极，但你也确实违反了法律，希望你出来以后不要再乱吃东西了,0,0
,4797633396474123,Mon Aug 01 12:33:19 +0800 2022,我就要下车,https://weibo.com//u/2231390883,"我们福州这边很爱喝鲨鱼汤，还把鲨鱼做成鱼丸，想不到是保护动物<img alt=""[汗]"" title=""[汗]"" src=""https://face.t.sinajs.cn/t4/appstyle/expression/ext/normal/28/2018new_han_org.png"" />",0,0
,4797631740775013,Mon Aug 01 12:26:45 +0800 2022,木公老祖,https://weibo.com//u/1845631881,左边打码写着人工养殖可食用,0,0
,4797630737287683,Mon Aug 01 12:22:46 +0800 2022,精分文小妖,https://weibo.com//u/3961867907,我也不知道造了什么孽，看到了一期她弄娃娃鱼的视频，说话做事真的让人有点不适，然后就屏蔽了，煮饭还是要看桃子姐，家常菜它不香么？,0,0
,4797629965277284,Mon Aug 01 12:19:42 +0800 2022,奶一个上文广Rebecca,https://weibo.com//u/1891348284,这人还没被封杀？？ 光看看转发的图和视频都好恶心,0,0
,4797629953737946,Mon Aug 01 12:19:39 +0800 2022,悦享意境,https://weibo.com//u/6164969174,像地方高官一样偷偷吃不好吗，还要拍视频宣传,1,0
,4797628820491655,Mon Aug 01 12:15:09 +0800 2022,FoREvEr-DEER,https://weibo.com//u/2304764481,可以诛九族么,0,0
,4797628694927632,Mon Aug 01 12:14:39 +0800 2022,一颗西红柿诶,https://weibo.com//u/7184049010,"救命🆘啊，我好想yue<img alt=""[衰]"" title=""[衰]"" src=""https://face.t.sinajs.cn/t4/appstyle/expression/ext/normal/a2/2018new_shuai_org.png"" /><img alt=""[衰]"" title=""[衰]"" src=""https://face.t.sinajs.cn/t4/appstyle/expression/ext/normal/a2/2018new_shuai_org.png"" /><img alt=""[衰]"" title=""[衰]"" src=""https://face.t.sinajs.cn/t4/appstyle/expression/ext/normal/a2/2018new_shuai_org.png"" /><img alt=""[衰]"" title=""[衰]"" src=""https://face.t.sinajs.cn/t4/appstyle/expression/ext/normal/a2/2018new_shuai_org.png"" />",0,0
,4797628275758875,Mon Aug 01 12:12:59 +0800 2022,退休的赵会长,https://weibo.com//u/2097379691,肯定知道啊，不知道是什么的话敢吃吗,0,0
,4797626988629359,Mon Aug 01 12:07:52 +0800 2022,WYSIWYD,https://weibo.com//u/5424719310,纯纯有病,0,0
,4797626631329519,Mon Aug 01 12:06:27 +0800 2022,Willow42,https://weibo.com//u/6868948014,<a href=/n/CharmJS>@CharmJS</a>,0,0
,4797625541068224,Mon Aug 01 12:02:06 +0800 2022,电竞耻辱假赛队一百万在线买新皮,https://weibo.com//u/7481656362,这名就像日本婆娘,1,0
,4797623813541749,Mon Aug 01 11:55:15 +0800 2022,咿呀咦呦喂w25,https://weibo.com//u/5605093589,"噬人鲨也没想过这辈子还能被人食<img alt=""[哆啦A梦害怕]"" title=""[哆啦A梦害怕]"" src=""https://face.t.sinajs.cn/t4/appstyle/expression/ext/normal/c7/dorahaipa_org.gif"" />",1,0
,4797619430228716,Mon Aug 01 11:37:49 +0800 2022,我是一个蠢蠢的逗比,https://weibo.com//u/5132113380,"这有啥呀，网红为了火可以连命都不要，判个刑又有啥害怕的<img alt=""[doge]"" title=""[doge]"" src=""https://face.t.sinajs.cn/t4/appstyle/expression/ext/normal/a1/2018new_doge02_org.png"" />",4,0
,4797616385165608,Mon Aug 01 11:25:44 +0800 2022,恩善堂,https://weibo.com//u/7771219979,妈呀。卖给她大白鲨的也要一并查了,2,0
,4797614628017168,Mon Aug 01 11:18:45 +0800 2022,too痘,https://weibo.com//u/3029931791,某手全是低俗,3,0
,4798468637335243,Wed Aug 03 19:52:17 +0800 2022,爱吃青椒爱睡觉的小明,https://weibo.com//u/3686891627,"普通人正常渠道买到的食品，还要查一查，行，小编好回路。<img alt=""[二哈]"" title=""[二哈]"" src=""https://face.t.sinajs.cn/t4/appstyle/expression/ext/normal/22/2018new_erha_org.png"" />",0,0
,4798161774186350,Tue Aug 02 23:32:55 +0800 2022,鼒憂,https://weibo.com//u/7386543555,"<img alt=""[傻眼]"" title=""[傻眼]"" src=""https://face.t.sinajs.cn/t4/appstyle/expression/ext/normal/dd/2018new_shayan_org.png"" />",1,0
,4798125896371027,Tue Aug 02 21:10:21 +0800 2022,8rapper,https://weibo.com//u/6607177863,芜湖芭比q了,0,0
,4798121982566108,Tue Aug 02 20:54:48 +0800 2022,热闭嘴透明,https://weibo.com//u/6319474944,南方沿海地区到处都有卖鲨鱼制品！！！！,0,0
,4798118317265965,Tue Aug 02 20:40:14 +0800 2022,做一个快乐的小小妮恩,https://weibo.com//u/6797861169,"怎么还没封杀她<img alt=""[苦涩]"" title=""[苦涩]"" src=""https://face.t.sinajs.cn/t4/appstyle/expression/ext/normal/7e/2021_bitter_org.png"" />",0,0
,4798098339010564,Tue Aug 02 19:20:51 +0800 2022,应婉仪的日常,https://weibo.com//u/5864128915,没必要遮脸了，脸早就丢完了,0,0
,4797993792833774,Tue Aug 02 12:25:25 +0800 2022,普罗米修斯的米,https://weibo.com//u/1662223711,一家子没文化法盲,0,0
,4797992668762592,Tue Aug 02 12:20:57 +0800 2022,子游_0,https://weibo.com//u/5417540402,是不是快手上的,0,0
,4797982526407893,Tue Aug 02 11:40:38 +0800 2022,不言yyx,https://weibo.com//u/5926727339,太恶心了,0,0
,4797965895470288,Tue Aug 02 10:34:33 +0800 2022,不加糖小甜兔,https://weibo.com//u/7375410235,转发微博,0,0
,4797963584930357,Tue Aug 02 10:25:22 +0800 2022,大猫猫166,https://weibo.com//u/1449545200,平台不设卡是不是也得问责,0,0
,4797951362203797,Tue Aug 02 09:36:48 +0800 2022,毒舌张脑丝,https://weibo.com//u/6303050449,可以出一期，国家保护动物植物名列，给我们也科普一下！,0,0
,4797948573254301,Tue Aug 02 09:25:43 +0800 2022,温岭魅友云飞扬,https://weibo.com//u/7041959170,要进小黑屋无疑了,0,0
,4797942211283644,Tue Aug 02 09:00:27 +0800 2022,大猴仔吉祥,https://weibo.com//u/5066861995,"这样的主播有多少封多少…低俗…无下限…拿着无知当个性…太可怕…<img alt=""[哆啦A梦害怕]"" title=""[哆啦A梦害怕]"" src=""https://face.t.sinajs.cn/t4/appstyle/expression/ext/normal/c7/dorahaipa_org.gif"" /><img alt=""[哆啦A梦害怕]"" title=""[哆啦A梦害怕]"" src=""https://face.t.sinajs.cn/t4/appstyle/expression/ext/normal/c7/dorahaipa_org.gif"" /><img alt=""[哆啦A梦害怕]"" title=""[哆啦A梦害怕]"" src=""https://face.t.sinajs.cn/t4/appstyle/expression/ext/normal/c7/dorahaipa_org.gif"" />",1,0
,4797940009275392,Tue Aug 02 08:51:42 +0800 2022,商栗子,https://weibo.com//u/3047721507,恶心,0,0
,4797916081030400,Tue Aug 02 07:16:37 +0800 2022,_NUM_51120,https://weibo.com//u/6420621927,吃个鱼而已，不至于,0,0
,4797912339710823,Tue Aug 02 07:01:45 +0800 2022,6奶奶和刘奶奶,https://weibo.com//u/1044873281,没文化真可怕！,0,0
,4797906291262056,Tue Aug 02 06:37:43 +0800 2022,一朵奶油小面包,https://weibo.com//u/3890249242,啧,0,0
,4797879489658891,Tue Aug 02 04:51:12 +0800 2022,我是老王01,https://weibo.com//u/1648060003,"<img alt=""[doge]"" title=""[doge]"" src=""https://face.t.sinajs.cn/t4/appstyle/expression/ext/normal/a1/2018new_doge02_org.png"" />",0,0
,4797855842173020,Tue Aug 02 03:17:14 +0800 2022,黄DAVVVE,https://weibo.com//u/2019375200,"必须全网公开道歉！！！！这个视频不知影响了多少人！<img alt=""[怒骂]"" title=""[怒骂]"" src=""https://face.t.sinajs.cn/t4/appstyle/expression/ext/normal/87/2018new_zhouma_org.png"" /><img alt=""[怒骂]"" title=""[怒骂]"" src=""https://face.t.sinajs.cn/t4/appstyle/expression/ext/normal/87/2018new_zhouma_org.png"" /><img alt=""[怒骂]"" title=""[怒骂]"" src=""https://face.t.sinajs.cn/t4/appstyle/expression/ext/normal/87/2018new_zhouma_org.png"" /><img alt=""[怒骂]"" title=""[怒骂]"" src=""https://face.t.sinajs.cn/t4/appstyle/expression/ext/normal/87/2018new_zhouma_org.png"" />",0,0
,4797851911586186,Tue Aug 02 03:01:38 +0800 2022,Empres旧,https://weibo.com//u/1984874760,1,0,0
,4797828947511624,Tue Aug 02 01:30:23 +0800 2022,w世间哪有真情再,https://weibo.com//u/7678163732,网络平台应该严查！什么都能上平台,0,0
,4797825721830032,Tue Aug 02 01:17:34 +0800 2022,micup机器人,https://weibo.com//u/6447315805,我就想知道坐几年,0,0
,4797814544794397,Tue Aug 02 00:33:09 +0800 2022,清泉泠泠,https://weibo.com//u/7732973007,这么小的鲨鱼，作孽啊,0,0
,4797813692567080,Tue Aug 02 00:29:46 +0800 2022,maybewithout,https://weibo.com//u/5210045851,"咋抓到的？或者咋买到的？<img alt=""[允悲]"" title=""[允悲]"" src=""https://face.t.sinajs.cn/t4/appstyle/expression/ext/normal/83/2018new_kuxiao_org.png"" />",0,0
,4797812879135001,Tue Aug 02 00:26:32 +0800 2022,黄莹姐,https://weibo.com//u/3208475525,无知无法,0,0
,4797799424590815,Mon Aug 01 23:33:03 +0800 2022,priestly求上岸,https://weibo.com//u/6245502038,"为了红什么都吃啊<img alt=""[允悲]"" title=""[允悲]"" src=""https://face.t.sinajs.cn/t4/appstyle/expression/ext/normal/83/2018new_kuxiao_org.png"" />",0,0
,4797794059027572,Mon Aug 01 23:11:44 +0800 2022,苯密年魔赞,https://weibo.com//u/6352041014,"这种女的不能要，半夜把老公鸡蛋一窝端了都有可能<img alt=""[doge]"" title=""[doge]"" src=""https://face.t.sinajs.cn/t4/appstyle/expression/ext/normal/a1/2018new_doge02_org.png"" />",0,0
,4797787495467886,Mon Aug 01 22:45:40 +0800 2022,Love臭屁妞,https://weibo.com//u/1219694660,"<img alt=""[黑线]"" title=""[黑线]"" src=""https://face.t.sinajs.cn/t4/appstyle/expression/ext/normal/a3/2018new_heixian_org.png"" />",0,0
,4797783191587000,Mon Aug 01 22:28:33 +0800 2022,陪香香一起长大,https://weibo.com//u/7426616485,有点想吐,0,0
,4797779563516636,Mon Aug 01 22:14:09 +0800 2022,理想de颜是车银优,https://weibo.com//u/6201533153,"这玩艺长得就不像阳间玩艺，哪个男人要是取了她怕是要被吃掉<img alt=""[生病]"" title=""[生病]"" src=""https://face.t.sinajs.cn/t4/appstyle/expression/ext/normal/3b/2018new_shengbing_org.png"" /><img alt=""[生病]"" title=""[生病]"" src=""https://face.t.sinajs.cn/t4/appstyle/expression/ext/normal/3b/2018new_shengbing_org.png"" />",0,0
,4797776761980600,Mon Aug 01 22:03:00 +0800 2022,慕泽5551795752,https://weibo.com//u/5551795752,活该，应该把这些监管部门烤了，如果稍微监管，直接封号，也不会这样。现在但凡是个人，哪个手机就直播，直播内容没有一点监管，这平台应该封了,0,0
,4797761935902048,Mon Aug 01 21:04:05 +0800 2022,抓根宝蹦雪山,https://weibo.com//u/5633977564,不是 着女孩上次视频还有个大娃娃鱼 也是说人工养殖的。惊到我了,0,0
,4797759712922215,Mon Aug 01 20:55:16 +0800 2022,张7野,https://weibo.com//u/6351531743,可是鲨鱼不好吃啊,0,0
,4797610709486467,Mon Aug 01 11:03:10 +0800 2022,少女们,https://weibo.com//u/1632004934,别拿无知当理由！,403,14
4797610709486467.0,4797630569517151,Mon Aug 01 12:22:06 +0800 2022,JackieWZZ,https://weibo.com//u/5248035919,"问题是怎么可能有人不认识大白鲨<img alt=""[允悲]"" title=""[允悲]"" src=""https://face.t.sinajs.cn/t4/appstyle/expression/ext/normal/83/2018new_kuxiao_org.png"" /><img alt=""[允悲]"" title=""[允悲]"" src=""https://face.t.sinajs.cn/t4/appstyle/expression/ext/normal/83/2018new_kuxiao_org.png"" />所以这也没理由说自己是无知吧<img alt=""[允悲]"" title=""[允悲]"" src=""https://face.t.sinajs.cn/t4/appstyle/expression/ext/normal/83/2018new_kuxiao_org.png"" /><img alt=""[允悲]"" title=""[允悲]"" src=""https://face.t.sinajs.cn/t4/appstyle/expression/ext/normal/83/2018new_kuxiao_org.png"" />",8,0
4797610709486467.0,4798057999501501,Tue Aug 02 16:40:33 +0800 2022,JackieWZZ,https://weibo.com//u/5248035919,回复<a href=/n/草莓味的吴豆芽>@草莓味的吴豆芽</a>:嗯，这个确实，我说的可能有些主观了，但实际上都应该看过没有买卖就没有杀害的公益广告什么的，可不可以杀，可不可以吃自己应该有个基本判断，做了之后要承担什么后果。,0,0
4797610709486467.0,4798057244526982,Tue Aug 02 16:37:33 +0800 2022,JackieWZZ,https://weibo.com//u/5248035919,"回复<a href=/n/Fionax蘐>@Fionax蘐</a>:是我可能说的太主观了<img alt=""[允悲]"" title=""[允悲]"" src=""https://face.t.sinajs.cn/t4/appstyle/expression/ext/normal/83/2018new_kuxiao_org.png"" /><img alt=""[允悲]"" title=""[允悲]"" src=""https://face.t.sinajs.cn/t4/appstyle/expression/ext/normal/83/2018new_kuxiao_org.png"" />",0,0
4797610709486467.0,4798057106118770,Tue Aug 02 16:37:00 +0800 2022,JackieWZZ,https://weibo.com//u/5248035919,"回复<a href=/n/吕木同>@吕木同</a>:嗯，这个确实是我的主观想法了，那也确实是，不过大白鲨辨识度很高感觉，而且正常人也不大可能去搞鲨鱼<img alt=""[允悲]"" title=""[允悲]"" src=""https://face.t.sinajs.cn/t4/appstyle/expression/ext/normal/83/2018new_kuxiao_org.png"" /><img alt=""[允悲]"" title=""[允悲]"" src=""https://face.t.sinajs.cn/t4/appstyle/expression/ext/normal/83/2018new_kuxiao_org.png"" />",0,0
4797610709486467.0,4797990794170115,Tue Aug 02 12:13:30 +0800 2022,Fionax蘐,https://weibo.com//u/6394449208,"回复<a href=/n/JackieWZZ>@JackieWZZ</a>:啊这 我就不认识。。<img alt=""[泪]"" title=""[泪]"" src=""https://face.t.sinajs.cn/t4/appstyle/expression/ext/normal/6e/2018new_leimu_org.png"" />",0,0
4797610709486467.0,4797976230238577,Tue Aug 02 11:15:38 +0800 2022,草莓味的吴豆芽,https://weibo.com//u/5713701445,"回复<a href=/n/电信周光胜>@电信周光胜</a>:你这就硬说呗<img alt=""[疑问]"" title=""[疑问]"" src=""https://face.t.sinajs.cn/t4/appstyle/expression/ext/normal/b8/2018new_ningwen_org.png"" />我们说的是 不是所有人都认识大白鲨这个问题，你为什么给代入到这个事中<img alt=""[疑问]"" title=""[疑问]"" src=""https://face.t.sinajs.cn/t4/appstyle/expression/ext/normal/b8/2018new_ningwen_org.png"" />",0,0
4797610709486467.0,4797936590129158,Tue Aug 02 08:38:06 +0800 2022,Wozyyyy,https://weibo.com//u/6713646829,回复<a href=/n/JackieWZZ>@JackieWZZ</a>:怎么说呢 我觉得就这种网红的见识 可能真的不认识不知道一些基本常识,0,0
4797610709486467.0,4797934728382586,Tue Aug 02 08:30:43 +0800 2022,电信周光胜,https://weibo.com//u/7676295668,回复<a href=/n/吕木同>@吕木同</a>:这种的百度扫扫不会？,1,0
4797610709486467.0,4797928680723288,Tue Aug 02 08:06:41 +0800 2022,吕木同,https://weibo.com//u/7513113421,回复<a href=/n/JackieWZZ>@JackieWZZ</a>:没有给她洗地的意思，但是你为什么会觉得所有人都认识大白鲨啊……首先并不是所有人都看过相关电影，其次非专业人士也并不能保证轻易分辨大白鲨和其他品种的人工养殖鲨鱼啊,3,0
4797610709486467.0,4797849008865540,Tue Aug 02 02:50:05 +0800 2022,草莓味的吴豆芽,https://weibo.com//u/5713701445,"回复<a href=/n/JackieWZZ>@JackieWZZ</a>:非常疑惑你这绝对性的语言是怎么说出来的<img alt=""[疑问]"" title=""[疑问]"" src=""https://face.t.sinajs.cn/t4/appstyle/expression/ext/normal/b8/2018new_ningwen_org.png"" />尊重差异不行？非要引战是吧？说话前请三思。",1,0
4797610709486467.0,4797848691147238,Tue Aug 02 02:48:50 +0800 2022,草莓味的吴豆芽,https://weibo.com//u/5713701445,回复<a href=/n/JackieWZZ>@JackieWZZ</a>:非杠（与此事件无关），这话说的太绝对了吧…我就不认识啊……它和生活有什么关联吗？为什么一定要认识大白鲨…,1,0
4797610709486467.0,4797829312938765,Tue Aug 02 01:31:50 +0800 2022,二次元-齐娜,https://weibo.com//u/5925427681,回复<a href=/n/JackieWZZ>@JackieWZZ</a>:怎么可能不认识，大白鲨可是拍了很多电影的,1,0
4797610709486467.0,4797631932928648,Mon Aug 01 12:27:31 +0800 2022,城南花已开ax,https://weibo.com//u/5150155135,"回复<a href=/n/JackieWZZ>@JackieWZZ</a>:可能有人不认识大白鲨，但有人给她科普了还在狡辩装无知就不太行了<img alt=""[doge]"" title=""[doge]"" src=""https://face.t.sinajs.cn/t4/appstyle/expression/ext/normal/a1/2018new_doge02_org.png"" />",19,0
,4797622185887500,Mon Aug 01 11:48:46 +0800 2022,zd_yerduA_uiL,https://weibo.com//u/2754226751,为什么要给她打码？不应该给保护动物打码吗,216,6
4797622185887500.0,4797631212291236,Mon Aug 01 12:24:39 +0800 2022,化学真不算,https://weibo.com//u/7761862459,犯罪嫌疑人是具有隐私权的，只有法院判决后成为罪犯才🉑,18,0
4797622185887500.0,4797628187153729,Mon Aug 01 12:12:38 +0800 2022,蓝若云曦,https://weibo.com//u/1763625921,保护动物打码干嘛，应该好好宣传，都别捕都别吃,18,0
4797622185887500.0,4797718930658934,Mon Aug 01 18:13:13 +0800 2022,繎絻,https://weibo.com//u/7496199227,"回复<a href=/n/咸甜甜栗子>@咸甜甜栗子</a>:“你跟她一样无知”这话挺有歧义吧？<img alt=""[开学季]"" title=""[开学季]"" src=""https://face.t.sinajs.cn/t4/appstyle/expression/ext/normal/72/2021_kaixueji_org.png"" />",2,0
4797622185887500.0,4797693975074343,Mon Aug 01 16:34:03 +0800 2022,周围的岛,https://weibo.com//u/5994982634,回复<a href=/n/咸甜甜栗子>@咸甜甜栗子</a>:我寻思照片不是她自己发上来的？姐妹你真的很过激 是更年期了吗 人家明显就是调侃看不出来？ 是你也得多读书 回去找你小学语文老师补课吧,3,0
4797622185887500.0,4797659267727527,Mon Aug 01 14:16:07 +0800 2022,zd_yerduA_uiL,https://weibo.com//u/2754226751,"回复<a href=/n/咸甜甜栗子>@咸甜甜栗子</a>:1.要反驳不赞同，可以像别人一样拿点证据来解释，哪里不对欢迎探讨，合理的点我全盘接受。2.能跟我比比去年读了哪些类目以及多少书吗？领域跟我不同的话我愿意倾听别人的意见和想法。3.你认为谁该打码谁不该你说清楚呗，别像她亲妈一样是骂着你闺女了？<img alt=""[挤眼]"" title=""[挤眼]"" src=""https://face.t.sinajs.cn/t4/appstyle/expression/ext/normal/43/2018new_jiyan_org.png"" />",3,0
4797622185887500.0,4797653340394255,Mon Aug 01 13:52:35 +0800 2022,鹏城小李飞飞,https://weibo.com//u/1818425893,回复<a href=/n/咸甜甜栗子>@咸甜甜栗子</a>:她这种网红，直播是公众人物，确实不用打码。,4,0
,4797626735658561,Mon Aug 01 12:06:52 +0800 2022,想要三日月手办,https://weibo.com//u/2160464142,好想吐啊.她最后抱着鲨鱼尾巴啃咬的样子有点吓人...,198,12
4797626735658561.0,4797680381330843,Mon Aug 01 15:40:01 +0800 2022,六月份晾衣服,https://weibo.com//u/7585692058,狂野萌妹，很戳本土国男xp的...,26,0
4797626735658561.0,4797635897328388,Mon Aug 01 12:43:15 +0800 2022,山海平懒得平,https://weibo.com//u/6289057119,看了感觉非常不适，甚至瘆人[泪],21,0
4797626735658561.0,4797991363547738,Tue Aug 02 12:15:46 +0800 2022,六月份晾衣服,https://weibo.com//u/7585692058,回复 <a href=/n/N_Watson>@N_Watson</a>:嗯嗯呢[泪]打中你了吗[泪][泪][泪],0,0
4797626735658561.0,4797991276511962,Tue Aug 02 12:15:24 +0800 2022,六月份晾衣服,https://weibo.com//u/7585692058,回复 <a href=/n/猎杀阿瑶>@猎杀阿瑶</a>:反弹捏[哇][哇][哇],0,0
4797626735658561.0,4797991187911853,Tue Aug 02 12:15:03 +0800 2022,六月份晾衣服,https://weibo.com//u/7585692058,回复 <a href=/n/歌田匕力儿>@歌田匕力儿</a>:？是你吧,0,0
4797626735658561.0,4797818067223262,Tue Aug 02 00:47:08 +0800 2022,歌田匕力儿,https://weibo.com//u/6348111299,回复 <a href=/n/六月份晾衣服>@六月份晾衣服</a>:你这种反串侮辱女权的没完没了了。,3,0
4797626735658561.0,4797788820608520,Mon Aug 01 22:50:56 +0800 2022,N_Watson,https://weibo.com//u/5854302867,回复<a href=/n/六月份晾衣服>@六月份晾衣服</a>:这突如其来的一拳我确实妹想到[哆啦A梦害怕],5,0
4797626735658561.0,4797727647465945,Mon Aug 01 18:47:50 +0800 2022,可爱的屿儿,https://weibo.com//u/6620374794,有点像丧尸,6,0
,4797627906656267,Mon Aug 01 12:11:31 +0800 2022,Barbara123_6359,https://weibo.com//u/5471131395,无知，恶俗，无下限的吃播必须全面叫停!,114,2
4797627906656267.0,4797635830219680,Mon Aug 01 12:42:59 +0800 2022,我是南京五月,https://weibo.com//u/2934264803,还浪费粮食 损坏健康 真的是有百害无一利,4,0
4797627906656267.0,4797913400869753,Tue Aug 02 07:05:58 +0800 2022,闪闪发光的跳跳,https://weibo.com//u/1915640267,说的没错，我看了很多吃播视频，大多都是疯狂吸入，大口吞食，大胃王，听闻为了保持身材还很多催吐的，这种不应该禁播吗？有多少人饭都吃不上，简直无下限。,1,0
,4797623829009363,Mon Aug 01 11:55:19 +0800 2022,游戏玩家圆滚滚,https://weibo.com//u/2097395173,吃鲨鱼你真行，吃鲨鱼你真刑！,85,7
4797623829009363.0,4797660903252241,Mon Aug 01 14:22:38 +0800 2022,瑶绥,https://weibo.com//u/5968547837,最主要的应该是从源头上打击这些犯罪行为,0,0
4797623829009363.0,4797651289380190,Mon Aug 01 13:44:26 +0800 2022,被困于无风处,https://weibo.com//u/5874531888,真是为了红无底线,1,0
4797623829009363.0,4797643647092002,Mon Aug 01 13:14:04 +0800 2022,小枝_r,https://weibo.com//u/6097859728,"咋想着吃这呢<img alt=""[融化]"" title=""[融化]"" src=""https://face.t.sinajs.cn/t4/appstyle/expression/ext/normal/53/2022_melt_org.png"" /><img alt=""[融化]"" title=""[融化]"" src=""https://face.t.sinajs.cn/t4/appstyle/expression/ext/normal/53/2022_melt_org.png"" />太邢了",1,0
4797623829009363.0,4797823805295098,Tue Aug 02 01:09:57 +0800 2022,这起名也太难辣,https://weibo.com//u/6126245538,我去,0,0
4797623829009363.0,4797768202455588,Mon Aug 01 21:29:00 +0800 2022,川落入屿,https://weibo.com//u/7435141624,太刑了,0,0
4797623829009363.0,4797694923247675,Mon Aug 01 16:37:49 +0800 2022,lucky皖姚,https://weibo.com//u/5579668764,太刑了,0,0
4797623829009363.0,4797652505725746,Mon Aug 01 13:49:16 +0800 2022,海浪哇,https://weibo.com//u/7392535326,离谱,1,0
,4797627863928516,Mon Aug 01 12:11:20 +0800 2022,粢飯貓,https://weibo.com//u/1721427692,请国家加大对网络主播的监管，真的越来越没底线了。,44,0
,4797619261413429,Mon Aug 01 11:37:10 +0800 2022,斯嗒瑞睿,https://weibo.com//u/7458445978,越来越离谱了我说,66,1
4797619261413429.0,4797695955307211,Mon Aug 01 16:41:55 +0800 2022,野性小阿星,https://weibo.com//u/7497903997,"可能会吃ren<img alt=""[衰]"" title=""[衰]"" src=""https://face.t.sinajs.cn/t4/appstyle/expression/ext/normal/a2/2018new_shuai_org.png"" />",0,0
,4797626651772398,Mon Aug 01 12:06:31 +0800 2022,杰希_Jesse,https://weibo.com//u/5706384034,"低级趣味<img alt=""[吐]"" title=""[吐]"" src=""https://face.t.sinajs.cn/t4/appstyle/expression/ext/normal/08/2018new_tu_org.png"" /><img alt=""[吐]"" title=""[吐]"" src=""https://face.t.sinajs.cn/t4/appstyle/expression/ext/normal/08/2018new_tu_org.png"" /><img alt=""[吐]"" title=""[吐]"" src=""https://face.t.sinajs.cn/t4/appstyle/expression/ext/normal/08/2018new_tu_org.png"" />",40,0
,4797626119359837,Mon Aug 01 12:04:25 +0800 2022,Devilxxpa,https://weibo.com//u/1715833263,現在年輕人就想做網紅 真的教壞人啊,28,0
,4797627944143724,Mon Aug 01 12:11:40 +0800 2022,Faaaaakir,https://weibo.com//u/1764071705,人的这些低俗欲望能毁灭一切,12,0
,4797671203670438,Mon Aug 01 15:03:34 +0800 2022,多一点幸运123,https://weibo.com//u/6177977582,买卖同罪,4,0
,4797639662502243,Mon Aug 01 12:58:13 +0800 2022,翀翀zac,https://weibo.com//u/1357448125,还有一点，惩罚力度会否过于轻了,4,0
,4797623851288504,Mon Aug 01 11:55:24 +0800 2022,刘维家的小宝,https://weibo.com//u/2448139645,真是垃圾中的战斗机，吃播不能吃点正常的嘛,11,0
,4797619954780023,Mon Aug 01 11:39:55 +0800 2022,遗忘h22,https://weibo.com//u/5341364180,玖富非法集资，玖富今天还钱了吗？没有 ​​​,4,0
,4797619879023792,Mon Aug 01 11:39:37 +0800 2022,郭家一级保护废物,https://weibo.com//u/6065767432,"野食小哥的视频我还在看<img alt=""[笑cry]"" title=""[笑cry]"" src=""https://face.t.sinajs.cn/t4/appstyle/expression/ext/normal/4a/2018new_xiaoku_thumb.png"" />",1,0
,4797738392751863,Mon Aug 01 19:30:33 +0800 2022,路one,https://weibo.com//u/1843020655,"吃播不要老想着吃稀奇古怪的搏流量，真要拼命卷，吃💩的点击率绝对比吃野生动物高<img alt=""[允悲]"" title=""[允悲]"" src=""https://face.t.sinajs.cn/t4/appstyle/expression/ext/normal/83/2018new_kuxiao_org.png"" />",5,1
4797738392751863.0,4797772647895681,Mon Aug 01 21:46:40 +0800 2022,柠柠星星星,https://weibo.com//u/6193629730,"你真不该只有我这一个赞<img alt=""[笑cry]"" title=""[笑cry]"" src=""https://face.t.sinajs.cn/t4/appstyle/expression/ext/normal/4a/2018new_xiaoku_thumb.png"" />",0,0
,4797619631296538,Mon Aug 01 11:38:38 +0800 2022,用户春夏秋dong,https://weibo.com//u/5897686748,天知地知弱者无能为力！,3,0
,4797725151068769,Mon Aug 01 18:37:55 +0800 2022,WellZ_鄭偉,https://weibo.com//u/2094483063,这个可能真的是无知，要不然不会主动送人头的,1,0
,4797721742151692,Mon Aug 01 18:24:23 +0800 2022,冝游魂,https://weibo.com//u/5716355917,吃了几口会不会被抓？,0,0
,4797720261563900,Mon Aug 01 18:18:30 +0800 2022,爱吃辣味的华夫饼_,https://weibo.com//u/5667538673,活该,0,0
,4797694931635622,Mon Aug 01 16:37:51 +0800 2022,胖闪闪惹人爱,https://weibo.com//u/1803908125,想想韩国那个上综艺，在泰国是吃了保护动物还是什么，就地坐牢，她也不知道甚至还是节目组安排的，这个就有点明知故犯了吧,1,0
,4797692033630507,Mon Aug 01 16:26:19 +0800 2022,庆阳市第二精神病院陈主任,https://weibo.com//u/6469876483,吃点正常人吃的东西行吗…,0,0
,4797673888285037,Mon Aug 01 15:14:13 +0800 2022,狐萝卜兔乖乖,https://weibo.com//u/7458484344,太可悲了，小动物们很可怜。,0,0
,4797663181013804,Mon Aug 01 14:31:40 +0800 2022,幸福小吃货313,https://weibo.com//u/2173911391,转发微博,0,0
,4797654212543915,Mon Aug 01 13:56:02 +0800 2022,夜妆hico,https://weibo.com//u/1444511975,"<img alt=""[黑线]"" title=""[黑线]"" src=""https://face.t.sinajs.cn/t4/appstyle/expression/ext/normal/a3/2018new_heixian_org.png"" /><img alt=""[黑线]"" title=""[黑线]"" src=""https://face.t.sinajs.cn/t4/appstyle/expression/ext/normal/a3/2018new_heixian_org.png"" /><img alt=""[黑线]"" title=""[黑线]"" src=""https://face.t.sinajs.cn/t4/appstyle/expression/ext/normal/a3/2018new_heixian_org.png"" />",0,0
,4797648790095870,Mon Aug 01 13:34:30 +0800 2022,夏目友人帐90,https://weibo.com//u/5345449709,刑啊！很刑！很可拷！,1,0
,4797647091666009,Mon Aug 01 13:27:45 +0800 2022,洛阳牡丹欲采撷,https://weibo.com//u/7606446061,"别拿无知当借口<img alt=""[晕]"" title=""[晕]"" src=""https://face.t.sinajs.cn/t4/appstyle/expression/ext/normal/07/2018new_yun_org.png"" />",1,0
,4797642632335051,Mon Aug 01 13:10:02 +0800 2022,飞山越海的小马甲,https://weibo.com//u/2611044975,这次吃鲨鱼，下次吃人了。噬人鲨都能吃我也是醉了。,0,0
,4797634777454710,Mon Aug 01 12:38:49 +0800 2022,KevinSS2009,https://weibo.com//u/1076400074,坐等判刑,0,0
,4797633467519616,Mon Aug 01 12:33:37 +0800 2022,Berlin_iRacing,https://weibo.com//u/1839759935,"能买来就算是合法渠道的话，emmm<img alt=""[doge]"" title=""[doge]"" src=""https://face.t.sinajs.cn/t4/appstyle/expression/ext/normal/a1/2018new_doge02_org.png"" />",1,0
,4797630217192381,Mon Aug 01 12:20:41 +0800 2022,就这么简单-Ling,https://weibo.com//u/1846997151,整改一下这些平台吧,1,0
,4797639440209586,Mon Aug 01 12:57:21 +0800 2022,天凉好个啊啾啾啾,https://weibo.com//u/2682188773,"吃鲨鱼是我没想到的！我以为鲨鱼只能吃鱼翅，因为看到好多新闻鲨鱼被割掉鳍然后扔掉的。往生上说有一种小鲨鱼是可以吃的，这是我所了解的。<img alt=""[doge]"" title=""[doge]"" src=""https://face.t.sinajs.cn/t4/appstyle/expression/ext/normal/a1/2018new_doge02_org.png"" />",1,0
,4797631149117362,Mon Aug 01 12:24:24 +0800 2022,iclaireu,https://weibo.com//u/1765851634,没下线 为了红真的啥事都干得出啊,0,0
,4797637016423163,Mon Aug 01 12:47:43 +0800 2022,PeakGymnast,https://weibo.com//u/3236275401,"希望下次躺在地上被宰的是她，而不是那些濒危动物和保护动物<img alt=""[单身狗]"" title=""[单身狗]"" src=""https://face.t.sinajs.cn/t4/appstyle/expression/ext/normal/20/2021_alongdog_org.png"" /><img alt=""[单身狗]"" title=""[单身狗]"" src=""https://face.t.sinajs.cn/t4/appstyle/expression/ext/normal/20/2021_alongdog_org.png"" />",1,0
,4797627914786215,Mon Aug 01 12:11:33 +0800 2022,-Abinlo-,https://weibo.com//u/2808146341,再不抓起来她该吃人肉了，该把人肉搞锅里头了，她那吃相像极了丧尸，恐怖,3,0
,4797625959712571,Mon Aug 01 12:03:47 +0800 2022,口不择言嘻嘻,https://weibo.com//u/5268046757,最可怕的是人心！,2,0
,4797708945066184,Mon Aug 01 17:33:32 +0800 2022,吾悟捂WU,https://weibo.com//u/6627082395,唉，网络乱象真是层出不穷,0,0
,4797701121905074,Mon Aug 01 17:02:27 +0800 2022,改什么都不用你管,https://weibo.com//u/6753462782,"全家都进去了<img alt=""[偷笑]"" title=""[偷笑]"" src=""https://face.t.sinajs.cn/t4/appstyle/expression/ext/normal/71/2018new_touxiao_org.png"" />",0,0
,4797689088184729,Mon Aug 01 16:14:38 +0800 2022,流氓大烤兔,https://weibo.com//u/5848922814,"据说鲨鱼用皮肤泌尿，皮一起吃不会有味道吗<img alt=""[哆啦A梦害怕]"" title=""[哆啦A梦害怕]"" src=""https://face.t.sinajs.cn/t4/appstyle/expression/ext/normal/c7/dorahaipa_org.gif"" />",0,0
,4797688333995956,Mon Aug 01 16:11:38 +0800 2022,小菜同学c,https://weibo.com//u/6383512249,坐牢去吧,0,0
,4797687579021280,Mon Aug 01 16:08:38 +0800 2022,大尾巴的木头狐狸,https://weibo.com//u/1757963085,也不知道为什么总有人喜欢追求野味满足猎奇心理，或者觉得野味大补，我在青海湖旁边的饭店吃饭，就听隔壁桌的中年男人在和餐厅服务生讨论湖里的二级保护动物大黄鱼怎么弄来吃。这种人赶紧都灭绝了吧,0,0
,4797683028460277,Mon Aug 01 15:50:32 +0800 2022,南浔独爱旧梦,https://weibo.com//u/6473009266,整治,0,0
,4797679949579471,Mon Aug 01 15:38:18 +0800 2022,时空回溯录,https://weibo.com//u/7352664064,"B站海鲜猎奇up多了去了<img alt=""[doge]"" title=""[doge]"" src=""https://face.t.sinajs.cn/t4/appstyle/expression/ext/normal/a1/2018new_doge02_org.png"" />",0,0
,4797664295911720,Mon Aug 01 14:36:06 +0800 2022,兆思思思思,https://weibo.com//u/2033652433,什么都说是人工饲养的…你也是你爸妈人工饲养的，该吃吃了,2,0
,4797660990540281,Mon Aug 01 14:22:59 +0800 2022,枫丹白露865,https://weibo.com//u/6567518860,平台怎么审核通过的？ 这种平台也该查,1,0
,4797660832207217,Mon Aug 01 14:22:21 +0800 2022,枫丹白露865,https://weibo.com//u/6567518860,为了博流量不择手段！,0,0
,4797653093454258,Mon Aug 01 13:51:36 +0800 2022,鹏城小李飞飞,https://weibo.com//u/1818425893,这种网红也要打码的吗？,1,0
,4797651570659836,Mon Aug 01 13:45:33 +0800 2022,小向超开心,https://weibo.com//u/5578863894,"我只是不懂 每次需要网友提醒这些平台才知道可能违法了 平台在这些视频发布的时候不能查看嘛<img alt=""[衰]"" title=""[衰]"" src=""https://face.t.sinajs.cn/t4/appstyle/expression/ext/normal/a2/2018new_shuai_org.png"" />我之前上传了我侄儿子8个月的视频 可能是不小心漏了他的小jj 就没故意盯着看的话不可能看得出来 视频就被平台封了 咋了吃二级保护动物还需要网友举报？",0,0
,4797651444565489,Mon Aug 01 13:45:02 +0800 2022,石马地里的胖小子,https://weibo.com//u/5588898436,转发微博,0,0
,4797647073837893,Mon Aug 01 13:27:40 +0800 2022,哪天见一面,https://weibo.com//u/5666433168,那就无期吧 看起来她还是比较喜欢吃牢饭,1,0
,4797640754333719,Mon Aug 01 13:02:34 +0800 2022,摇摇晃摇摇晃晃,https://weibo.com//u/5616495933,一起吃的那些人都要进去？,0,0
,4797639336395455,Mon Aug 01 12:56:55 +0800 2022,流浪的小狗子-,https://weibo.com//u/5770494997,把她那一家子全部抓进去,0,0
,4797635577518264,Mon Aug 01 12:42:00 +0800 2022,炸鸡可乐杯呀,https://weibo.com//u/2309378271,所以她怎么买到的呢,0,0
,4797632918063549,Mon Aug 01 12:31:26 +0800 2022,阿紅菇娘,https://weibo.com//u/2054374203,必须严惩，太恶劣了,0,0
,4797632465077442,Mon Aug 01 12:29:38 +0800 2022,路对无惧远,https://weibo.com//u/7580534338,一看就是有钱人，后续可想而知了,0,0
,4797631307713530,Mon Aug 01 12:25:02 +0800 2022,JokerKillYou,https://weibo.com//u/1259955217,必须判刑！期待它判刑的消息！,0,0
,4797630263854631,Mon Aug 01 12:20:52 +0800 2022,红泥小火炉灶,https://weibo.com//u/1719346721,所以一般来说要判几年,0,0
,4797629744287492,Mon Aug 01 12:18:49 +0800 2022,最近没状态,https://weibo.com//u/2945826202,换男的可不得判刑,1,0
,4797629684255877,Mon Aug 01 12:18:35 +0800 2022,BrainDayWhy,https://weibo.com//u/7414961850,"她傻她团队还要傻！<img alt=""[二哈]"" title=""[二哈]"" src=""https://face.t.sinajs.cn/t4/appstyle/expression/ext/normal/22/2018new_erha_org.png"" /><img alt=""[二哈]"" title=""[二哈]"" src=""https://face.t.sinajs.cn/t4/appstyle/expression/ext/normal/22/2018new_erha_org.png"" /><img alt=""[二哈]"" title=""[二哈]"" src=""https://face.t.sinajs.cn/t4/appstyle/expression/ext/normal/22/2018new_erha_org.png"" />",0,0
,4797629227598030,Mon Aug 01 12:16:45 +0800 2022,长情不及久伴XY,https://weibo.com//u/1102349262,还有没有其他博主有类似的行为,0,0
,4797629060350460,Mon Aug 01 12:16:05 +0800 2022,Cloth丶童,https://weibo.com//u/1772696573,拉倒吧，确实并不认识大白鲨？你咋知道她是确实不认识呢？,0,2
4797629060350460.0,4797630742006329,Mon Aug 01 12:22:47 +0800 2022,仙儿kri,https://weibo.com//u/1156677561,"话说普通人认得出大白鲨嘛<img alt=""[哆啦A梦害怕]"" title=""[哆啦A梦害怕]"" src=""https://face.t.sinajs.cn/t4/appstyle/expression/ext/normal/c7/dorahaipa_org.gif"" />",0,0
4797629060350460.0,4797629609544989,Mon Aug 01 12:18:17 +0800 2022,青铜时代前进四,https://weibo.com//u/6568395126,额，如果你认识的话，你会一边吃一边拍视频？,0,0
,4797628930589009,Mon Aug 01 12:15:34 +0800 2022,冲田总悟圈外女友,https://weibo.com//u/5347516398,"之前看到她吃娃娃鱼   恶心死我了<img alt=""[苦涩]"" title=""[苦涩]"" src=""https://face.t.sinajs.cn/t4/appstyle/expression/ext/normal/7e/2021_bitter_org.png"" />",0,0
,4797628368289806,Mon Aug 01 12:13:20 +0800 2022,伦敦东京波西米亚,https://weibo.com//u/7354286535,为了流量没有底线，严惩不贷！！！,0,0
,4797627507671434,Mon Aug 01 12:09:55 +0800 2022,徐某某某厶厶,https://weibo.com//u/7337072722,请重判！,1,0
,4797627440562773,Mon Aug 01 12:09:39 +0800 2022,安妮牙签,https://weibo.com//u/6265449814,看她的本事了,0,0
,4797627339904285,Mon Aug 01 12:09:16 +0800 2022,木糖纯r,https://weibo.com//u/1916458964,还没坐牢吗？,1,0
,4797627252344449,Mon Aug 01 12:08:55 +0800 2022,向羽而歌,https://weibo.com//u/2519632851,向往的生活也抓鲨鱼,0,0
,4797626920471199,Mon Aug 01 12:07:36 +0800 2022,EyyyyyyyyUuuuuuki,https://weibo.com//u/6476578778,"没必要打码，没必要保护这种人的隐私<img alt=""[打call]"" title=""[打call]"" src=""https://face.t.sinajs.cn/t4/appstyle/expression/ext/normal/39/moren_dacall02_org.png"" />",0,0
,4797626383865618,Mon Aug 01 12:05:28 +0800 2022,季逐鸢,https://weibo.com//u/2663854823,"对于过敏一次的人，除了常见肉，海鲜都少吃怕过敏，吃野味的真的不理解，你都不认识就敢吃<img alt=""[黑线]"" title=""[黑线]"" src=""https://face.t.sinajs.cn/t4/appstyle/expression/ext/normal/a3/2018new_heixian_org.png"" />这下刑了",0,0
,4797625939526354,Mon Aug 01 12:03:41 +0800 2022,努力努力向前冲鸭2,https://weibo.com//u/2490229173,还有一个和她风格差不多的，叫什么娜好像，是不一个公司的，感觉风格好像啊,0,2
4797625939526354.0,4797630411183109,Mon Aug 01 12:21:28 +0800 2022,无知无所畏123,https://weibo.com//u/1249124537,"陈一娜，一起吃娃娃鱼的<img alt=""[吃瓜]"" title=""[吃瓜]"" src=""https://face.t.sinajs.cn/t4/appstyle/expression/ext/normal/01/2018new_chigua_org.png"" />",0,0
4797625939526354.0,4797643845539020,Mon Aug 01 13:14:51 +0800 2022,努力努力向前冲鸭2,https://weibo.com//u/2490229173,"回复<a href=/n/无知无所畏123>@无知无所畏123</a>:对对，应该就是<img alt=""[允悲]"" title=""[允悲]"" src=""https://face.t.sinajs.cn/t4/appstyle/expression/ext/normal/83/2018new_kuxiao_org.png"" />，啥都敢吃",0,0
,4797625221516050,Mon Aug 01 12:00:51 +0800 2022,皮皮不吐葡萄籽儿,https://weibo.com//u/7282770193,啥也不是！,0,0
,4797627964594656,Mon Aug 01 12:11:45 +0800 2022,蓝若云曦,https://weibo.com//u/1763625921,"谁会闲的没事吃鲨鱼啊，是不是保护动物不说，一看就不好吃啊<img alt=""[汗]"" title=""[汗]"" src=""https://face.t.sinajs.cn/t4/appstyle/expression/ext/normal/28/2018new_han_org.png"" />",0,0
,4797695388814007,Mon Aug 01 16:39:40 +0800 2022,你看这个名它怎么样,https://weibo.com//u/7396894891,"她躺那儿，脸上还被打上了马赛克，还和大白鲨在一起，真的很像事故打捞现场<img alt=""[允悲]"" title=""[允悲]"" src=""https://face.t.sinajs.cn/t4/appstyle/expression/ext/normal/83/2018new_kuxiao_org.png"" />",0,0
,4797685800635474,Mon Aug 01 16:01:34 +0800 2022,冬天喝热拿铁,https://weibo.com//u/6205542305,"精神小妹<img alt=""[费解]"" title=""[费解]"" src=""https://face.t.sinajs.cn/t4/appstyle/expression/ext/normal/2a/2018new_wenhao_org.png"" /><img alt=""[费解]"" title=""[费解]"" src=""https://face.t.sinajs.cn/t4/appstyle/expression/ext/normal/2a/2018new_wenhao_org.png"" />",0,0
,4797640011941056,Mon Aug 01 12:59:36 +0800 2022,努力活得更纯粹,https://weibo.com//u/2913962353,"只想知道她会被收到怎样的法律制裁<img alt=""[思考]"" title=""[思考]"" src=""https://face.t.sinajs.cn/t4/appstyle/expression/ext/normal/30/2018new_sikao_org.png"" />",0,0
,4797629303883180,Mon Aug 01 12:17:04 +0800 2022,喷子201005,https://weibo.com//u/7739228215,应该打洗,1,0
,4797627948862051,Mon Aug 01 12:11:41 +0800 2022,天下谁人不识君_A,https://weibo.com//u/7159410873,无知？这是明知而为之,0,0
,4797626996233050,Mon Aug 01 12:07:54 +0800 2022,T-660,https://weibo.com//u/7761263515,等提子被抓进监狱吧,0,0
