﻿parent_comment_id,comment_id,comment_time,comment_user_name,comment_user_link,comment_content,comment_like_num,child_comment_num
,4797595849593348,Mon Aug 01 10:04:08 +0800 2022,为你着迷快乐,https://weibo.com//u/2558475464,不管是买还是卖，只要有干就是犯法的,0,0
,4798089632419058,Tue Aug 02 18:46:15 +0800 2022,檬香甜甜哒,https://weibo.com//u/5639450847,脑子锈逗了,0,0
,4797803338141739,Mon Aug 01 23:48:37 +0800 2022,要给我买不二家,https://weibo.com//u/7468258235,"好像脑子不好使<img alt=""[开学季]"" title=""[开学季]"" src=""https://face.t.sinajs.cn/t4/appstyle/expression/ext/normal/72/2021_kaixueji_org.png"" />",0,0
,4797717484406867,Mon Aug 01 18:07:28 +0800 2022,山河旭日升,https://weibo.com//u/3213114717,找shi,0,0
,4797588466827686,Mon Aug 01 09:34:47 +0800 2022,数码界大佬,https://weibo.com//u/2562682662,"无语了<img alt=""[笑cry]"" title=""[笑cry]"" src=""https://face.t.sinajs.cn/t4/appstyle/expression/ext/normal/4a/2018new_xiaoku_thumb.png"" />",0,0
,4797550990722945,Mon Aug 01 07:05:53 +0800 2022,木未晞,https://weibo.com//u/1169891375,网红脑子里都在想什么？,0,1
4797550990722945.0,4797567697682800,Mon Aug 01 08:12:15 +0800 2022,西瓜-wa,https://weibo.com//u/5186533714,流量 💰,0,0
