﻿parent_comment_id,comment_id,comment_time,comment_user_name,comment_user_link,comment_content,comment_like_num,child_comment_num
,4797584356937862,Mon Aug 01 09:18:28 +0800 2022,我是夺笋专业户,https://weibo.com//u/7448638554,"为了赚取热度，就是有部分人喜欢看这种的，以前我还看过有个吃播吃蛋糕，吃着吃着给狗喂了一口，然后就着狗舔过的勺子接着吃<img alt=""[裂开]"" title=""[裂开]"" src=""https://face.t.sinajs.cn/t4/appstyle/expression/ext/normal/1b/202011_liekai_org.png"" />",1,4
4797584356937862.0,4797927773962557,Tue Aug 02 08:03:04 +0800 2022,我是夺笋专业户,https://weibo.com//u/7448638554,"回复<a href=/n/桔子皮二号51129>@桔子皮二号51129</a>:龙虾这个我知道，她还睡粉丝男友？！<img alt=""[傻眼]"" title=""[傻眼]"" src=""https://face.t.sinajs.cn/t4/appstyle/expression/ext/normal/dd/2018new_shayan_org.png"" />",0,0
4797584356937862.0,4797853756817428,Tue Aug 02 03:08:57 +0800 2022,桔子皮二号51129,https://weibo.com//u/7524918553,是不是吃腐烂龙虾睡粉丝男朋友那个的那个,0,0
4797584356937862.0,4797618012819391,Mon Aug 01 11:32:12 +0800 2022,君唯卿,https://weibo.com//u/5176579586,匪夷所思……,0,0
,4797579658792003,Mon Aug 01 08:59:48 +0800 2022,红妆轻点,https://weibo.com//u/3217629132,"有没有可能是返祖了<img alt=""[吃瓜]"" title=""[吃瓜]"" src=""https://face.t.sinajs.cn/t4/appstyle/expression/ext/normal/01/2018new_chigua_org.png"" />",0,2
4797579658792003.0,4797583681393749,Mon Aug 01 09:15:47 +0800 2022,君唯卿,https://weibo.com//u/5176579586,我们祖上吃这些东西吗……,0,0
4797579658792003.0,4797585460825299,Mon Aug 01 09:22:51 +0800 2022,红妆轻点,https://weibo.com//u/3217629132,回复<a href=/n/君唯卿>@君唯卿</a>:二百万年前真的有可能。。。,0,0
