﻿parent_comment_id,comment_id,comment_time,comment_user_name,comment_user_link,comment_content,comment_like_num,child_comment_num
,4797773948391043,Mon Aug 01 21:51:50 +0800 2022,江安警方在线,https://weibo.com//u/5077446469,"<img alt=""[话筒]"" title=""[话筒]"" src=""https://face.t.sinajs.cn/t4/appstyle/expression/ext/normal/48/2018new_huatong_org.png"" />",1,0
,4797681702535388,Mon Aug 01 15:45:16 +0800 2022,温州交警,https://weibo.com//u/2392874414,"<img alt=""[话筒]"" title=""[话筒]"" src=""https://face.t.sinajs.cn/t4/appstyle/expression/ext/normal/48/2018new_huatong_org.png"" /><img alt=""[话筒]"" title=""[话筒]"" src=""https://face.t.sinajs.cn/t4/appstyle/expression/ext/normal/48/2018new_huatong_org.png"" />",1,0
,4797984267312886,Tue Aug 02 11:47:34 +0800 2022,黄龙检察,https://weibo.com//u/3540153945,关注热点，传播资讯。,1,1
4797984267312886.0,4797986196166257,Tue Aug 02 11:55:14 +0800 2022,平安彭山,https://weibo.com//u/1992547945,"<img alt=""[心]"" title=""[心]"" src=""https://face.t.sinajs.cn/t4/appstyle/expression/ext/normal/8a/2018new_xin_org.png"" />",0,0
,4797974528135642,Tue Aug 02 11:08:52 +0800 2022,菏泽市人民检察院,https://weibo.com//u/5455970373,"关注<img alt=""[话筒]"" title=""[话筒]"" src=""https://face.t.sinajs.cn/t4/appstyle/expression/ext/normal/48/2018new_huatong_org.png"" />关注<img alt=""[话筒]"" title=""[话筒]"" src=""https://face.t.sinajs.cn/t4/appstyle/expression/ext/normal/48/2018new_huatong_org.png"" />",1,1
4797974528135642.0,4797976696328500,Tue Aug 02 11:17:29 +0800 2022,平安彭山,https://weibo.com//u/1992547945,"<img alt=""[心]"" title=""[心]"" src=""https://face.t.sinajs.cn/t4/appstyle/expression/ext/normal/8a/2018new_xin_org.png"" />",0,0
,4797714611832452,Mon Aug 01 17:56:03 +0800 2022,甘泉检察,https://weibo.com//u/5340438538,关注,1,1
4797714611832452.0,4797719313383887,Mon Aug 01 18:14:43 +0800 2022,平安彭山,https://weibo.com//u/1992547945,"<img alt=""[心]"" title=""[心]"" src=""https://face.t.sinajs.cn/t4/appstyle/expression/ext/normal/8a/2018new_xin_org.png"" />",0,0
,4797710156693730,Mon Aug 01 17:38:20 +0800 2022,武城公安,https://weibo.com//u/2118873173,"<img alt=""[话筒]"" title=""[话筒]"" src=""https://face.t.sinajs.cn/t4/appstyle/expression/ext/normal/48/2018new_huatong_org.png"" /><img alt=""[话筒]"" title=""[话筒]"" src=""https://face.t.sinajs.cn/t4/appstyle/expression/ext/normal/48/2018new_huatong_org.png"" /><img alt=""[话筒]"" title=""[话筒]"" src=""https://face.t.sinajs.cn/t4/appstyle/expression/ext/normal/48/2018new_huatong_org.png"" />",1,1
4797710156693730.0,4797719111274211,Mon Aug 01 18:13:56 +0800 2022,平安彭山,https://weibo.com//u/1992547945,"<img alt=""[心]"" title=""[心]"" src=""https://face.t.sinajs.cn/t4/appstyle/expression/ext/normal/8a/2018new_xin_org.png"" />",0,0
,4797706310256622,Mon Aug 01 17:23:04 +0800 2022,眉山交警直属一大队,https://weibo.com//u/5208605691,"<img alt=""[话筒]"" title=""[话筒]"" src=""https://face.t.sinajs.cn/t4/appstyle/expression/ext/normal/48/2018new_huatong_org.png"" /><img alt=""[话筒]"" title=""[话筒]"" src=""https://face.t.sinajs.cn/t4/appstyle/expression/ext/normal/48/2018new_huatong_org.png"" />",1,1
4797706310256622.0,4797718863809876,Mon Aug 01 18:12:57 +0800 2022,平安彭山,https://weibo.com//u/1992547945,"<img alt=""[心]"" title=""[心]"" src=""https://face.t.sinajs.cn/t4/appstyle/expression/ext/normal/8a/2018new_xin_org.png"" />",0,0
,4797696491656161,Mon Aug 01 16:44:03 +0800 2022,攀枝花平安西区,https://weibo.com//u/5762468571,"<img alt=""[话筒]"" title=""[话筒]"" src=""https://face.t.sinajs.cn/t4/appstyle/expression/ext/normal/48/2018new_huatong_org.png"" /><img alt=""[话筒]"" title=""[话筒]"" src=""https://face.t.sinajs.cn/t4/appstyle/expression/ext/normal/48/2018new_huatong_org.png"" />",1,1
4797696491656161.0,4797718717006026,Mon Aug 01 18:12:21 +0800 2022,平安彭山,https://weibo.com//u/1992547945,"<img alt=""[心]"" title=""[心]"" src=""https://face.t.sinajs.cn/t4/appstyle/expression/ext/normal/8a/2018new_xin_org.png"" />",0,0
,4797692495007098,Mon Aug 01 16:28:10 +0800 2022,潍坊公安,https://weibo.com//u/2616360197,"<img alt=""[话筒]"" title=""[话筒]"" src=""https://face.t.sinajs.cn/t4/appstyle/expression/ext/normal/48/2018new_huatong_org.png"" />",1,1
4797692495007098.0,4797718592229063,Mon Aug 01 18:11:52 +0800 2022,平安彭山,https://weibo.com//u/1992547945,"<img alt=""[心]"" title=""[心]"" src=""https://face.t.sinajs.cn/t4/appstyle/expression/ext/normal/8a/2018new_xin_org.png"" />",0,0
,4797692491073194,Mon Aug 01 16:28:09 +0800 2022,潍坊公安,https://weibo.com//u/2616360197,"<img alt=""[话筒]"" title=""[话筒]"" src=""https://face.t.sinajs.cn/t4/appstyle/expression/ext/normal/48/2018new_huatong_org.png"" /><img alt=""[话筒]"" title=""[话筒]"" src=""https://face.t.sinajs.cn/t4/appstyle/expression/ext/normal/48/2018new_huatong_org.png"" />",1,1
4797692491073194.0,4797718575187125,Mon Aug 01 18:11:48 +0800 2022,平安彭山,https://weibo.com//u/1992547945,"<img alt=""[心]"" title=""[心]"" src=""https://face.t.sinajs.cn/t4/appstyle/expression/ext/normal/8a/2018new_xin_org.png"" />",0,0
,4797692482161526,Mon Aug 01 16:28:07 +0800 2022,潍坊公安,https://weibo.com//u/2616360197,"<img alt=""[话筒]"" title=""[话筒]"" src=""https://face.t.sinajs.cn/t4/appstyle/expression/ext/normal/48/2018new_huatong_org.png"" />",1,1
4797692482161526.0,4797718558675151,Mon Aug 01 18:11:44 +0800 2022,平安彭山,https://weibo.com//u/1992547945,"<img alt=""[心]"" title=""[心]"" src=""https://face.t.sinajs.cn/t4/appstyle/expression/ext/normal/8a/2018new_xin_org.png"" />",0,0
,4797681915924699,Mon Aug 01 15:46:08 +0800 2022,广西政法,https://weibo.com//u/5328345103,关注,1,1
4797681915924699.0,4797686522581218,Mon Aug 01 16:04:26 +0800 2022,平安彭山,https://weibo.com//u/1992547945,"<img alt=""[心]"" title=""[心]"" src=""https://face.t.sinajs.cn/t4/appstyle/expression/ext/normal/8a/2018new_xin_org.png"" />",0,0
,4797676523098292,Mon Aug 01 15:24:42 +0800 2022,资阳警方,https://weibo.com//u/2097922810,"关注<img alt=""[话筒]"" title=""[话筒]"" src=""https://face.t.sinajs.cn/t4/appstyle/expression/ext/normal/48/2018new_huatong_org.png"" /><img alt=""[话筒]"" title=""[话筒]"" src=""https://face.t.sinajs.cn/t4/appstyle/expression/ext/normal/48/2018new_huatong_org.png"" />",1,1
4797676523098292.0,4797678023873810,Mon Aug 01 15:30:40 +0800 2022,平安彭山,https://weibo.com//u/1992547945,"<img alt=""[心]"" title=""[心]"" src=""https://face.t.sinajs.cn/t4/appstyle/expression/ext/normal/8a/2018new_xin_org.png"" />",0,0
,4797668183770720,Mon Aug 01 14:51:33 +0800 2022,宁津公安,https://weibo.com//u/2316874621,"<img alt=""[话筒]"" title=""[话筒]"" src=""https://face.t.sinajs.cn/t4/appstyle/expression/ext/normal/48/2018new_huatong_org.png"" />",1,1
4797668183770720.0,4797669791500732,Mon Aug 01 14:57:57 +0800 2022,平安彭山,https://weibo.com//u/1992547945,"<img alt=""[心]"" title=""[心]"" src=""https://face.t.sinajs.cn/t4/appstyle/expression/ext/normal/8a/2018new_xin_org.png"" />",0,0
,4797662241752300,Mon Aug 01 14:27:57 +0800 2022,眉山公安交警支队,https://weibo.com//u/6876854353,"<img alt=""[话筒]"" title=""[话筒]"" src=""https://face.t.sinajs.cn/t4/appstyle/expression/ext/normal/48/2018new_huatong_org.png"" /><img alt=""[话筒]"" title=""[话筒]"" src=""https://face.t.sinajs.cn/t4/appstyle/expression/ext/normal/48/2018new_huatong_org.png"" />",1,2
4797662241752300.0,4797667945218907,Mon Aug 01 14:50:37 +0800 2022,平安彭山,https://weibo.com//u/1992547945,"<img alt=""[心]"" title=""[心]"" src=""https://face.t.sinajs.cn/t4/appstyle/expression/ext/normal/8a/2018new_xin_org.png"" />",0,0
4797662241752300.0,4797662735896058,Mon Aug 01 14:29:55 +0800 2022,平安彭山,https://weibo.com//u/1992547945,"<img alt=""[心]"" title=""[心]"" src=""https://face.t.sinajs.cn/t4/appstyle/expression/ext/normal/8a/2018new_xin_org.png"" />",0,0
,4797654736839825,Mon Aug 01 13:58:08 +0800 2022,眉山公安,https://weibo.com//u/3355041210,"<img alt=""[话筒]"" title=""[话筒]"" src=""https://face.t.sinajs.cn/t4/appstyle/expression/ext/normal/48/2018new_huatong_org.png"" />",1,1
4797654736839825.0,4797662753195853,Mon Aug 01 14:29:58 +0800 2022,平安彭山,https://weibo.com//u/1992547945,"<img alt=""[心]"" title=""[心]"" src=""https://face.t.sinajs.cn/t4/appstyle/expression/ext/normal/8a/2018new_xin_org.png"" />",0,0
,4797654728448249,Mon Aug 01 13:58:06 +0800 2022,眉山公安,https://weibo.com//u/3355041210,"<img alt=""[话筒]"" title=""[话筒]"" src=""https://face.t.sinajs.cn/t4/appstyle/expression/ext/normal/48/2018new_huatong_org.png"" /><img alt=""[话筒]"" title=""[话筒]"" src=""https://face.t.sinajs.cn/t4/appstyle/expression/ext/normal/48/2018new_huatong_org.png"" />",1,1
4797654728448249.0,4797662769184826,Mon Aug 01 14:30:02 +0800 2022,平安彭山,https://weibo.com//u/1992547945,"<img alt=""[心]"" title=""[心]"" src=""https://face.t.sinajs.cn/t4/appstyle/expression/ext/normal/8a/2018new_xin_org.png"" />",0,0
,4797644196810724,Mon Aug 01 13:16:15 +0800 2022,洪雅公安,https://weibo.com//u/5146941699,"<img alt=""[话筒]"" title=""[话筒]"" src=""https://face.t.sinajs.cn/t4/appstyle/expression/ext/normal/48/2018new_huatong_org.png"" /><img alt=""[话筒]"" title=""[话筒]"" src=""https://face.t.sinajs.cn/t4/appstyle/expression/ext/normal/48/2018new_huatong_org.png"" /><img alt=""[话筒]"" title=""[话筒]"" src=""https://face.t.sinajs.cn/t4/appstyle/expression/ext/normal/48/2018new_huatong_org.png"" />",1,1
4797644196810724.0,4797662782558903,Mon Aug 01 14:30:06 +0800 2022,平安彭山,https://weibo.com//u/1992547945,"<img alt=""[心]"" title=""[心]"" src=""https://face.t.sinajs.cn/t4/appstyle/expression/ext/normal/8a/2018new_xin_org.png"" />",0,0
,4797619089446122,Mon Aug 01 11:36:29 +0800 2022,仁寿公安,https://weibo.com//u/3717951975,"<img alt=""[话筒]"" title=""[话筒]"" src=""https://face.t.sinajs.cn/t4/appstyle/expression/ext/normal/48/2018new_huatong_org.png"" /><img alt=""[话筒]"" title=""[话筒]"" src=""https://face.t.sinajs.cn/t4/appstyle/expression/ext/normal/48/2018new_huatong_org.png"" />",1,1
4797619089446122.0,4797662685037797,Mon Aug 01 14:29:43 +0800 2022,平安彭山,https://weibo.com//u/1992547945,"<img alt=""[心]"" title=""[心]"" src=""https://face.t.sinajs.cn/t4/appstyle/expression/ext/normal/8a/2018new_xin_org.png"" />",0,0
,4797609648852952,Mon Aug 01 10:58:58 +0800 2022,菏泽市人民检察院,https://weibo.com//u/5455970373,"关注<img alt=""[话筒]"" title=""[话筒]"" src=""https://face.t.sinajs.cn/t4/appstyle/expression/ext/normal/48/2018new_huatong_org.png"" />关注<img alt=""[话筒]"" title=""[话筒]"" src=""https://face.t.sinajs.cn/t4/appstyle/expression/ext/normal/48/2018new_huatong_org.png"" />",1,1
4797609648852952.0,4797662802478747,Mon Aug 01 14:30:11 +0800 2022,平安彭山,https://weibo.com//u/1992547945,"<img alt=""[心]"" title=""[心]"" src=""https://face.t.sinajs.cn/t4/appstyle/expression/ext/normal/8a/2018new_xin_org.png"" />",0,0
,4797606629212197,Mon Aug 01 10:46:57 +0800 2022,丹棱县公安局,https://weibo.com//u/5168131006,"<img alt=""[话筒]"" title=""[话筒]"" src=""https://face.t.sinajs.cn/t4/appstyle/expression/ext/normal/48/2018new_huatong_org.png"" /><img alt=""[话筒]"" title=""[话筒]"" src=""https://face.t.sinajs.cn/t4/appstyle/expression/ext/normal/48/2018new_huatong_org.png"" />",1,1
4797606629212197.0,4797663843453884,Mon Aug 01 14:34:19 +0800 2022,平安彭山,https://weibo.com//u/1992547945,"<img alt=""[心]"" title=""[心]"" src=""https://face.t.sinajs.cn/t4/appstyle/expression/ext/normal/8a/2018new_xin_org.png"" />",0,0
,4797605836753082,Mon Aug 01 10:43:49 +0800 2022,天府卫士,https://weibo.com//u/7230532963,"<img alt=""[话筒]"" title=""[话筒]"" src=""https://face.t.sinajs.cn/t4/appstyle/expression/ext/normal/48/2018new_huatong_org.png"" /><img alt=""[话筒]"" title=""[话筒]"" src=""https://face.t.sinajs.cn/t4/appstyle/expression/ext/normal/48/2018new_huatong_org.png"" />",1,1
4797605836753082.0,4797663885924281,Mon Aug 01 14:34:29 +0800 2022,平安彭山,https://weibo.com//u/1992547945,"<img alt=""[心]"" title=""[心]"" src=""https://face.t.sinajs.cn/t4/appstyle/expression/ext/normal/8a/2018new_xin_org.png"" />",0,0
,4797595774357265,Mon Aug 01 10:03:50 +0800 2022,平安泸县,https://weibo.com//u/5201000633,"<img alt=""[话筒]"" title=""[话筒]"" src=""https://face.t.sinajs.cn/t4/appstyle/expression/ext/normal/48/2018new_huatong_org.png"" />",1,1
4797595774357265.0,4797662698672535,Mon Aug 01 14:29:46 +0800 2022,平安彭山,https://weibo.com//u/1992547945,"<img alt=""[心]"" title=""[心]"" src=""https://face.t.sinajs.cn/t4/appstyle/expression/ext/normal/8a/2018new_xin_org.png"" />",0,0
,4797592808459433,Mon Aug 01 09:52:03 +0800 2022,仁寿县交警大队,https://weibo.com//u/5514828790,"<img alt=""[话筒]"" title=""[话筒]"" src=""https://face.t.sinajs.cn/t4/appstyle/expression/ext/normal/48/2018new_huatong_org.png"" /><img alt=""[话筒]"" title=""[话筒]"" src=""https://face.t.sinajs.cn/t4/appstyle/expression/ext/normal/48/2018new_huatong_org.png"" /><img alt=""[话筒]"" title=""[话筒]"" src=""https://face.t.sinajs.cn/t4/appstyle/expression/ext/normal/48/2018new_huatong_org.png"" />",1,1
4797592808459433.0,4797663901652832,Mon Aug 01 14:34:33 +0800 2022,平安彭山,https://weibo.com//u/1992547945,"<img alt=""[心]"" title=""[心]"" src=""https://face.t.sinajs.cn/t4/appstyle/expression/ext/normal/8a/2018new_xin_org.png"" />",0,0
,4797587141955830,Mon Aug 01 09:29:32 +0800 2022,眉山市交警直属二大队,https://weibo.com//u/5149866361,"<img alt=""[话筒]"" title=""[话筒]"" src=""https://face.t.sinajs.cn/t4/appstyle/expression/ext/normal/48/2018new_huatong_org.png"" /><img alt=""[话筒]"" title=""[话筒]"" src=""https://face.t.sinajs.cn/t4/appstyle/expression/ext/normal/48/2018new_huatong_org.png"" />",1,1
4797587141955830.0,4797662723834384,Mon Aug 01 14:29:51 +0800 2022,平安彭山,https://weibo.com//u/1992547945,"<img alt=""[心]"" title=""[心]"" src=""https://face.t.sinajs.cn/t4/appstyle/expression/ext/normal/8a/2018new_xin_org.png"" />",0,0
