﻿parent_comment_id,comment_id,comment_time,comment_user_name,comment_user_link,comment_content,comment_like_num,child_comment_num
,4797740305879185,Mon Aug 01 19:38:09 +0800 2022,平安江阳,https://weibo.com//u/5209471765,"<img alt=""[话筒]"" title=""[话筒]"" src=""https://face.t.sinajs.cn/t4/appstyle/expression/ext/normal/48/2018new_huatong_org.png"" /><img alt=""[话筒]"" title=""[话筒]"" src=""https://face.t.sinajs.cn/t4/appstyle/expression/ext/normal/48/2018new_huatong_org.png"" /><img alt=""[话筒]"" title=""[话筒]"" src=""https://face.t.sinajs.cn/t4/appstyle/expression/ext/normal/48/2018new_huatong_org.png"" /><img alt=""[话筒]"" title=""[话筒]"" src=""https://face.t.sinajs.cn/t4/appstyle/expression/ext/normal/48/2018new_huatong_org.png"" />",0,0
,4797709200657660,Mon Aug 01 17:34:33 +0800 2022,平安纳溪,https://weibo.com//u/5218198569,"<img alt=""[话筒]"" title=""[话筒]"" src=""https://face.t.sinajs.cn/t4/appstyle/expression/ext/normal/48/2018new_huatong_org.png"" />",0,0
,4797669702897456,Mon Aug 01 14:57:36 +0800 2022,游仙公安,https://weibo.com//u/1920901005,"<img alt=""[话筒]"" title=""[话筒]"" src=""https://face.t.sinajs.cn/t4/appstyle/expression/ext/normal/48/2018new_huatong_org.png"" /><img alt=""[话筒]"" title=""[话筒]"" src=""https://face.t.sinajs.cn/t4/appstyle/expression/ext/normal/48/2018new_huatong_org.png"" /><img alt=""[话筒]"" title=""[话筒]"" src=""https://face.t.sinajs.cn/t4/appstyle/expression/ext/normal/48/2018new_huatong_org.png"" />",0,0
,4797645958679556,Mon Aug 01 13:23:15 +0800 2022,山东长安网,https://weibo.com//u/6115513885,"<img alt=""[话筒]"" title=""[话筒]"" src=""https://face.t.sinajs.cn/t4/appstyle/expression/ext/normal/48/2018new_huatong_org.png"" /><img alt=""[话筒]"" title=""[话筒]"" src=""https://face.t.sinajs.cn/t4/appstyle/expression/ext/normal/48/2018new_huatong_org.png"" /><img alt=""[话筒]"" title=""[话筒]"" src=""https://face.t.sinajs.cn/t4/appstyle/expression/ext/normal/48/2018new_huatong_org.png"" />",0,0
,4797615759952397,Mon Aug 01 11:23:15 +0800 2022,鹰潭网警巡查执法,https://weibo.com//u/5925609604,"<img alt=""[话筒]"" title=""[话筒]"" src=""https://face.t.sinajs.cn/t4/appstyle/expression/ext/normal/48/2018new_huatong_org.png"" /><img alt=""[话筒]"" title=""[话筒]"" src=""https://face.t.sinajs.cn/t4/appstyle/expression/ext/normal/48/2018new_huatong_org.png"" />",0,0
,4797567513135724,Mon Aug 01 08:11:31 +0800 2022,平安青川,https://weibo.com//u/1930152042,图片评论 ,1,0
,4797557215070991,Mon Aug 01 07:30:37 +0800 2022,黄龙检察,https://weibo.com//u/3540153945,<a href=/n/平安青川>@平安青川</a>,1,1
4797557215070991.0,4797567412473006,Mon Aug 01 08:11:08 +0800 2022,平安青川,https://weibo.com//u/1930152042,"<img alt=""[话筒]"" title=""[话筒]"" src=""https://face.t.sinajs.cn/t4/appstyle/expression/ext/normal/48/2018new_huatong_org.png"" /><img alt=""[话筒]"" title=""[话筒]"" src=""https://face.t.sinajs.cn/t4/appstyle/expression/ext/normal/48/2018new_huatong_org.png"" />",0,0
,4797557206943206,Mon Aug 01 07:30:35 +0800 2022,黄龙检察,https://weibo.com//u/3540153945,关注热点，传播资讯,1,1
4797557206943206.0,4797567429250631,Mon Aug 01 08:11:12 +0800 2022,平安青川,https://weibo.com//u/1930152042,谢谢关注,0,0
,4797505102151831,Mon Aug 01 04:03:32 +0800 2022,平安青川,https://weibo.com//u/1930152042,为了liuliang无底线了,1,0
,4797473148897161,Mon Aug 01 01:56:34 +0800 2022,满地桐花198708,https://weibo.com//u/7277962459,干什么都得依法,2,1
4797473148897161.0,4797504820871498,Mon Aug 01 04:02:25 +0800 2022,平安青川,https://weibo.com//u/1930152042,"<img alt=""[话筒]"" title=""[话筒]"" src=""https://face.t.sinajs.cn/t4/appstyle/expression/ext/normal/48/2018new_huatong_org.png"" /><img alt=""[话筒]"" title=""[话筒]"" src=""https://face.t.sinajs.cn/t4/appstyle/expression/ext/normal/48/2018new_huatong_org.png"" />",0,0
,4797472805226395,Mon Aug 01 01:55:12 +0800 2022,满地桐花198708,https://weibo.com//u/7277962459,无知,2,1
4797472805226395.0,4797504866746690,Mon Aug 01 04:02:36 +0800 2022,平安青川,https://weibo.com//u/1930152042,"<img alt=""[话筒]"" title=""[话筒]"" src=""https://face.t.sinajs.cn/t4/appstyle/expression/ext/normal/48/2018new_huatong_org.png"" /><img alt=""[话筒]"" title=""[话筒]"" src=""https://face.t.sinajs.cn/t4/appstyle/expression/ext/normal/48/2018new_huatong_org.png"" />",0,0
,4797471139563012,Mon Aug 01 01:48:35 +0800 2022,贾昱枫,https://weibo.com//u/6074770035,"<img alt=""[话筒]"" title=""[话筒]"" src=""https://face.t.sinajs.cn/t4/appstyle/expression/ext/normal/48/2018new_huatong_org.png"" /><img alt=""[话筒]"" title=""[话筒]"" src=""https://face.t.sinajs.cn/t4/appstyle/expression/ext/normal/48/2018new_huatong_org.png"" />",3,1
4797471139563012.0,4797472184468297,Mon Aug 01 01:52:44 +0800 2022,平安青川,https://weibo.com//u/1930152042,"<img alt=""[话筒]"" title=""[话筒]"" src=""https://face.t.sinajs.cn/t4/appstyle/expression/ext/normal/48/2018new_huatong_org.png"" /><img alt=""[话筒]"" title=""[话筒]"" src=""https://face.t.sinajs.cn/t4/appstyle/expression/ext/normal/48/2018new_huatong_org.png"" />",0,0
,4797469457647316,Mon Aug 01 01:41:54 +0800 2022,人生路201110,https://weibo.com//u/7699840319,"顶一个<img alt=""[话筒]"" title=""[话筒]"" src=""https://face.t.sinajs.cn/t4/appstyle/expression/ext/normal/48/2018new_huatong_org.png"" />",4,1
4797469457647316.0,4797504778928456,Mon Aug 01 04:02:15 +0800 2022,平安青川,https://weibo.com//u/1930152042,"<img alt=""[话筒]"" title=""[话筒]"" src=""https://face.t.sinajs.cn/t4/appstyle/expression/ext/normal/48/2018new_huatong_org.png"" /><img alt=""[话筒]"" title=""[话筒]"" src=""https://face.t.sinajs.cn/t4/appstyle/expression/ext/normal/48/2018new_huatong_org.png"" />",0,0
,4797469218834176,Mon Aug 01 01:40:57 +0800 2022,人生路201110,https://weibo.com//u/7699840319,"<img alt=""[话筒]"" title=""[话筒]"" src=""https://face.t.sinajs.cn/t4/appstyle/expression/ext/normal/48/2018new_huatong_org.png"" /><img alt=""[话筒]"" title=""[话筒]"" src=""https://face.t.sinajs.cn/t4/appstyle/expression/ext/normal/48/2018new_huatong_org.png"" />什么都吃",4,1
4797469218834176.0,4797504804094417,Mon Aug 01 04:02:21 +0800 2022,平安青川,https://weibo.com//u/1930152042,"<img alt=""[话筒]"" title=""[话筒]"" src=""https://face.t.sinajs.cn/t4/appstyle/expression/ext/normal/48/2018new_huatong_org.png"" /><img alt=""[话筒]"" title=""[话筒]"" src=""https://face.t.sinajs.cn/t4/appstyle/expression/ext/normal/48/2018new_huatong_org.png"" />",0,0
,4797468212725947,Mon Aug 01 01:36:57 +0800 2022,平安青川,https://weibo.com//u/1930152042,"不是什么都可以吃的<img alt=""[话筒]"" title=""[话筒]"" src=""https://face.t.sinajs.cn/t4/appstyle/expression/ext/normal/48/2018new_huatong_org.png"" /><img alt=""[话筒]"" title=""[话筒]"" src=""https://face.t.sinajs.cn/t4/appstyle/expression/ext/normal/48/2018new_huatong_org.png"" />",4,0
,4797468040234569,Mon Aug 01 01:36:16 +0800 2022,平安青川,https://weibo.com//u/1930152042,学法律,4,0
