﻿parent_comment_id,comment_id,comment_time,comment_user_name,comment_user_link,comment_content,comment_like_num,child_comment_num
,4797597451031165,Mon Aug 01 10:10:30 +0800 2022,微博创作者中心,https://weibo.com//u/2892492275,"您的博文已进入公域场景推荐流曝光~了解平台政策、提升创作技巧、实现快速成长，创作者学院助您解锁流量密码，详情见<a target=""_blank"" href=""https://m.weibo.cn/c/wbox?id=ppj49v69pq&route=study_center""><img class=""icon-link"" src=""https://h5.sinaimg.cn/upload/2015/09/25/3/timeline_card_small_web_default.png""/>网页链接</a> ",0,0
,4797619143970811,Mon Aug 01 11:36:42 +0800 2022,真的不是饭桶啊,https://weibo.com//u/5822364668,"难道不是因为你为了火吗<img alt=""[允悲]"" title=""[允悲]"" src=""https://face.t.sinajs.cn/t4/appstyle/expression/ext/normal/83/2018new_kuxiao_org.png"" />",6,0
,4797953279788514,Tue Aug 02 09:44:25 +0800 2022,自我持续充电中呀,https://weibo.com//u/5656745166,她的嘴巴好大啊,0,0
,4797962981738880,Tue Aug 02 10:22:59 +0800 2022,丧one立刻有,https://weibo.com//u/5021847818,是她自己没有下限 疯狂吃濒临动物,3,0
,4797571572174411,Mon Aug 01 08:27:40 +0800 2022,王政熊吃了咩,https://weibo.com//u/6578211033,"还真有脸开直播带货说是网友瞎说<img alt=""[赞]"" title=""[赞]"" src=""https://face.t.sinajs.cn/t4/appstyle/expression/ext/normal/e6/2018new_zan_org.png"" />",1,0
,4797582691270934,Mon Aug 01 09:11:50 +0800 2022,LingShengZho,https://weibo.com//u/3985428449,带头转发,0,0
,4797582680001514,Mon Aug 01 09:11:48 +0800 2022,金闪闪小朋友,https://weibo.com//u/3093899841,不错,0,0
,4797582678693034,Mon Aug 01 09:11:48 +0800 2022,心若冰菁,https://weibo.com//u/3182909270,"我也想要第一<img alt=""[好爱哦]"" title=""[好爱哦]"" src=""https://face.t.sinajs.cn/t4/appstyle/expression/ext/normal/74/lxhainio_org.gif"" />",0,0
,4797582679999523,Mon Aug 01 09:11:47 +0800 2022,从冰城到春城,https://weibo.com//u/1416806182,沙发，希望今天的宝也开心~,0,0
,4797582675021304,Mon Aug 01 09:11:47 +0800 2022,一个有梦想的小伙子-,https://weibo.com//u/5176003485,确实是这么回事,0,0
,4797582674756842,Mon Aug 01 09:11:47 +0800 2022,山泽川野,https://weibo.com//u/3884729696,博主更新速度可以呀，再多来点,0,0
,4797582675018662,Mon Aug 01 09:11:46 +0800 2022,猪猪侠讲笑话_274,https://weibo.com//u/5458876159,你是我的一个意外，也是我最想坚持的,0,0
,4797582674758524,Mon Aug 01 09:11:46 +0800 2022,乘骐骥以驰骋1,https://weibo.com//u/5494182620,放弃不难，坚持不易,0,0
,4797582675283052,Mon Aug 01 09:11:47 +0800 2022,妍砀督夙酷52367,https://weibo.com//u/6176276619,太棒了，呦西呦西,0,0
,4797582674494310,Mon Aug 01 09:11:46 +0800 2022,SEAN_赵,https://weibo.com//u/1902264791,群处守嘴，独处守心修己以清心为要，涉世以慎言为先,0,0
,4797582674757435,Mon Aug 01 09:11:46 +0800 2022,hhhee2011_350,https://weibo.com//u/1931268585,非常优秀，好吧！,0,0
,4797582670564028,Mon Aug 01 09:11:46 +0800 2022,Tylor_Lee,https://weibo.com//u/1762564475,太好了，666，赞一发,0,0
,4797582671611280,Mon Aug 01 09:11:46 +0800 2022,龙在江湖519,https://weibo.com//u/3626352681,很喜欢这个，不错,0,0
,4797582670302063,Mon Aug 01 09:11:46 +0800 2022,刪除回憶_僱,https://weibo.com//u/7456905191,沙发，希望今天的宝也开心~,0,0
,4797582670562615,Mon Aug 01 09:11:45 +0800 2022,陈美琳Toon,https://weibo.com//u/6238520461,我来了 留个小脚印,0,0
,4797582671610910,Mon Aug 01 09:11:45 +0800 2022,樽憩鞒篮骣06737,https://weibo.com//u/5223927177,很喜欢这个，不错,0,0
,4797582671348242,Mon Aug 01 09:11:45 +0800 2022,tsilli,https://weibo.com//u/2939657191,这颜值太可了，好漂亮哟,0,0
,4797582667154521,Mon Aug 01 09:11:45 +0800 2022,阳阳哥哥成长,https://weibo.com//u/1100745781,你是亿万星河都抵不过的风景,0,0
,4797582666632506,Mon Aug 01 09:11:45 +0800 2022,yulong上善若水,https://weibo.com//u/3228310863,安排起来，转走,0,0
,4797582662698893,Mon Aug 01 09:11:44 +0800 2022,雾禚边蒂搐12307,https://weibo.com//u/5529430289,真是这么美，爱上了，转走,0,0
,4797582657980788,Mon Aug 01 09:11:43 +0800 2022,我爱我家吉祥三宝,https://weibo.com//u/2628640107,这颜值真是yyds,0,0
,4797582657981299,Mon Aug 01 09:11:43 +0800 2022,冷心冷血冷感情枚,https://weibo.com//u/6804057792,不开心的时候就来看看你,0,0
,4797582659027275,Mon Aug 01 09:11:42 +0800 2022,晁侯松8,https://weibo.com//u/5862298155,不戳,0,0
,4797582659027017,Mon Aug 01 09:11:42 +0800 2022,茯众熏栊眼71199,https://weibo.com//u/6338349216,我就爱看这种,0,0
,4797582653786838,Mon Aug 01 09:11:42 +0800 2022,苏州千苏网络科技有限公司,https://weibo.com//u/5508284599,第一眼惊艳，第二眼沦陷，第三眼不负遇见,0,0
,4797582653787596,Mon Aug 01 09:11:42 +0800 2022,你只是短暂的,https://weibo.com//u/6099676120,这样的爱情可真是太甜蜜了,0,0
,4797582654308546,Mon Aug 01 09:11:41 +0800 2022,周女爱,https://weibo.com//u/3034601070,不错支持一下,0,0
,4797582654833587,Mon Aug 01 09:11:41 +0800 2022,54倍儿棒棒棒,https://weibo.com//u/3908377797,走心了昂，真的很棒,0,0
,4797582654573939,Mon Aug 01 09:11:42 +0800 2022,MissFancyFancie,https://weibo.com//u/5625704885,互动讨论,0,0
,4797582654310923,Mon Aug 01 09:11:42 +0800 2022,俨俨高,https://weibo.com//u/2441760955,这也真的太好看啦,0,0
,4797582650116300,Mon Aug 01 09:11:41 +0800 2022,哎哟gg嗨你好_,https://weibo.com//u/5329033663,"平凡而伟大的人<img alt=""[赞]"" title=""[赞]"" src=""https://face.t.sinajs.cn/t4/appstyle/expression/ext/normal/e6/2018new_zan_org.png"" />",0,0
,4797582645922932,Mon Aug 01 09:11:40 +0800 2022,坌驵奉泵糙54340,https://weibo.com//u/5620349388,实时更新,0,0
,4797582645661811,Mon Aug 01 09:11:40 +0800 2022,喜歡貝貝儿,https://weibo.com//u/5834020845,目前都是暂时的，加油活出幻想种的样子,0,0
,4797582645137243,Mon Aug 01 09:11:40 +0800 2022,山西张瑛,https://weibo.com//u/5418502679,喜欢这个调调,0,0
,4797582646447702,Mon Aug 01 09:11:40 +0800 2022,微笑向暖爱自己,https://weibo.com//u/5839836791,我来试试呵呵,0,0
,4797582637794770,Mon Aug 01 09:11:38 +0800 2022,勤奋的花猪,https://weibo.com//u/1066788024,好的内容必须要转发，值得分享,0,0
,4797582637273945,Mon Aug 01 09:11:38 +0800 2022,双一流愚硕,https://weibo.com//u/3846631102,涨知识啦！,0,0
,4797582636749122,Mon Aug 01 09:11:38 +0800 2022,Taoo7,https://weibo.com//u/3928145687,"绝绝子呀！<img alt=""[赞]"" title=""[赞]"" src=""https://face.t.sinajs.cn/t4/appstyle/expression/ext/normal/e6/2018new_zan_org.png"" />",0,0
,4797582628618744,Mon Aug 01 09:11:35 +0800 2022,W_先生I,https://weibo.com//u/3197507047,内容引起极度舒适,0,0
,4797582628361446,Mon Aug 01 09:11:36 +0800 2022,袅骖鼓辇播43999,https://weibo.com//u/5690121476,涨知识啦！,0,0
,4797582628619158,Mon Aug 01 09:11:35 +0800 2022,大大大矫情怪,https://weibo.com//u/6781456937,必须点赞，说得真好,0,0
,4797582628880782,Mon Aug 01 09:11:35 +0800 2022,呵呵一笑_19960,https://weibo.com//u/5822760747,不求人好感，不与人难堪,0,0
,4797582624690648,Mon Aug 01 09:11:35 +0800 2022,用户爱情是什么,https://weibo.com//u/5044646136,每天必关注,0,0
,4797582624168123,Mon Aug 01 09:11:35 +0800 2022,方甑话耪悦34848,https://weibo.com//u/6028449715,这也真的太好看啦,0,0
,4797582625472629,Mon Aug 01 09:11:34 +0800 2022,Jasmine赵小姐,https://weibo.com//u/5697420846,要一直开心呀,0,0
,4797582624162621,Mon Aug 01 09:11:34 +0800 2022,雪岩松柏_64286,https://weibo.com//u/1116378172,呵呵-赞一个,0,0
,4797582624164408,Mon Aug 01 09:11:35 +0800 2022,静待机会_抵,https://weibo.com//u/7456926764,每天必看你的微博,0,0
,4797582621282524,Mon Aug 01 09:11:34 +0800 2022,繁華若夢_檅,https://weibo.com//u/7456674664,不错支持一下,0,0
,4797582620229818,Mon Aug 01 09:11:33 +0800 2022,Cat猫BW,https://weibo.com//u/1772803234,这段真赞，都来围观,0,0
,4797582621016200,Mon Aug 01 09:11:33 +0800 2022,海阔天空px,https://weibo.com//u/2767846987,我要偷你的体温，说人话要抱抱,0,0
,4797582620754010,Mon Aug 01 09:11:33 +0800 2022,苏橙丶沐雨,https://weibo.com//u/2706683050,平凡的人，不平凡的微波,0,0
,4797582620754260,Mon Aug 01 09:11:33 +0800 2022,Y蚊W子T,https://weibo.com//u/2546742542,爱了，爱了,0,0
,4797582621280770,Mon Aug 01 09:11:34 +0800 2022,茹月516,https://weibo.com//u/2969107854,来了喽，看看分享,0,0
,4797582616825805,Mon Aug 01 09:11:33 +0800 2022,信嘉模具注塑,https://weibo.com//u/5879288748,删了让我说,0,0
,4797582616823966,Mon Aug 01 09:11:33 +0800 2022,流年渲染沧桑-堗,https://weibo.com//u/7456661752,难得一遇,0,0
,4797582617085204,Mon Aug 01 09:11:33 +0800 2022,那脸依然苍白_Rzsj,https://weibo.com//u/7452114669,哇塞，好好看啊，喜欢哦,0,0
,4797582616040977,Mon Aug 01 09:11:33 +0800 2022,重庆的我深圳的月亮,https://weibo.com//u/5763002880,一把子支持了！,0,0
,4797582612369428,Mon Aug 01 09:11:32 +0800 2022,爱笑神仙,https://weibo.com//u/5361477917,你是我心中的神,0,0
