﻿parent_comment_id,comment_id,comment_time,comment_user_name,comment_user_link,comment_content,comment_like_num,child_comment_num
,4797725633943678,Mon Aug 01 18:39:51 +0800 2022,浅笑安然on,https://weibo.com//u/3779252160,国家赶紧整治整治自媒体吧！！！现在都已经形成一股错误认知了，当网红挣钱快，挣钱多，轻轻松松就把钱挣了。,1,3
4797725633943678.0,4797885658956006,Tue Aug 02 05:15:44 +0800 2022,最爱大中华的音乐疯子,https://weibo.com//u/5948442747,关键风气太不好了，带坏很多年轻人,0,0
4797725633943678.0,4797949991457017,Tue Aug 02 09:31:22 +0800 2022,最爱大中华的音乐疯子,https://weibo.com//u/5948442747,回复<a href=/n/浅笑安然on>@浅笑安然on</a>:没错，这些网红真的是无语,0,0
4797725633943678.0,4797945587173111,Tue Aug 02 09:13:52 +0800 2022,浅笑安然on,https://weibo.com//u/3779252160,回复<a href=/n/最爱大中华的音乐疯子>@最爱大中华的音乐疯子</a>:无底线的挣钱，只要挣钱，可以不要廉耻，可以颠倒黑白。,0,0
