﻿parent_comment_id,comment_id,comment_time,comment_user_name,comment_user_link,comment_content,comment_like_num,child_comment_num
,4797546536894833,Mon Aug 01 06:48:11 +0800 2022,嗨不动想睡觉,https://weibo.com//u/2712964360,主播们为了红，越来越刑了，日子越来越有判头了,2,0
,4797624752803155,Mon Aug 01 11:58:59 +0800 2022,锦江知府,https://weibo.com//u/3561004460,南充的撇射物 这哈弄进去关起,0,0
,4797604884646845,Mon Aug 01 10:40:02 +0800 2022,王小羊的小王,https://weibo.com//u/2454015581,是不是那个网红提子,0,0
,4797596264827874,Mon Aug 01 10:05:47 +0800 2022,暴走的撬棍,https://weibo.com//u/2536741700,在下次要吃人了吧。。,0,0
,4797580850500329,Mon Aug 01 09:04:32 +0800 2022,鸭鸭的花花世界,https://weibo.com//u/3528265774,蹲,0,0
,4797555953371928,Mon Aug 01 07:25:36 +0800 2022,SagM20_墨,https://weibo.com//u/1964742002,可铐,3,0
,4797544151122618,Mon Aug 01 06:38:42 +0800 2022,老刘5G,https://weibo.com//u/1765078794,"好家伙，真刑啊<img alt=""[doge]"" title=""[doge]"" src=""https://face.t.sinajs.cn/t4/appstyle/expression/ext/normal/a1/2018new_doge02_org.png"" />",4,0
