﻿parent_comment_id,comment_id,comment_time,comment_user_name,comment_user_link,comment_content,comment_like_num,child_comment_num
,4797577037877377,Mon Aug 01 08:49:23 +0800 2022,CC的日记本·1640,https://weibo.com//u/1902145123,真刑，，，,0,1
4797577037877377.0,4797578762521495,Mon Aug 01 08:56:14 +0800 2022,Entelecheia·1640,https://weibo.com//u/6066218287,太刑了。。,0,0
,4797566690002730,Mon Aug 01 08:08:16 +0800 2022,龚不起是爸妈最爱的小水果·,https://weibo.com//u/1796466497,吃鳄龟的时候看得我。。。,0,2
4797566690002730.0,4797567484036331,Mon Aug 01 08:11:24 +0800 2022,龚不起是爸妈最爱的小水果·,https://weibo.com//u/1796466497,回复<a href=/n/Entelecheia·1640>@Entelecheia·1640</a>:满足部分人猎奇的心理。。。。获得流量。。。,0,0
4797566690002730.0,4797567155574742,Mon Aug 01 08:10:07 +0800 2022,Entelecheia·1640,https://weibo.com//u/6066218287,真的不理解这种网红。。。喧哗取众拍这种视频。。。,0,0
