﻿parent_comment_id,comment_id,comment_time,comment_user_name,comment_user_link,comment_content,comment_like_num,child_comment_num
,4797476056597148,Mon Aug 01 02:08:07 +0800 2022,任国超呀·,https://weibo.com//u/6779400969,"<img alt=""[微笑]"" title=""[微笑]"" src=""https://face.t.sinajs.cn/t4/appstyle/expression/ext/normal/e3/2018new_weixioa02_org.png"" /><img alt=""[微笑]"" title=""[微笑]"" src=""https://face.t.sinajs.cn/t4/appstyle/expression/ext/normal/e3/2018new_weixioa02_org.png"" /><img alt=""[微笑]"" title=""[微笑]"" src=""https://face.t.sinajs.cn/t4/appstyle/expression/ext/normal/e3/2018new_weixioa02_org.png"" />",13,0
,4797476039033469,Mon Aug 01 02:08:02 +0800 2022,任国超呀·,https://weibo.com//u/6779400969,"<img alt=""[费解]"" title=""[费解]"" src=""https://face.t.sinajs.cn/t4/appstyle/expression/ext/normal/2a/2018new_wenhao_org.png"" /><img alt=""[费解]"" title=""[费解]"" src=""https://face.t.sinajs.cn/t4/appstyle/expression/ext/normal/2a/2018new_wenhao_org.png"" /><img alt=""[费解]"" title=""[费解]"" src=""https://face.t.sinajs.cn/t4/appstyle/expression/ext/normal/2a/2018new_wenhao_org.png"" />",13,0
,4797476014654873,Mon Aug 01 02:07:57 +0800 2022,任国超呀·,https://weibo.com//u/6779400969,"<img alt=""[吃惊]"" title=""[吃惊]"" src=""https://face.t.sinajs.cn/t4/appstyle/expression/ext/normal/49/2018new_chijing_org.png"" /><img alt=""[吃惊]"" title=""[吃惊]"" src=""https://face.t.sinajs.cn/t4/appstyle/expression/ext/normal/49/2018new_chijing_org.png"" /><img alt=""[吃惊]"" title=""[吃惊]"" src=""https://face.t.sinajs.cn/t4/appstyle/expression/ext/normal/49/2018new_chijing_org.png"" />",13,0
,4797475997876515,Mon Aug 01 02:07:53 +0800 2022,任国超呀·,https://weibo.com//u/6779400969,"<img alt=""[允悲]"" title=""[允悲]"" src=""https://face.t.sinajs.cn/t4/appstyle/expression/ext/normal/83/2018new_kuxiao_org.png"" /><img alt=""[允悲]"" title=""[允悲]"" src=""https://face.t.sinajs.cn/t4/appstyle/expression/ext/normal/83/2018new_kuxiao_org.png"" /><img alt=""[允悲]"" title=""[允悲]"" src=""https://face.t.sinajs.cn/t4/appstyle/expression/ext/normal/83/2018new_kuxiao_org.png"" />",13,0
,4797475967729698,Mon Aug 01 02:07:45 +0800 2022,任国超呀·,https://weibo.com//u/6779400969,"<img alt=""[怒]"" title=""[怒]"" src=""https://face.t.sinajs.cn/t4/appstyle/expression/ext/normal/f6/2018new_nu_org.png"" /><img alt=""[怒]"" title=""[怒]"" src=""https://face.t.sinajs.cn/t4/appstyle/expression/ext/normal/f6/2018new_nu_org.png"" /><img alt=""[怒]"" title=""[怒]"" src=""https://face.t.sinajs.cn/t4/appstyle/expression/ext/normal/f6/2018new_nu_org.png"" />",13,0
