﻿parent_comment_id,comment_id,comment_time,comment_user_name,comment_user_link,comment_content,comment_like_num,child_comment_num
,4797715811404745,Mon Aug 01 18:00:48 +0800 2022,ForYou丶cc,https://weibo.com//u/5871173826,水族馆看到过si的，应该很难养,1,0
,4797668440933694,Mon Aug 01 14:52:35 +0800 2022,倭国天皇的爹,https://weibo.com//u/1172980822,就算是人工繁殖的野生动物也是保护动物。,5,5
4797668440933694.0,4797772052040210,Mon Aug 01 21:44:18 +0800 2022,hisiliconkirin奶奶提,https://weibo.com//u/7336278035,"回复<a href=/n/怎么改什么昵称都不行>@怎么改什么昵称都不行</a>:如题，人工繁殖的野生动物是保护动物，你觉得这话对嘛<img alt=""[二哈]"" title=""[二哈]"" src=""https://face.t.sinajs.cn/t4/appstyle/expression/ext/normal/22/2018new_erha_org.png"" />，况且这是存量看的",0,0
4797668440933694.0,4797765366057890,Mon Aug 01 21:17:44 +0800 2022,怎么改什么昵称都不行,https://weibo.com//u/7242658557,"回复<a href=/n/hisiliconkirin奶奶提>@hisiliconkirin奶奶提</a>:那大熊猫能人工繁殖保育为什么没有私人养呢。买票都只能隔着栅栏看看<img alt=""[吃瓜]"" title=""[吃瓜]"" src=""https://face.t.sinajs.cn/t4/appstyle/expression/ext/normal/01/2018new_chigua_org.png"" />",0,0
4797668440933694.0,4797760811567984,Mon Aug 01 20:59:38 +0800 2022,倭国天皇的爹,https://weibo.com//u/1172980822,回复<a href=/n/hisiliconkirin奶奶提>@hisiliconkirin奶奶提</a>:？？,0,0
4797668440933694.0,4797749692989715,Mon Aug 01 20:15:26 +0800 2022,hisiliconkirin奶奶提,https://weibo.com//u/7336278035,放屁,0,0
