﻿parent_comment_id,comment_id,comment_time,comment_user_name,comment_user_link,comment_content,comment_like_num,child_comment_num
,4798642369594958,Thu Aug 04 07:22:38 +0800 2022,物非是人已非,https://weibo.com//u/2517593414,丢南充人的脸！你可真刑！,0,0
,4797599716740306,Mon Aug 01 10:19:30 +0800 2022,morningss_,https://weibo.com//u/1825004391,无知。,0,0
,4797593625821317,Mon Aug 01 09:55:17 +0800 2022,鱼偶得鱼,https://weibo.com//u/3478423701,挺刑的，这娃子吃的时候喜欢重口，那不得重判一记配合一下,2,0
,4797593580210378,Mon Aug 01 09:55:07 +0800 2022,蟹-Boom,https://weibo.com//u/2366049192,网红是真的贱,4,1
,4797623465413280,Mon Aug 01 11:53:52 +0800 2022,只转贴不解释,https://weibo.com//u/1143477324,破案越来越方便了 都开始直播犯罪过程了,2,0
,4797605542101760,Mon Aug 01 10:42:38 +0800 2022,rikichan,https://weibo.com//u/1696667182,坐牢罚钱，严惩不贷谢谢,0,0
,4797599645697847,Mon Aug 01 10:19:13 +0800 2022,暴走的张大浩,https://weibo.com//u/2402390850,网红真的成了垃圾的代名词,4,0
,4797594045517142,Mon Aug 01 09:56:58 +0800 2022,留在记忆里就好,https://weibo.com//u/1809045967,刑啊，越来越有判头了，这种情况真是可狱不可求啊,10,0
,4797593186730753,Mon Aug 01 09:53:32 +0800 2022,真性情的疯子,https://weibo.com//u/5657947808,"刑了<img alt=""[doge]"" title=""[doge]"" src=""https://face.t.sinajs.cn/t4/appstyle/expression/ext/normal/a1/2018new_doge02_org.png"" />",0,0
