﻿parent_comment_id,comment_id,comment_time,comment_user_name,comment_user_link,comment_content,comment_like_num,child_comment_num
,4797546675307548,Mon Aug 01 06:48:44 +0800 2022,微美食德州,https://weibo.com//u/2707844392,"花已开了三季，日历换了三台，窗外的杨树又高了一截，匆匆三年，芬芳开遍。<img alt=""[左哼哼]"" title=""[左哼哼]"" src=""https://face.t.sinajs.cn/t4/appstyle/expression/ext/normal/43/2018new_zuohengheng_org.png"" />",0,0
,4797546625500240,Mon Aug 01 06:48:32 +0800 2022,天源时尚,https://weibo.com//u/3158710915,"想请夏天吃顿饭，你有空可以一起来<img alt=""[并不简单]"" title=""[并不简单]"" src=""https://face.t.sinajs.cn/t4/appstyle/expression/ext/normal/aa/2018new_bingbujiandan_org.png"" />",0,0
,4797546570712262,Mon Aug 01 06:48:19 +0800 2022,视觉小伙伴,https://weibo.com//u/2880312281,"“我的生命是从睁开眼睛，爱上我母亲的面孔开始的。” ——乔治·艾略特<img alt=""[钱]"" title=""[钱]"" src=""https://face.t.sinajs.cn/t4/appstyle/expression/ext/normal/a2/2018new_qian_org.png"" />",0,0
,4797546650403841,Mon Aug 01 06:48:38 +0800 2022,德州同城会,https://weibo.com//u/2024260507,"今晚月色真美。<img alt=""[吃瓜]"" title=""[吃瓜]"" src=""https://face.t.sinajs.cn/t4/appstyle/expression/ext/normal/01/2018new_chigua_org.png"" />",0,0
