﻿parent_comment_id,comment_id,comment_time,comment_user_name,comment_user_link,comment_content,comment_like_num,child_comment_num
,4797578509552393,Mon Aug 01 08:55:14 +0800 2022,千唤棠,https://weibo.com//u/7769897388,"网红提子么<img alt=""[喵喵]"" title=""[喵喵]"" src=""https://face.t.sinajs.cn/t4/appstyle/expression/ext/normal/7b/2018new_miaomiao_org.png"" /><img alt=""[喵喵]"" title=""[喵喵]"" src=""https://face.t.sinajs.cn/t4/appstyle/expression/ext/normal/7b/2018new_miaomiao_org.png"" />",0,4
4797578509552393.0,4797579537942562,Mon Aug 01 08:59:19 +0800 2022,龚章律师,https://weibo.com//u/6923776685,"上热搜那位<img alt=""[doge]"" title=""[doge]"" src=""https://face.t.sinajs.cn/t4/appstyle/expression/ext/normal/a1/2018new_doge02_org.png"" />",0,0
4797578509552393.0,4797582049547175,Mon Aug 01 09:09:18 +0800 2022,千唤棠,https://weibo.com//u/7769897388,回复<a href=/n/龚章律师>@龚章律师</a>:提子被判刑了嘛？吃鲨鱼的那个,0,0
4797578509552393.0,4797580968464362,Mon Aug 01 09:05:00 +0800 2022,龚章律师,https://weibo.com//u/6923776685,回复<a href=/n/千唤棠>@千唤棠</a>:不清楚,0,0
4797578509552393.0,4797580200642935,Mon Aug 01 09:01:57 +0800 2022,千唤棠,https://weibo.com//u/7769897388,"回复<a href=/n/龚章律师>@龚章律师</a>:有人吃鲨鱼，漫展有人被喂刀片，不知律师知不知道<img alt=""[喵喵]"" title=""[喵喵]"" src=""https://face.t.sinajs.cn/t4/appstyle/expression/ext/normal/7b/2018new_miaomiao_org.png"" /><img alt=""[喵喵]"" title=""[喵喵]"" src=""https://face.t.sinajs.cn/t4/appstyle/expression/ext/normal/7b/2018new_miaomiao_org.png"" />",0,0
