﻿parent_comment_id,comment_id,comment_time,comment_user_name,comment_user_link,comment_content,comment_like_num,child_comment_num
,4797632771260574,Mon Aug 01 12:30:50 +0800 2022,微成都,https://weibo.com//u/1916780343,"关注<img alt=""[话筒]"" title=""[话筒]"" src=""https://face.t.sinajs.cn/t4/appstyle/expression/ext/normal/48/2018new_huatong_org.png"" /><img alt=""[话筒]"" title=""[话筒]"" src=""https://face.t.sinajs.cn/t4/appstyle/expression/ext/normal/48/2018new_huatong_org.png"" />",0,0
,4797599661431790,Mon Aug 01 10:19:17 +0800 2022,华阴检察,https://weibo.com//u/5345420764,近日，四川南充，网红博主“提子”拍摄水煮鲨鱼和烧烤鲨鱼的视频引发关注。有科普博主反映，视频中的鲨鱼是国际濒危野生动物“噬人鲨”，系国家二级保护动物。7月31日，记者从南充警方获悉，经鉴定，涉事视频中的鲨鱼确是噬人鲨（也称大白鲨）,0,0
,4797597154280640,Mon Aug 01 10:09:19 +0800 2022,菏泽市人民检察院,https://weibo.com//u/5455970373,"关注关注<img alt=""[话筒]"" title=""[话筒]"" src=""https://face.t.sinajs.cn/t4/appstyle/expression/ext/normal/48/2018new_huatong_org.png"" /><img alt=""[话筒]"" title=""[话筒]"" src=""https://face.t.sinajs.cn/t4/appstyle/expression/ext/normal/48/2018new_huatong_org.png"" />",0,0
,4797589595886465,Mon Aug 01 09:39:17 +0800 2022,龙泉驿人社,https://weibo.com//u/2596443261,"<img alt=""[话筒]"" title=""[话筒]"" src=""https://face.t.sinajs.cn/t4/appstyle/expression/ext/normal/48/2018new_huatong_org.png"" />",0,0
