﻿parent_comment_id,comment_id,comment_time,comment_user_name,comment_user_link,comment_content,comment_like_num,child_comment_num
,4797545845096585,Mon Aug 01 06:45:25 +0800 2022,爱国街专职网格员Miss杨,https://weibo.com//u/7510775987,转发微博,0,0
,4797606657789855,Mon Aug 01 10:47:05 +0800 2022,米易公安,https://weibo.com//u/3160981342,"<img alt=""[话筒]"" title=""[话筒]"" src=""https://face.t.sinajs.cn/t4/appstyle/expression/ext/normal/48/2018new_huatong_org.png"" />",0,0
,4797606259590562,Mon Aug 01 10:45:30 +0800 2022,济南市天桥区人民检察,https://weibo.com//u/5539558550,传递法治资讯<a href=/n/济南市天桥区人民检察>@济南市天桥区人民检察</a>,0,0
,4797573955586381,Mon Aug 01 08:37:08 +0800 2022,胜利街反邪教,https://weibo.com//u/6036264781,"#警方认定网红用濒危大白鲨做美食#【别让它们，只出现在博物馆里…<img alt=""[泪]"" title=""[泪]"" src=""https://face.t.sinajs.cn/t4/appstyle/expression/ext/normal/6e/2018new_leimu_org.png"" />】每15分钟，就有1头非洲象遭到猎杀；因为鱼翅，每年有7300万条鲨鱼被杀害；一代的时间内，穿山甲就可能消失…没有买卖，就没有杀害。",0,0
,4797570142438786,Mon Aug 01 08:21:59 +0800 2022,菏泽市人民检察院,https://weibo.com//u/5455970373,"关注<img alt=""[话筒]"" title=""[话筒]"" src=""https://face.t.sinajs.cn/t4/appstyle/expression/ext/normal/48/2018new_huatong_org.png"" />关注<img alt=""[话筒]"" title=""[话筒]"" src=""https://face.t.sinajs.cn/t4/appstyle/expression/ext/normal/48/2018new_huatong_org.png"" />",0,0
,4797545131541832,Mon Aug 01 06:42:36 +0800 2022,城郊网格员,https://weibo.com//u/7673158670,转发微博,0,0
