﻿parent_comment_id,comment_id,comment_time,comment_user_name,comment_user_link,comment_content,comment_like_num,child_comment_num
,4797554498472103,Mon Aug 01 07:19:49 +0800 2022,懒散人缘,https://weibo.com//u/7646797872,"<img alt=""[傻眼]"" title=""[傻眼]"" src=""https://face.t.sinajs.cn/t4/appstyle/expression/ext/normal/dd/2018new_shayan_org.png"" /><img alt=""[傻眼]"" title=""[傻眼]"" src=""https://face.t.sinajs.cn/t4/appstyle/expression/ext/normal/dd/2018new_shayan_org.png"" /><img alt=""[傻眼]"" title=""[傻眼]"" src=""https://face.t.sinajs.cn/t4/appstyle/expression/ext/normal/dd/2018new_shayan_org.png"" /><img alt=""[傻眼]"" title=""[傻眼]"" src=""https://face.t.sinajs.cn/t4/appstyle/expression/ext/normal/dd/2018new_shayan_org.png"" />",4,0
,4797554350623573,Mon Aug 01 07:19:14 +0800 2022,兜里藏着伤,https://weibo.com//u/7659111794,"无语了<img alt=""[哆啦A梦害怕]"" title=""[哆啦A梦害怕]"" src=""https://face.t.sinajs.cn/t4/appstyle/expression/ext/normal/c7/dorahaipa_org.gif"" /><img alt=""[哆啦A梦害怕]"" title=""[哆啦A梦害怕]"" src=""https://face.t.sinajs.cn/t4/appstyle/expression/ext/normal/c7/dorahaipa_org.gif"" /><img alt=""[哆啦A梦害怕]"" title=""[哆啦A梦害怕]"" src=""https://face.t.sinajs.cn/t4/appstyle/expression/ext/normal/c7/dorahaipa_org.gif"" /><img alt=""[哆啦A梦害怕]"" title=""[哆啦A梦害怕]"" src=""https://face.t.sinajs.cn/t4/appstyle/expression/ext/normal/c7/dorahaipa_org.gif"" />",5,0
,4797554149294526,Mon Aug 01 07:18:26 +0800 2022,俏笑佳人梦·,https://weibo.com//u/6029571420,"<img alt=""[挖鼻]"" title=""[挖鼻]"" src=""https://face.t.sinajs.cn/t4/appstyle/expression/ext/normal/9a/2018new_wabi_thumb.png"" /><img alt=""[挖鼻]"" title=""[挖鼻]"" src=""https://face.t.sinajs.cn/t4/appstyle/expression/ext/normal/9a/2018new_wabi_thumb.png"" /><img alt=""[挖鼻]"" title=""[挖鼻]"" src=""https://face.t.sinajs.cn/t4/appstyle/expression/ext/normal/9a/2018new_wabi_thumb.png"" /><img alt=""[挖鼻]"" title=""[挖鼻]"" src=""https://face.t.sinajs.cn/t4/appstyle/expression/ext/normal/9a/2018new_wabi_thumb.png"" /><img alt=""[挖鼻]"" title=""[挖鼻]"" src=""https://face.t.sinajs.cn/t4/appstyle/expression/ext/normal/9a/2018new_wabi_thumb.png"" /><img alt=""[挖鼻]"" title=""[挖鼻]"" src=""https://face.t.sinajs.cn/t4/appstyle/expression/ext/normal/9a/2018new_wabi_thumb.png"" />",6,0
,4797554129109307,Mon Aug 01 07:18:20 +0800 2022,俏笑佳人梦·,https://weibo.com//u/6029571420,"<img alt=""[允悲]"" title=""[允悲]"" src=""https://face.t.sinajs.cn/t4/appstyle/expression/ext/normal/83/2018new_kuxiao_org.png"" /><img alt=""[允悲]"" title=""[允悲]"" src=""https://face.t.sinajs.cn/t4/appstyle/expression/ext/normal/83/2018new_kuxiao_org.png"" /><img alt=""[允悲]"" title=""[允悲]"" src=""https://face.t.sinajs.cn/t4/appstyle/expression/ext/normal/83/2018new_kuxiao_org.png"" /><img alt=""[允悲]"" title=""[允悲]"" src=""https://face.t.sinajs.cn/t4/appstyle/expression/ext/normal/83/2018new_kuxiao_org.png"" /><img alt=""[允悲]"" title=""[允悲]"" src=""https://face.t.sinajs.cn/t4/appstyle/expression/ext/normal/83/2018new_kuxiao_org.png"" />",6,0
