﻿parent_comment_id,comment_id,comment_time,comment_user_name,comment_user_link,comment_content,comment_like_num,child_comment_num
,4797788339047946,Mon Aug 01 22:49:00 +0800 2022,mofeifei5,https://weibo.com//u/7310274565,怎么弄来的，团伙作案，团伙还不小,0,0
,4797589986216751,Mon Aug 01 09:40:50 +0800 2022,曩仏仏,https://weibo.com//u/5102208800,过分,0,0
,4797542766478709,Mon Aug 01 06:33:12 +0800 2022,双鱼座的生成勤,https://weibo.com//u/6621993547,"<img alt=""[哆啦A梦害怕]"" title=""[哆啦A梦害怕]"" src=""https://face.t.sinajs.cn/t4/appstyle/expression/ext/normal/c7/dorahaipa_org.gif"" /><img alt=""[哆啦A梦害怕]"" title=""[哆啦A梦害怕]"" src=""https://face.t.sinajs.cn/t4/appstyle/expression/ext/normal/c7/dorahaipa_org.gif"" /><img alt=""[哆啦A梦害怕]"" title=""[哆啦A梦害怕]"" src=""https://face.t.sinajs.cn/t4/appstyle/expression/ext/normal/c7/dorahaipa_org.gif"" /><img alt=""[哆啦A梦害怕]"" title=""[哆啦A梦害怕]"" src=""https://face.t.sinajs.cn/t4/appstyle/expression/ext/normal/c7/dorahaipa_org.gif"" />",1,0
,4797541591810663,Mon Aug 01 06:28:32 +0800 2022,红颜如玉美,https://weibo.com//u/6434692264,"<img alt=""[哆啦A梦吃惊]"" title=""[哆啦A梦吃惊]"" src=""https://face.t.sinajs.cn/t4/appstyle/expression/ext/normal/f0/dorachijing_org.gif"" /><img alt=""[哆啦A梦吃惊]"" title=""[哆啦A梦吃惊]"" src=""https://face.t.sinajs.cn/t4/appstyle/expression/ext/normal/f0/dorachijing_org.gif"" /><img alt=""[哆啦A梦吃惊]"" title=""[哆啦A梦吃惊]"" src=""https://face.t.sinajs.cn/t4/appstyle/expression/ext/normal/f0/dorachijing_org.gif"" />",2,0
,4797541197284709,Mon Aug 01 06:26:58 +0800 2022,听风看暮云,https://weibo.com//u/7513193289,"好无语<img alt=""[傻眼]"" title=""[傻眼]"" src=""https://face.t.sinajs.cn/t4/appstyle/expression/ext/normal/dd/2018new_shayan_org.png"" />",1,0
,4797540476649521,Mon Aug 01 06:24:05 +0800 2022,俏俏皮--,https://weibo.com//u/7596720853,"<img alt=""[哆啦A梦吃惊]"" title=""[哆啦A梦吃惊]"" src=""https://face.t.sinajs.cn/t4/appstyle/expression/ext/normal/f0/dorachijing_org.gif"" />",1,0
,4797540342170615,Mon Aug 01 06:23:34 +0800 2022,俏俏皮--,https://weibo.com//u/7596720853,"<img alt=""[傻眼]"" title=""[傻眼]"" src=""https://face.t.sinajs.cn/t4/appstyle/expression/ext/normal/dd/2018new_shayan_org.png"" /><img alt=""[傻眼]"" title=""[傻眼]"" src=""https://face.t.sinajs.cn/t4/appstyle/expression/ext/normal/dd/2018new_shayan_org.png"" /><img alt=""[傻眼]"" title=""[傻眼]"" src=""https://face.t.sinajs.cn/t4/appstyle/expression/ext/normal/dd/2018new_shayan_org.png"" /><img alt=""[傻眼]"" title=""[傻眼]"" src=""https://face.t.sinajs.cn/t4/appstyle/expression/ext/normal/dd/2018new_shayan_org.png"" />",2,0
,4797539491250398,Mon Aug 01 06:20:11 +0800 2022,懒散人缘,https://weibo.com//u/7646797872,"<img alt=""[哆啦A梦害怕]"" title=""[哆啦A梦害怕]"" src=""https://face.t.sinajs.cn/t4/appstyle/expression/ext/normal/c7/dorahaipa_org.gif"" /><img alt=""[哆啦A梦害怕]"" title=""[哆啦A梦害怕]"" src=""https://face.t.sinajs.cn/t4/appstyle/expression/ext/normal/c7/dorahaipa_org.gif"" /><img alt=""[哆啦A梦害怕]"" title=""[哆啦A梦害怕]"" src=""https://face.t.sinajs.cn/t4/appstyle/expression/ext/normal/c7/dorahaipa_org.gif"" /><img alt=""[哆啦A梦害怕]"" title=""[哆啦A梦害怕]"" src=""https://face.t.sinajs.cn/t4/appstyle/expression/ext/normal/c7/dorahaipa_org.gif"" />",4,0
,4797539038265390,Mon Aug 01 06:18:22 +0800 2022,恋上猫得鱼,https://weibo.com//u/7660021855,真刑,6,0
,4797538571387055,Mon Aug 01 06:16:31 +0800 2022,佳人苑叹,https://weibo.com//u/7644985142,好无语,11,0
,4797538114733179,Mon Aug 01 06:14:43 +0800 2022,时间煮酒我煮白粥,https://weibo.com//u/7659429884,"<img alt=""[哆啦A梦害怕]"" title=""[哆啦A梦害怕]"" src=""https://face.t.sinajs.cn/t4/appstyle/expression/ext/normal/c7/dorahaipa_org.gif"" /><img alt=""[哆啦A梦害怕]"" title=""[哆啦A梦害怕]"" src=""https://face.t.sinajs.cn/t4/appstyle/expression/ext/normal/c7/dorahaipa_org.gif"" /><img alt=""[哆啦A梦害怕]"" title=""[哆啦A梦害怕]"" src=""https://face.t.sinajs.cn/t4/appstyle/expression/ext/normal/c7/dorahaipa_org.gif"" /><img alt=""[哆啦A梦害怕]"" title=""[哆啦A梦害怕]"" src=""https://face.t.sinajs.cn/t4/appstyle/expression/ext/normal/c7/dorahaipa_org.gif"" />",12,0
,4797538101887617,Mon Aug 01 06:14:40 +0800 2022,时间煮酒我煮白粥,https://weibo.com//u/7659429884,"<img alt=""[傻眼]"" title=""[傻眼]"" src=""https://face.t.sinajs.cn/t4/appstyle/expression/ext/normal/dd/2018new_shayan_org.png"" /><img alt=""[傻眼]"" title=""[傻眼]"" src=""https://face.t.sinajs.cn/t4/appstyle/expression/ext/normal/dd/2018new_shayan_org.png"" /><img alt=""[傻眼]"" title=""[傻眼]"" src=""https://face.t.sinajs.cn/t4/appstyle/expression/ext/normal/dd/2018new_shayan_org.png"" /><img alt=""[傻眼]"" title=""[傻眼]"" src=""https://face.t.sinajs.cn/t4/appstyle/expression/ext/normal/dd/2018new_shayan_org.png"" />",10,0
,4797537418740732,Mon Aug 01 06:11:57 +0800 2022,兜里藏着伤,https://weibo.com//u/7659111794,太过分了,13,0
,4797537163150163,Mon Aug 01 06:10:56 +0800 2022,听风看暮色,https://weibo.com//u/7645739283,真的好无语,14,0
,4797537112818042,Mon Aug 01 06:10:44 +0800 2022,听风看暮色,https://weibo.com//u/7645739283,"怎么敢的<img alt=""[傻眼]"" title=""[傻眼]"" src=""https://face.t.sinajs.cn/t4/appstyle/expression/ext/normal/dd/2018new_shayan_org.png"" />",14,0
