﻿parent_comment_id,comment_id,comment_time,comment_user_name,comment_user_link,comment_content,comment_like_num,child_comment_num
,4797580138254622,Mon Aug 01 09:01:42 +0800 2022,通渭检察,https://weibo.com//u/5395619203,"<img alt=""[话筒]"" title=""[话筒]"" src=""https://face.t.sinajs.cn/t4/appstyle/expression/ext/normal/48/2018new_huatong_org.png"" /><img alt=""[话筒]"" title=""[话筒]"" src=""https://face.t.sinajs.cn/t4/appstyle/expression/ext/normal/48/2018new_huatong_org.png"" /><img alt=""[话筒]"" title=""[话筒]"" src=""https://face.t.sinajs.cn/t4/appstyle/expression/ext/normal/48/2018new_huatong_org.png"" />",1,0
,4798304200691925,Wed Aug 03 08:58:52 +0800 2022,安康中院,https://weibo.com//u/3760705624,"<img alt=""[话筒]"" title=""[话筒]"" src=""https://face.t.sinajs.cn/t4/appstyle/expression/ext/normal/48/2018new_huatong_org.png"" /><img alt=""[话筒]"" title=""[话筒]"" src=""https://face.t.sinajs.cn/t4/appstyle/expression/ext/normal/48/2018new_huatong_org.png"" /><img alt=""[话筒]"" title=""[话筒]"" src=""https://face.t.sinajs.cn/t4/appstyle/expression/ext/normal/48/2018new_huatong_org.png"" />",0,0
,4797797062417126,Mon Aug 01 23:23:41 +0800 2022,蕲春县人民检察院,https://weibo.com//u/3853453991,"<img alt=""[话筒]"" title=""[话筒]"" src=""https://face.t.sinajs.cn/t4/appstyle/expression/ext/normal/48/2018new_huatong_org.png"" /><img alt=""[话筒]"" title=""[话筒]"" src=""https://face.t.sinajs.cn/t4/appstyle/expression/ext/normal/48/2018new_huatong_org.png"" /><img alt=""[话筒]"" title=""[话筒]"" src=""https://face.t.sinajs.cn/t4/appstyle/expression/ext/normal/48/2018new_huatong_org.png"" />",0,0
,4797797058480230,Mon Aug 01 23:23:40 +0800 2022,黄州检察,https://weibo.com//u/5232851431,"传播信息微平台<img alt=""[话筒]"" title=""[话筒]"" src=""https://face.t.sinajs.cn/t4/appstyle/expression/ext/normal/48/2018new_huatong_org.png"" />传递法治正能量<img alt=""[太阳]"" title=""[太阳]"" src=""https://face.t.sinajs.cn/t4/appstyle/expression/ext/normal/cd/2018new_taiyang_org.png"" />",0,0
,4797797049833115,Mon Aug 01 23:23:38 +0800 2022,团风检察,https://weibo.com//u/3541418667,"传播信息微平台<img alt=""[话筒]"" title=""[话筒]"" src=""https://face.t.sinajs.cn/t4/appstyle/expression/ext/normal/48/2018new_huatong_org.png"" />传递法治正能量<img alt=""[太阳]"" title=""[太阳]"" src=""https://face.t.sinajs.cn/t4/appstyle/expression/ext/normal/cd/2018new_taiyang_org.png"" />",0,0
,4797797045896016,Mon Aug 01 23:23:36 +0800 2022,红安检察,https://weibo.com//u/5146478013,"传播信息微平台<img alt=""[话筒]"" title=""[话筒]"" src=""https://face.t.sinajs.cn/t4/appstyle/expression/ext/normal/48/2018new_huatong_org.png"" />传递法治正能量<img alt=""[太阳]"" title=""[太阳]"" src=""https://face.t.sinajs.cn/t4/appstyle/expression/ext/normal/cd/2018new_taiyang_org.png"" />",0,0
,4797794793297028,Mon Aug 01 23:14:40 +0800 2022,成都高新法院,https://weibo.com//u/5186856444,"<img alt=""[话筒]"" title=""[话筒]"" src=""https://face.t.sinajs.cn/t4/appstyle/expression/ext/normal/48/2018new_huatong_org.png"" /><img alt=""[话筒]"" title=""[话筒]"" src=""https://face.t.sinajs.cn/t4/appstyle/expression/ext/normal/48/2018new_huatong_org.png"" /><img alt=""[话筒]"" title=""[话筒]"" src=""https://face.t.sinajs.cn/t4/appstyle/expression/ext/normal/48/2018new_huatong_org.png"" />",0,0
,4797791416617088,Mon Aug 01 23:01:15 +0800 2022,陇南交警,https://weibo.com//u/1861104360,"<img alt=""[话筒]"" title=""[话筒]"" src=""https://face.t.sinajs.cn/t4/appstyle/expression/ext/normal/48/2018new_huatong_org.png"" /><img alt=""[话筒]"" title=""[话筒]"" src=""https://face.t.sinajs.cn/t4/appstyle/expression/ext/normal/48/2018new_huatong_org.png"" />",0,0
,4797774590382831,Mon Aug 01 21:54:23 +0800 2022,你是不是拿了我的包子,https://weibo.com//u/6897419405,"<img alt=""[话筒]"" title=""[话筒]"" src=""https://face.t.sinajs.cn/t4/appstyle/expression/ext/normal/48/2018new_huatong_org.png"" />",0,0
,4797767530584098,Mon Aug 01 21:26:20 +0800 2022,乌兰浩特政法,https://weibo.com//u/6579033207,"<img alt=""[话筒]"" title=""[话筒]"" src=""https://face.t.sinajs.cn/t4/appstyle/expression/ext/normal/48/2018new_huatong_org.png"" /><img alt=""[话筒]"" title=""[话筒]"" src=""https://face.t.sinajs.cn/t4/appstyle/expression/ext/normal/48/2018new_huatong_org.png"" />",0,0
,4797762816446221,Mon Aug 01 21:07:36 +0800 2022,甘泉检察,https://weibo.com//u/5340438538,"<img alt=""[话筒]"" title=""[话筒]"" src=""https://face.t.sinajs.cn/t4/appstyle/expression/ext/normal/48/2018new_huatong_org.png"" /><img alt=""[话筒]"" title=""[话筒]"" src=""https://face.t.sinajs.cn/t4/appstyle/expression/ext/normal/48/2018new_huatong_org.png"" />",0,0
,4797718210546730,Mon Aug 01 18:10:21 +0800 2022,资阳消防,https://weibo.com//u/2647281473,"<img alt=""[话筒]"" title=""[话筒]"" src=""https://face.t.sinajs.cn/t4/appstyle/expression/ext/normal/48/2018new_huatong_org.png"" /><img alt=""[话筒]"" title=""[话筒]"" src=""https://face.t.sinajs.cn/t4/appstyle/expression/ext/normal/48/2018new_huatong_org.png"" /><img alt=""[话筒]"" title=""[话筒]"" src=""https://face.t.sinajs.cn/t4/appstyle/expression/ext/normal/48/2018new_huatong_org.png"" />",0,0
,4797697167462748,Mon Aug 01 16:46:44 +0800 2022,东湖检察,https://weibo.com//u/5074646027,"【<a href=""//s.weibo.com/weibo?q=%23%E8%B4%AD%E4%B9%B0%E9%A3%9F%E7%94%A8%E5%9B%BD%E5%AE%B6%E4%BA%8C%E7%BA%A7%E4%BF%9D%E6%8A%A4%E5%8A%A8%E7%89%A9%E5%A6%82%E4%BD%95%E6%8B%85%E8%B4%A3%23"" target=""_blank"">#购买食用国家二级保护动物如何担责#</a>？】",0,0
,4797693093744501,Mon Aug 01 16:30:33 +0800 2022,昆明市委政法委,https://weibo.com//u/3806438262,"关注<img alt=""[话筒]"" title=""[话筒]"" src=""https://face.t.sinajs.cn/t4/appstyle/expression/ext/normal/48/2018new_huatong_org.png"" /><img alt=""[话筒]"" title=""[话筒]"" src=""https://face.t.sinajs.cn/t4/appstyle/expression/ext/normal/48/2018new_huatong_org.png"" /><img alt=""[话筒]"" title=""[话筒]"" src=""https://face.t.sinajs.cn/t4/appstyle/expression/ext/normal/48/2018new_huatong_org.png"" />",0,0
,4797690721080105,Mon Aug 01 16:21:07 +0800 2022,品质崇州,https://weibo.com//u/2000090825,关注,0,0
,4797687436939183,Mon Aug 01 16:08:03 +0800 2022,济南市中检察,https://weibo.com//u/5486700955,关注,0,0
,4797684043747836,Mon Aug 01 15:54:35 +0800 2022,西安交警,https://weibo.com//u/2085699127,"<img alt=""[话筒]"" title=""[话筒]"" src=""https://face.t.sinajs.cn/t4/appstyle/expression/ext/normal/48/2018new_huatong_org.png"" /><img alt=""[话筒]"" title=""[话筒]"" src=""https://face.t.sinajs.cn/t4/appstyle/expression/ext/normal/48/2018new_huatong_org.png"" />",0,0
,4797680637707084,Mon Aug 01 15:41:02 +0800 2022,漯河消防,https://weibo.com//u/2452488395,"关注<img alt=""[话筒]"" title=""[话筒]"" src=""https://face.t.sinajs.cn/t4/appstyle/expression/ext/normal/48/2018new_huatong_org.png"" /><img alt=""[话筒]"" title=""[话筒]"" src=""https://face.t.sinajs.cn/t4/appstyle/expression/ext/normal/48/2018new_huatong_org.png"" /><img alt=""[话筒]"" title=""[话筒]"" src=""https://face.t.sinajs.cn/t4/appstyle/expression/ext/normal/48/2018new_huatong_org.png"" />",0,0
,4797680158770368,Mon Aug 01 15:39:08 +0800 2022,宿州检察,https://weibo.com//u/3215433812,关注,0,0
,4797675217881228,Mon Aug 01 15:19:31 +0800 2022,河北广电,https://weibo.com//u/6939757328,"<img alt=""[话筒]"" title=""[话筒]"" src=""https://face.t.sinajs.cn/t4/appstyle/expression/ext/normal/48/2018new_huatong_org.png"" /><img alt=""[话筒]"" title=""[话筒]"" src=""https://face.t.sinajs.cn/t4/appstyle/expression/ext/normal/48/2018new_huatong_org.png"" />",0,0
,4797674903830960,Mon Aug 01 15:18:15 +0800 2022,平安绵阳,https://weibo.com//u/1900412195,"<img alt=""[话筒]"" title=""[话筒]"" src=""https://face.t.sinajs.cn/t4/appstyle/expression/ext/normal/48/2018new_huatong_org.png"" /><img alt=""[话筒]"" title=""[话筒]"" src=""https://face.t.sinajs.cn/t4/appstyle/expression/ext/normal/48/2018new_huatong_org.png"" />",0,0
,4797665646215432,Mon Aug 01 14:41:28 +0800 2022,宜宾公安,https://weibo.com//u/3815664603,"<img alt=""[话筒]"" title=""[话筒]"" src=""https://face.t.sinajs.cn/t4/appstyle/expression/ext/normal/48/2018new_huatong_org.png"" /><img alt=""[话筒]"" title=""[话筒]"" src=""https://face.t.sinajs.cn/t4/appstyle/expression/ext/normal/48/2018new_huatong_org.png"" />",0,0
,4797659200099176,Mon Aug 01 14:15:52 +0800 2022,齐河环境,https://weibo.com//u/3716316921,"感谢普法<img alt=""[融化]"" title=""[融化]"" src=""https://face.t.sinajs.cn/t4/appstyle/expression/ext/normal/53/2022_melt_org.png"" />",0,0
,4797621157758301,Mon Aug 01 11:44:41 +0800 2022,兰州文化旅游,https://weibo.com//u/5770755050,"<img alt=""[话筒]"" title=""[话筒]"" src=""https://face.t.sinajs.cn/t4/appstyle/expression/ext/normal/48/2018new_huatong_org.png"" /><img alt=""[话筒]"" title=""[话筒]"" src=""https://face.t.sinajs.cn/t4/appstyle/expression/ext/normal/48/2018new_huatong_org.png"" />",0,0
,4797614577685798,Mon Aug 01 11:18:33 +0800 2022,德阳公安,https://weibo.com//u/2017198025,"<img alt=""[话筒]"" title=""[话筒]"" src=""https://face.t.sinajs.cn/t4/appstyle/expression/ext/normal/48/2018new_huatong_org.png"" /><img alt=""[话筒]"" title=""[话筒]"" src=""https://face.t.sinajs.cn/t4/appstyle/expression/ext/normal/48/2018new_huatong_org.png"" /><img alt=""[话筒]"" title=""[话筒]"" src=""https://face.t.sinajs.cn/t4/appstyle/expression/ext/normal/48/2018new_huatong_org.png"" />",0,0
,4797609548712314,Mon Aug 01 10:58:34 +0800 2022,开阳县检察院,https://weibo.com//u/3196346062,<a href=/n/德州中院>@德州中院</a>,0,0
,4797604254977314,Mon Aug 01 10:37:32 +0800 2022,东丽检察,https://weibo.com//u/5629741139,"<img alt=""[话筒]"" title=""[话筒]"" src=""https://face.t.sinajs.cn/t4/appstyle/expression/ext/normal/48/2018new_huatong_org.png"" /><img alt=""[话筒]"" title=""[话筒]"" src=""https://face.t.sinajs.cn/t4/appstyle/expression/ext/normal/48/2018new_huatong_org.png"" />",0,0
,4797602749484244,Mon Aug 01 10:31:33 +0800 2022,我的团子坐我身边,https://weibo.com//u/7691951039,"<img alt=""[话筒]"" title=""[话筒]"" src=""https://face.t.sinajs.cn/t4/appstyle/expression/ext/normal/48/2018new_huatong_org.png"" />",0,0
,4797601976945043,Mon Aug 01 10:28:29 +0800 2022,汉滨检察,https://weibo.com//u/5999587576,"<img alt=""[话筒]"" title=""[话筒]"" src=""https://face.t.sinajs.cn/t4/appstyle/expression/ext/normal/48/2018new_huatong_org.png"" /><img alt=""[话筒]"" title=""[话筒]"" src=""https://face.t.sinajs.cn/t4/appstyle/expression/ext/normal/48/2018new_huatong_org.png"" />",0,0
,4797601881525627,Mon Aug 01 10:28:06 +0800 2022,80后老姜,https://weibo.com//u/1866190267,"<img alt=""[话筒]"" title=""[话筒]"" src=""https://face.t.sinajs.cn/t4/appstyle/expression/ext/normal/48/2018new_huatong_org.png"" />",0,0
,4797601200738115,Mon Aug 01 10:25:24 +0800 2022,天秤座的sabrina,https://weibo.com//u/6032669709,"<img alt=""[话筒]"" title=""[话筒]"" src=""https://face.t.sinajs.cn/t4/appstyle/expression/ext/normal/48/2018new_huatong_org.png"" />",0,0
,4797600630837043,Mon Aug 01 10:23:08 +0800 2022,姜-许,https://weibo.com//u/1267871525,"<img alt=""[话筒]"" title=""[话筒]"" src=""https://face.t.sinajs.cn/t4/appstyle/expression/ext/normal/48/2018new_huatong_org.png"" />",0,0
,4797599942705623,Mon Aug 01 10:20:23 +0800 2022,锦江法院,https://weibo.com//u/3515657807,"<img alt=""[话筒]"" title=""[话筒]"" src=""https://face.t.sinajs.cn/t4/appstyle/expression/ext/normal/48/2018new_huatong_org.png"" /><img alt=""[话筒]"" title=""[话筒]"" src=""https://face.t.sinajs.cn/t4/appstyle/expression/ext/normal/48/2018new_huatong_org.png"" />",0,0
,4797599934055583,Mon Aug 01 10:20:21 +0800 2022,锦江法院,https://weibo.com//u/3515657807,"<img alt=""[话筒]"" title=""[话筒]"" src=""https://face.t.sinajs.cn/t4/appstyle/expression/ext/normal/48/2018new_huatong_org.png"" />",0,0
,4797599921740350,Mon Aug 01 10:20:19 +0800 2022,锦江法院,https://weibo.com//u/3515657807,"<img alt=""[话筒]"" title=""[话筒]"" src=""https://face.t.sinajs.cn/t4/appstyle/expression/ext/normal/48/2018new_huatong_org.png"" /><img alt=""[话筒]"" title=""[话筒]"" src=""https://face.t.sinajs.cn/t4/appstyle/expression/ext/normal/48/2018new_huatong_org.png"" /><img alt=""[话筒]"" title=""[话筒]"" src=""https://face.t.sinajs.cn/t4/appstyle/expression/ext/normal/48/2018new_huatong_org.png"" />",0,0
,4797599661689130,Mon Aug 01 10:19:17 +0800 2022,西青检察官,https://weibo.com//u/5042240803,"<img alt=""[话筒]"" title=""[话筒]"" src=""https://face.t.sinajs.cn/t4/appstyle/expression/ext/normal/48/2018new_huatong_org.png"" /><img alt=""[话筒]"" title=""[话筒]"" src=""https://face.t.sinajs.cn/t4/appstyle/expression/ext/normal/48/2018new_huatong_org.png"" />",0,0
,4797599137401814,Mon Aug 01 10:17:12 +0800 2022,黑龙江高速交警,https://weibo.com//u/6052733332,"<img alt=""[话筒]"" title=""[话筒]"" src=""https://face.t.sinajs.cn/t4/appstyle/expression/ext/normal/48/2018new_huatong_org.png"" /><img alt=""[话筒]"" title=""[话筒]"" src=""https://face.t.sinajs.cn/t4/appstyle/expression/ext/normal/48/2018new_huatong_org.png"" />",0,0
,4797598944204398,Mon Aug 01 10:16:26 +0800 2022,西青检察官,https://weibo.com//u/5042240803,"<img alt=""[话筒]"" title=""[话筒]"" src=""https://face.t.sinajs.cn/t4/appstyle/expression/ext/normal/48/2018new_huatong_org.png"" /><img alt=""[话筒]"" title=""[话筒]"" src=""https://face.t.sinajs.cn/t4/appstyle/expression/ext/normal/48/2018new_huatong_org.png"" />",0,0
,4797598793992937,Mon Aug 01 10:15:50 +0800 2022,绥阳检察院,https://weibo.com//u/6159318611,"<img alt=""[话筒]"" title=""[话筒]"" src=""https://face.t.sinajs.cn/t4/appstyle/expression/ext/normal/48/2018new_huatong_org.png"" /><img alt=""[话筒]"" title=""[话筒]"" src=""https://face.t.sinajs.cn/t4/appstyle/expression/ext/normal/48/2018new_huatong_org.png"" />",0,0
,4797595756529331,Mon Aug 01 10:03:45 +0800 2022,江汉检察,https://weibo.com//u/5078785827,"关注热点资讯<img alt=""[话筒]"" title=""[话筒]"" src=""https://face.t.sinajs.cn/t4/appstyle/expression/ext/normal/48/2018new_huatong_org.png"" /><img alt=""[话筒]"" title=""[话筒]"" src=""https://face.t.sinajs.cn/t4/appstyle/expression/ext/normal/48/2018new_huatong_org.png"" />",0,0
,4797595371442235,Mon Aug 01 10:02:14 +0800 2022,临沧政法,https://weibo.com//u/6478725896,"<img alt=""[话筒]"" title=""[话筒]"" src=""https://face.t.sinajs.cn/t4/appstyle/expression/ext/normal/48/2018new_huatong_org.png"" /><img alt=""[话筒]"" title=""[话筒]"" src=""https://face.t.sinajs.cn/t4/appstyle/expression/ext/normal/48/2018new_huatong_org.png"" />",0,0
,4797594414880048,Mon Aug 01 09:58:26 +0800 2022,山亭发布,https://weibo.com//u/3212590852,关注,0,0
,4797592049549380,Mon Aug 01 09:49:01 +0800 2022,游仙公安,https://weibo.com//u/1920901005,"<img alt=""[话筒]"" title=""[话筒]"" src=""https://face.t.sinajs.cn/t4/appstyle/expression/ext/normal/48/2018new_huatong_org.png"" /><img alt=""[话筒]"" title=""[话筒]"" src=""https://face.t.sinajs.cn/t4/appstyle/expression/ext/normal/48/2018new_huatong_org.png"" /><img alt=""[话筒]"" title=""[话筒]"" src=""https://face.t.sinajs.cn/t4/appstyle/expression/ext/normal/48/2018new_huatong_org.png"" />",0,0
,4797591411232140,Mon Aug 01 09:46:30 +0800 2022,潍坊市人民检察院,https://weibo.com//u/6285362680,"<img alt=""[话筒]"" title=""[话筒]"" src=""https://face.t.sinajs.cn/t4/appstyle/expression/ext/normal/48/2018new_huatong_org.png"" /><img alt=""[话筒]"" title=""[话筒]"" src=""https://face.t.sinajs.cn/t4/appstyle/expression/ext/normal/48/2018new_huatong_org.png"" />",0,0
,4797589189559620,Mon Aug 01 09:37:40 +0800 2022,南宁检察,https://weibo.com//u/5794269940,"<img alt=""[话筒]"" title=""[话筒]"" src=""https://face.t.sinajs.cn/t4/appstyle/expression/ext/normal/48/2018new_huatong_org.png"" /><img alt=""[话筒]"" title=""[话筒]"" src=""https://face.t.sinajs.cn/t4/appstyle/expression/ext/normal/48/2018new_huatong_org.png"" /><a href=/n/南宁检察>@南宁检察</a>",0,0
,4797587934937587,Mon Aug 01 09:32:41 +0800 2022,高青检察,https://weibo.com//u/5374241010,"<img alt=""[话筒]"" title=""[话筒]"" src=""https://face.t.sinajs.cn/t4/appstyle/expression/ext/normal/48/2018new_huatong_org.png"" /><img alt=""[话筒]"" title=""[话筒]"" src=""https://face.t.sinajs.cn/t4/appstyle/expression/ext/normal/48/2018new_huatong_org.png"" /><img alt=""[话筒]"" title=""[话筒]"" src=""https://face.t.sinajs.cn/t4/appstyle/expression/ext/normal/48/2018new_huatong_org.png"" /><img alt=""[话筒]"" title=""[话筒]"" src=""https://face.t.sinajs.cn/t4/appstyle/expression/ext/normal/48/2018new_huatong_org.png"" /><img alt=""[话筒]"" title=""[话筒]"" src=""https://face.t.sinajs.cn/t4/appstyle/expression/ext/normal/48/2018new_huatong_org.png"" />",0,0
,4797585250063038,Mon Aug 01 09:22:01 +0800 2022,铜仁消防,https://weibo.com//u/3192193400,"<img alt=""[话筒]"" title=""[话筒]"" src=""https://face.t.sinajs.cn/t4/appstyle/expression/ext/normal/48/2018new_huatong_org.png"" /><img alt=""[话筒]"" title=""[话筒]"" src=""https://face.t.sinajs.cn/t4/appstyle/expression/ext/normal/48/2018new_huatong_org.png"" />",0,0
,4797584671772878,Mon Aug 01 09:19:43 +0800 2022,平利检察,https://weibo.com//u/5192877731,<a href=/n/德州中院>@德州中院</a>,0,0
,4797584139093841,Mon Aug 01 09:17:36 +0800 2022,重庆巴南检察院,https://weibo.com//u/1748243474,"<img alt=""[话筒]"" title=""[话筒]"" src=""https://face.t.sinajs.cn/t4/appstyle/expression/ext/normal/48/2018new_huatong_org.png"" /><img alt=""[话筒]"" title=""[话筒]"" src=""https://face.t.sinajs.cn/t4/appstyle/expression/ext/normal/48/2018new_huatong_org.png"" />",1,0
,4797583954806309,Mon Aug 01 09:16:52 +0800 2022,成都高新市场监管,https://weibo.com//u/3355021510,关注,0,0
,4797583657010633,Mon Aug 01 09:15:41 +0800 2022,潍坊公安,https://weibo.com//u/2616360197,"<img alt=""[话筒]"" title=""[话筒]"" src=""https://face.t.sinajs.cn/t4/appstyle/expression/ext/normal/48/2018new_huatong_org.png"" />",0,0
,4797583648099224,Mon Aug 01 09:15:39 +0800 2022,潍坊公安,https://weibo.com//u/2616360197,"<img alt=""[话筒]"" title=""[话筒]"" src=""https://face.t.sinajs.cn/t4/appstyle/expression/ext/normal/48/2018new_huatong_org.png"" /><img alt=""[话筒]"" title=""[话筒]"" src=""https://face.t.sinajs.cn/t4/appstyle/expression/ext/normal/48/2018new_huatong_org.png"" />",0,0
,4797583643904063,Mon Aug 01 09:15:37 +0800 2022,潍坊公安,https://weibo.com//u/2616360197,"<img alt=""[话筒]"" title=""[话筒]"" src=""https://face.t.sinajs.cn/t4/appstyle/expression/ext/normal/48/2018new_huatong_org.png"" />",0,0
,4797582364644889,Mon Aug 01 09:10:33 +0800 2022,平安曲靖,https://weibo.com//u/3672346913,"关注<img alt=""[话筒]"" title=""[话筒]"" src=""https://face.t.sinajs.cn/t4/appstyle/expression/ext/normal/48/2018new_huatong_org.png"" /><img alt=""[话筒]"" title=""[话筒]"" src=""https://face.t.sinajs.cn/t4/appstyle/expression/ext/normal/48/2018new_huatong_org.png"" />",0,0
,4797581588435480,Mon Aug 01 09:07:28 +0800 2022,广西政法,https://weibo.com//u/5328345103,"<img alt=""[话筒]"" title=""[话筒]"" src=""https://face.t.sinajs.cn/t4/appstyle/expression/ext/normal/48/2018new_huatong_org.png"" /><img alt=""[话筒]"" title=""[话筒]"" src=""https://face.t.sinajs.cn/t4/appstyle/expression/ext/normal/48/2018new_huatong_org.png"" />",0,0
,4797579983061670,Mon Aug 01 09:01:04 +0800 2022,红河政法,https://weibo.com//u/6342621923,"<img alt=""[话筒]"" title=""[话筒]"" src=""https://face.t.sinajs.cn/t4/appstyle/expression/ext/normal/48/2018new_huatong_org.png"" /><img alt=""[话筒]"" title=""[话筒]"" src=""https://face.t.sinajs.cn/t4/appstyle/expression/ext/normal/48/2018new_huatong_org.png"" />",0,0
,4797574374231503,Mon Aug 01 08:38:48 +0800 2022,鹤城网警巡查执法,https://weibo.com//u/5657421525,"关注<img alt=""[话筒]"" title=""[话筒]"" src=""https://face.t.sinajs.cn/t4/appstyle/expression/ext/normal/48/2018new_huatong_org.png"" /><img alt=""[话筒]"" title=""[话筒]"" src=""https://face.t.sinajs.cn/t4/appstyle/expression/ext/normal/48/2018new_huatong_org.png"" />",0,0
,4797573770256168,Mon Aug 01 08:36:24 +0800 2022,正安县检察院,https://weibo.com//u/6050894051,"<img alt=""[话筒]"" title=""[话筒]"" src=""https://face.t.sinajs.cn/t4/appstyle/expression/ext/normal/48/2018new_huatong_org.png"" /><img alt=""[话筒]"" title=""[话筒]"" src=""https://face.t.sinajs.cn/t4/appstyle/expression/ext/normal/48/2018new_huatong_org.png"" /><img alt=""[话筒]"" title=""[话筒]"" src=""https://face.t.sinajs.cn/t4/appstyle/expression/ext/normal/48/2018new_huatong_org.png"" />",1,0
