﻿parent_comment_id,comment_id,comment_time,comment_user_name,comment_user_link,comment_content,comment_like_num,child_comment_num
,4797596487125402,Mon Aug 01 10:06:40 +0800 2022,大渡口区法院,https://weibo.com//u/3919670933,[话筒][话筒][话筒],0,0
,4797779307924124,Mon Aug 01 22:13:07 +0800 2022,富贵儿家的大肥基,https://weibo.com//u/3017762361,关注[话筒],0,0
,4797675847811349,Mon Aug 01 15:22:00 +0800 2022,黄河口检察在线,https://weibo.com//u/5154653304,[话筒][话筒],0,0
,4797663281681415,Mon Aug 01 14:32:05 +0800 2022,菏泽市人民检察院,https://weibo.com//u/5455970373,关注[话筒]关注[话筒],0,0
,4797620163970468,Mon Aug 01 11:40:44 +0800 2022,锦绣青羊,https://weibo.com//u/1906874803,关注<a href=/n/锦绣青羊>@锦绣青羊</a>,0,0
,4797608779845989,Mon Aug 01 10:55:31 +0800 2022,高新服务,https://weibo.com//u/3359245562,[话筒][话筒],0,0
,4797608088830514,Mon Aug 01 10:52:45 +0800 2022,河北长安网,https://weibo.com//u/6155344804,[话筒][话筒],0,0
,4797596801174971,Mon Aug 01 10:07:55 +0800 2022,德州中院,https://weibo.com//u/3628354521,[话筒],0,0
