﻿parent_comment_id,comment_id,comment_time,comment_user_name,comment_user_link,comment_content,comment_like_num,child_comment_num
,4797697141246277,Mon Aug 01 16:46:38 +0800 2022,唐县检察,https://weibo.com//u/5286982635,"<img alt=""[话筒]"" title=""[话筒]"" src=""https://face.t.sinajs.cn/t4/appstyle/expression/ext/normal/48/2018new_huatong_org.png"" /><img alt=""[话筒]"" title=""[话筒]"" src=""https://face.t.sinajs.cn/t4/appstyle/expression/ext/normal/48/2018new_huatong_org.png"" />",0,0
,4797696119147113,Mon Aug 01 16:42:34 +0800 2022,沧州长安网,https://weibo.com//u/6253801852,低级炒作,0,0
,4797620621410740,Mon Aug 01 11:42:33 +0800 2022,高碑店法院,https://weibo.com//u/5121216330,转发微博,0,0
,4797620570033371,Mon Aug 01 11:42:22 +0800 2022,平安泸州,https://weibo.com//u/2702378892,"<img alt=""[话筒]"" title=""[话筒]"" src=""https://face.t.sinajs.cn/t4/appstyle/expression/ext/normal/48/2018new_huatong_org.png"" /><img alt=""[话筒]"" title=""[话筒]"" src=""https://face.t.sinajs.cn/t4/appstyle/expression/ext/normal/48/2018new_huatong_org.png"" />",0,0
,4797603508913799,Mon Aug 01 10:34:33 +0800 2022,蠡县长安网,https://weibo.com//u/6292260319,转发微博,0,0
,4797594058366506,Mon Aug 01 09:57:01 +0800 2022,高阳法院,https://weibo.com//u/5127633222,转发微博,0,0
,4797590510765837,Mon Aug 01 09:42:55 +0800 2022,宁晋长安网,https://weibo.com//u/6292660155,"<a href=""//s.weibo.com/weibo?q=%23%E8%AD%A6%E6%96%B9%E8%AE%A4%E5%AE%9A%E7%BD%91%E7%BA%A2%E7%94%A8%E6%BF%92%E5%8D%B1%E5%A4%A7%E7%99%BD%E9%B2%A8%E5%81%9A%E7%BE%8E%E9%A3%9F%23"" target=""_blank"">#警方认定网红用濒危大白鲨做美食#</a>",0,0
,4797589067926321,Mon Aug 01 09:37:11 +0800 2022,上虞公安,https://weibo.com//u/2131330840,"<img alt=""[话筒]"" title=""[话筒]"" src=""https://face.t.sinajs.cn/t4/appstyle/expression/ext/normal/48/2018new_huatong_org.png"" /><img alt=""[话筒]"" title=""[话筒]"" src=""https://face.t.sinajs.cn/t4/appstyle/expression/ext/normal/48/2018new_huatong_org.png"" />",0,0
,4797575867144150,Mon Aug 01 08:44:44 +0800 2022,柳州共青团,https://weibo.com//u/1893369911,"<img alt=""[阿玛尼芍药]"" title=""[阿玛尼芍药]"" src=""https://face.t.sinajs.cn/t4/appstyle/expression/ext/normal/74/2022_Armanipeony_org.png"" /><img alt=""[阿玛尼芍药]"" title=""[阿玛尼芍药]"" src=""https://face.t.sinajs.cn/t4/appstyle/expression/ext/normal/74/2022_Armanipeony_org.png"" />",0,0
