﻿parent_comment_id,comment_id,comment_time,comment_user_name,comment_user_link,comment_content,comment_like_num,child_comment_num
,4797438915516575,Sun Jul 31 23:40:32 +0800 2022,九霄云外仙外仙的仙,https://weibo.com//u/6132844284,"有钱能使鬼推磨<img alt=""[二哈]"" title=""[二哈]"" src=""https://face.t.sinajs.cn/t4/appstyle/expression/ext/normal/22/2018new_erha_org.png"" />",2,0
,4797442996569497,Sun Jul 31 23:56:45 +0800 2022,小小小角落的阳光,https://weibo.com//u/7371404378,像丧尸和野人，看了都害怕,0,0
,4797439082758513,Sun Jul 31 23:41:11 +0800 2022,蔡徐坤yeee,https://weibo.com//u/6459771699,配上那个妆跟个鬼一样,0,0
,4797436600517007,Sun Jul 31 23:31:19 +0800 2022,随时准备带着名字跑路的坑文作者,https://weibo.com//u/7492381651,"那个娃娃鱼真的很恶心<img alt=""[苦涩]"" title=""[苦涩]"" src=""https://face.t.sinajs.cn/t4/appstyle/expression/ext/normal/7e/2021_bitter_org.png"" /><img alt=""[苦涩]"" title=""[苦涩]"" src=""https://face.t.sinajs.cn/t4/appstyle/expression/ext/normal/7e/2021_bitter_org.png"" />那个视频看这就恶心<img alt=""[抓狂]"" title=""[抓狂]"" src=""https://face.t.sinajs.cn/t4/appstyle/expression/ext/normal/17/2018new_zhuakuang_org.png"" />",0,0
,4797435522058020,Sun Jul 31 23:27:03 +0800 2022,金牛座的小宅女苗苗,https://weibo.com//u/5340925229,恶人肯定啥都敢吃呀,0,0
,4797432968511919,Sun Jul 31 23:16:53 +0800 2022,岁杪零肆_,https://weibo.com//u/2345708864,而且她吃相也很恶,16,1
,4797432733635182,Sun Jul 31 23:15:58 +0800 2022,殷勤仙友,https://weibo.com//u/6598813038,还有吃鸵鸟那个，上1秒鸵鸟还追着她跑，下1秒就成了她嘴里的美餐,1,0
,4797428798588189,Sun Jul 31 23:00:19 +0800 2022,捧一束热烈的花,https://weibo.com//u/7212430790,"就是 给人一种很怪的感觉<img alt=""[哼]"" title=""[哼]"" src=""https://face.t.sinajs.cn/t4/appstyle/expression/ext/normal/7c/2018new_heng_org.png"" />",1,0
,4797427988563110,Sun Jul 31 22:57:06 +0800 2022,樱桃小完犊子kk,https://weibo.com//u/7043481776,"为了红无下限<img alt=""[吐]"" title=""[吐]"" src=""https://face.t.sinajs.cn/t4/appstyle/expression/ext/normal/08/2018new_tu_org.png"" />",6,0
