﻿parent_comment_id,comment_id,comment_time,comment_user_name,comment_user_link,comment_content,comment_like_num,child_comment_num
,4797473649066719,Mon Aug 01 01:58:33 +0800 2022,要改变要改变要改变,https://weibo.com//u/1841270663,"长得确实挺小太妹<img alt=""[doge]"" title=""[doge]"" src=""https://face.t.sinajs.cn/t4/appstyle/expression/ext/normal/a1/2018new_doge02_org.png"" />",4,0
,4797474319107466,Mon Aug 01 02:01:13 +0800 2022,August_蔡徐坤的滢滢,https://weibo.com//u/6013639644,"我去<img alt=""[允悲]"" title=""[允悲]"" src=""https://face.t.sinajs.cn/t4/appstyle/expression/ext/normal/83/2018new_kuxiao_org.png"" />",0,0
,4797470456676782,Mon Aug 01 01:45:52 +0800 2022,Justaaaw,https://weibo.com//u/5530922523,"这<img alt=""[衰]"" title=""[衰]"" src=""https://face.t.sinajs.cn/t4/appstyle/expression/ext/normal/a2/2018new_shuai_org.png"" />",0,0
,4797473131856375,Mon Aug 01 01:56:30 +0800 2022,种花家有我萌兔子,https://weibo.com//u/7404610765,天呐,0,0
,4797462303213768,Mon Aug 01 01:13:28 +0800 2022,猫在酒馆200502,https://weibo.com//u/7747514842,"哈哈哈<img alt=""[允悲]"" title=""[允悲]"" src=""https://face.t.sinajs.cn/t4/appstyle/expression/ext/normal/83/2018new_kuxiao_org.png"" />",0,0
,4797492259193702,Mon Aug 01 03:12:30 +0800 2022,我是你流浪在外的爹,https://weibo.com//u/5745543041,"<img alt=""[允悲]"" title=""[允悲]"" src=""https://face.t.sinajs.cn/t4/appstyle/expression/ext/normal/83/2018new_kuxiao_org.png"" /><img alt=""[允悲]"" title=""[允悲]"" src=""https://face.t.sinajs.cn/t4/appstyle/expression/ext/normal/83/2018new_kuxiao_org.png"" /><img alt=""[允悲]"" title=""[允悲]"" src=""https://face.t.sinajs.cn/t4/appstyle/expression/ext/normal/83/2018new_kuxiao_org.png"" /><img alt=""[允悲]"" title=""[允悲]"" src=""https://face.t.sinajs.cn/t4/appstyle/expression/ext/normal/83/2018new_kuxiao_org.png"" />",0,0
,4797473539490916,Mon Aug 01 01:58:07 +0800 2022,洛杉东房矶,https://weibo.com//u/7347193842,"这都有认识的？ 世界真小啊<img alt=""[doge]"" title=""[doge]"" src=""https://face.t.sinajs.cn/t4/appstyle/expression/ext/normal/a1/2018new_doge02_org.png"" /> 可怜了鲨鱼<img alt=""[悲伤]"" title=""[悲伤]"" src=""https://face.t.sinajs.cn/t4/appstyle/expression/ext/normal/ee/2018new_beishang_org.png"" />",2,2
4797473539490916.0,4797477717541967,Mon Aug 01 02:14:43 +0800 2022,想要一个清醒的脑子,https://weibo.com//u/7261270191,"陆陆续续听身边人说她当网红了，再听到就在热搜上了<img alt=""[doge]"" title=""[doge]"" src=""https://face.t.sinajs.cn/t4/appstyle/expression/ext/normal/a1/2018new_doge02_org.png"" />",0,0
4797473539490916.0,4797486009418640,Mon Aug 01 02:47:40 +0800 2022,洛杉东房矶,https://weibo.com//u/7347193842,"回复<a href=/n/想要一个清醒的脑子>@想要一个清醒的脑子</a>:奇幻的的感觉<img alt=""[doge]"" title=""[doge]"" src=""https://face.t.sinajs.cn/t4/appstyle/expression/ext/normal/a1/2018new_doge02_org.png"" /><img alt=""[doge]"" title=""[doge]"" src=""https://face.t.sinajs.cn/t4/appstyle/expression/ext/normal/a1/2018new_doge02_org.png"" />",0,0
,4797464211882875,Mon Aug 01 01:21:03 +0800 2022,不鸣则已一鸣惊人的冲浪小选手,https://weibo.com//u/7705959367,好家伙真的吗,1,1
4797464211882875.0,4797464542186754,Mon Aug 01 01:22:22 +0800 2022,想要一个清醒的脑子,https://weibo.com//u/7261270191,"是呀<img alt=""[跪了]"" title=""[跪了]"" src=""https://face.t.sinajs.cn/t4/appstyle/expression/ext/normal/75/2018new_gui_org.png"" />",0,0
