﻿parent_comment_id,comment_id,comment_time,comment_user_name,comment_user_link,comment_content,comment_like_num,child_comment_num
,4797625008919774,Mon Aug 01 12:00:00 +0800 2022,就喜欢你治愈的笑容1005,https://weibo.com//u/7576359462,一起保护,1,1
4797625008919774.0,4797631253973017,Mon Aug 01 12:24:48 +0800 2022,不说话的星_1005,https://weibo.com//u/7741036429,"一起保护<img alt=""[打call]"" title=""[打call]"" src=""https://face.t.sinajs.cn/t4/appstyle/expression/ext/normal/39/moren_dacall02_org.png"" /><img alt=""[打call]"" title=""[打call]"" src=""https://face.t.sinajs.cn/t4/appstyle/expression/ext/normal/39/moren_dacall02_org.png"" />",0,0
,4797479020661007,Mon Aug 01 02:19:54 +0800 2022,等待花开XZ1005,https://weibo.com//u/5533243322,保护动物人人有责,3,1
4797479020661007.0,4797479381369663,Mon Aug 01 02:21:20 +0800 2022,不说话的星_1005,https://weibo.com//u/7741036429,真的,0,0
