﻿parent_comment_id,comment_id,comment_time,comment_user_name,comment_user_link,comment_content,comment_like_num,child_comment_num
,4797632784373846,Mon Aug 01 12:30:54 +0800 2022,菏泽市人民检察院,https://weibo.com//u/5455970373,"关注<img alt=""[话筒]"" title=""[话筒]"" src=""https://face.t.sinajs.cn/t4/appstyle/expression/ext/normal/48/2018new_huatong_org.png"" /><img alt=""[话筒]"" title=""[话筒]"" src=""https://face.t.sinajs.cn/t4/appstyle/expression/ext/normal/48/2018new_huatong_org.png"" />",0,0
,4797616111487015,Mon Aug 01 11:24:39 +0800 2022,重庆江津法院,https://weibo.com//u/3918556037,关注,0,0
,4797615553647991,Mon Aug 01 11:22:26 +0800 2022,高新服务,https://weibo.com//u/3359245562,"<img alt=""[话筒]"" title=""[话筒]"" src=""https://face.t.sinajs.cn/t4/appstyle/expression/ext/normal/48/2018new_huatong_org.png"" /><img alt=""[话筒]"" title=""[话筒]"" src=""https://face.t.sinajs.cn/t4/appstyle/expression/ext/normal/48/2018new_huatong_org.png"" />",0,0
,4797615118747600,Mon Aug 01 11:20:42 +0800 2022,青白江应急,https://weibo.com//u/2470123875,"<img alt=""[话筒]"" title=""[话筒]"" src=""https://face.t.sinajs.cn/t4/appstyle/expression/ext/normal/48/2018new_huatong_org.png"" /><img alt=""[话筒]"" title=""[话筒]"" src=""https://face.t.sinajs.cn/t4/appstyle/expression/ext/normal/48/2018new_huatong_org.png"" />",0,0
,4797614560905523,Mon Aug 01 11:18:29 +0800 2022,平利检察,https://weibo.com//u/5192877731,<a href=/n/成都高新法院>@成都高新法院</a>,0,0
,4797598916151372,Mon Aug 01 10:16:19 +0800 2022,宁津公安,https://weibo.com//u/2316874621,"<img alt=""[话筒]"" title=""[话筒]"" src=""https://face.t.sinajs.cn/t4/appstyle/expression/ext/normal/48/2018new_huatong_org.png"" /><img alt=""[话筒]"" title=""[话筒]"" src=""https://face.t.sinajs.cn/t4/appstyle/expression/ext/normal/48/2018new_huatong_org.png"" />",0,0
,4797593702368147,Mon Aug 01 09:55:36 +0800 2022,重庆南岸法院,https://weibo.com//u/2510322510,"<img alt=""[话筒]"" title=""[话筒]"" src=""https://face.t.sinajs.cn/t4/appstyle/expression/ext/normal/48/2018new_huatong_org.png"" />",0,0
,4797591457372015,Mon Aug 01 09:46:41 +0800 2022,龙泉驿人社,https://weibo.com//u/2596443261,"<img alt=""[话筒]"" title=""[话筒]"" src=""https://face.t.sinajs.cn/t4/appstyle/expression/ext/normal/48/2018new_huatong_org.png"" />",0,0
,4797591198630402,Mon Aug 01 09:45:38 +0800 2022,黄龙检察,https://weibo.com//u/3540153945,关注热点，传播资讯,0,0
,4797583128792085,Mon Aug 01 09:13:35 +0800 2022,昌乐公安,https://weibo.com//u/2497909765,"<img alt=""[话筒]"" title=""[话筒]"" src=""https://face.t.sinajs.cn/t4/appstyle/expression/ext/normal/48/2018new_huatong_org.png"" /><img alt=""[话筒]"" title=""[话筒]"" src=""https://face.t.sinajs.cn/t4/appstyle/expression/ext/normal/48/2018new_huatong_org.png"" />",0,0
,4797580939102852,Mon Aug 01 09:04:53 +0800 2022,潍坊公安,https://weibo.com//u/2616360197,"<img alt=""[话筒]"" title=""[话筒]"" src=""https://face.t.sinajs.cn/t4/appstyle/expression/ext/normal/48/2018new_huatong_org.png"" />",0,0
,4797580929930446,Mon Aug 01 09:04:51 +0800 2022,潍坊公安,https://weibo.com//u/2616360197,"<img alt=""[话筒]"" title=""[话筒]"" src=""https://face.t.sinajs.cn/t4/appstyle/expression/ext/normal/48/2018new_huatong_org.png"" /><img alt=""[话筒]"" title=""[话筒]"" src=""https://face.t.sinajs.cn/t4/appstyle/expression/ext/normal/48/2018new_huatong_org.png"" />",0,0
,4797580925731854,Mon Aug 01 09:04:49 +0800 2022,潍坊公安,https://weibo.com//u/2616360197,"<img alt=""[话筒]"" title=""[话筒]"" src=""https://face.t.sinajs.cn/t4/appstyle/expression/ext/normal/48/2018new_huatong_org.png"" />",0,0
,4797579876895539,Mon Aug 01 09:00:40 +0800 2022,鹤城网警巡查执法,https://weibo.com//u/5657421525,"<img alt=""[话筒]"" title=""[话筒]"" src=""https://face.t.sinajs.cn/t4/appstyle/expression/ext/normal/48/2018new_huatong_org.png"" /><img alt=""[话筒]"" title=""[话筒]"" src=""https://face.t.sinajs.cn/t4/appstyle/expression/ext/normal/48/2018new_huatong_org.png"" />",0,0
,4797579793010255,Mon Aug 01 09:00:20 +0800 2022,德州中院,https://weibo.com//u/3628354521,"<img alt=""[话筒]"" title=""[话筒]"" src=""https://face.t.sinajs.cn/t4/appstyle/expression/ext/normal/48/2018new_huatong_org.png"" /><img alt=""[话筒]"" title=""[话筒]"" src=""https://face.t.sinajs.cn/t4/appstyle/expression/ext/normal/48/2018new_huatong_org.png"" />",0,0
,4797575058163627,Mon Aug 01 08:41:31 +0800 2022,兰州文化旅游,https://weibo.com//u/5770755050,"<img alt=""[话筒]"" title=""[话筒]"" src=""https://face.t.sinajs.cn/t4/appstyle/expression/ext/normal/48/2018new_huatong_org.png"" /><img alt=""[话筒]"" title=""[话筒]"" src=""https://face.t.sinajs.cn/t4/appstyle/expression/ext/normal/48/2018new_huatong_org.png"" />",0,0
