﻿parent_comment_id,comment_id,comment_time,comment_user_name,comment_user_link,comment_content,comment_like_num,child_comment_num
,4798088726186535,Tue Aug 02 18:42:39 +0800 2022,China小草莓,https://weibo.com//u/3046773501,哈哈,0,0
,4797765261199378,Mon Aug 01 21:17:19 +0800 2022,小特妞的幸福生活,https://weibo.com//u/2328852361,吃的和丧尸一样,0,1
4797765261199378.0,4797803564109522,Mon Aug 01 23:49:31 +0800 2022,crayon植,https://weibo.com//u/7459516888,"<img alt=""[笑cry]"" title=""[笑cry]"" src=""https://face.t.sinajs.cn/t4/appstyle/expression/ext/normal/4a/2018new_xiaoku_thumb.png"" />",0,0
,4797758751375669,Mon Aug 01 20:51:26 +0800 2022,剧里看娱,https://weibo.com//u/5821774825,"<img alt=""[二哈]"" title=""[二哈]"" src=""https://face.t.sinajs.cn/t4/appstyle/expression/ext/normal/22/2018new_erha_org.png"" /><img alt=""[二哈]"" title=""[二哈]"" src=""https://face.t.sinajs.cn/t4/appstyle/expression/ext/normal/22/2018new_erha_org.png"" /><img alt=""[二哈]"" title=""[二哈]"" src=""https://face.t.sinajs.cn/t4/appstyle/expression/ext/normal/22/2018new_erha_org.png"" />",0,1
4797758751375669.0,4797803589276687,Mon Aug 01 23:49:37 +0800 2022,crayon植,https://weibo.com//u/7459516888,"<img alt=""[喵喵]"" title=""[喵喵]"" src=""https://face.t.sinajs.cn/t4/appstyle/expression/ext/normal/7b/2018new_miaomiao_org.png"" />",0,0
,4797720986653905,Mon Aug 01 18:21:23 +0800 2022,Rejectblack,https://weibo.com//u/7591062311,提子，这下子可完了呀,0,0
,4797706054928941,Mon Aug 01 17:22:03 +0800 2022,八绒八吃,https://weibo.com//u/6977974674,好恶心,0,1
4797706054928941.0,4797803622570559,Mon Aug 01 23:49:45 +0800 2022,crayon植,https://weibo.com//u/7459516888,"<img alt=""[黑线]"" title=""[黑线]"" src=""https://face.t.sinajs.cn/t4/appstyle/expression/ext/normal/a3/2018new_heixian_org.png"" />",0,0
,4797671129482733,Mon Aug 01 15:03:16 +0800 2022,大公公橘猫Mike,https://weibo.com//u/5413464441,这人真的是无语，必须严惩啊,0,1
4797671129482733.0,4797804369940616,Mon Aug 01 23:52:43 +0800 2022,crayon植,https://weibo.com//u/7459516888,对,0,0
,4797632788306816,Mon Aug 01 12:30:55 +0800 2022,白沙河边,https://weibo.com//u/2124393113,用选择和努力去惊艳时光，而非用抱怨和等待去荒废时光！,0,0
,4797594129667467,Mon Aug 01 09:57:18 +0800 2022,关芯的坏宝宝,https://weibo.com//u/3823870046,封杀，判刑都不为过,0,1
4797594129667467.0,4797803152281201,Mon Aug 01 23:47:53 +0800 2022,crayon植,https://weibo.com//u/7459516888,"<img alt=""[允悲]"" title=""[允悲]"" src=""https://face.t.sinajs.cn/t4/appstyle/expression/ext/normal/83/2018new_kuxiao_org.png"" />",0,0
,4797575406030738,Mon Aug 01 08:42:54 +0800 2022,找不到路时你就往前走,https://weibo.com//u/6518879516,☕️,0,1
4797575406030738.0,4797803652187966,Mon Aug 01 23:49:52 +0800 2022,crayon植,https://weibo.com//u/7459516888,"<img alt=""[握手]"" title=""[握手]"" src=""https://face.t.sinajs.cn/t4/appstyle/expression/ext/normal/e9/2018new_woshou_org.png"" />",0,0
,4797573317264582,Mon Aug 01 08:34:36 +0800 2022,牙牙NO37,https://weibo.com//u/2630942531,好大胆,0,1
4797573317264582.0,4797804079484838,Mon Aug 01 23:51:34 +0800 2022,crayon植,https://weibo.com//u/7459516888,"<img alt=""[黑线]"" title=""[黑线]"" src=""https://face.t.sinajs.cn/t4/appstyle/expression/ext/normal/a3/2018new_heixian_org.png"" />",0,0
,4797558059173391,Mon Aug 01 07:33:58 +0800 2022,Y张小勇,https://weibo.com//u/6085375409,"早安<img alt=""[心]"" title=""[心]"" src=""https://face.t.sinajs.cn/t4/appstyle/expression/ext/normal/8a/2018new_xin_org.png"" />",0,1
4797558059173391.0,4797804033345278,Mon Aug 01 23:51:22 +0800 2022,crayon植,https://weibo.com//u/7459516888,"晚安<img alt=""[羞嗒嗒]"" title=""[羞嗒嗒]"" src=""https://face.t.sinajs.cn/t4/appstyle/expression/ext/normal/df/lxhxiudada_org.gif"" />",0,0
,4797555801850199,Mon Aug 01 07:24:59 +0800 2022,Y张小勇,https://weibo.com//u/6085375409,这回翻车了,0,1
4797555801850199.0,4797803978560228,Mon Aug 01 23:51:10 +0800 2022,crayon植,https://weibo.com//u/7459516888,"<img alt=""[笑cry]"" title=""[笑cry]"" src=""https://face.t.sinajs.cn/t4/appstyle/expression/ext/normal/4a/2018new_xiaoku_thumb.png"" />",0,0
,4797551007499253,Mon Aug 01 07:05:57 +0800 2022,融化的冰激凌3403,https://weibo.com//u/6515539762,早啊,0,1
4797551007499253.0,4797804151311327,Mon Aug 01 23:51:50 +0800 2022,crayon植,https://weibo.com//u/7459516888,"晚安<img alt=""[羞嗒嗒]"" title=""[羞嗒嗒]"" src=""https://face.t.sinajs.cn/t4/appstyle/expression/ext/normal/df/lxhxiudada_org.gif"" />",0,0
,4797549838599036,Mon Aug 01 07:01:18 +0800 2022,流水与老树,https://weibo.com//u/7683980434,"<img alt=""[话筒]"" title=""[话筒]"" src=""https://face.t.sinajs.cn/t4/appstyle/expression/ext/normal/48/2018new_huatong_org.png"" />",0,1
4797549838599036.0,4797804184607755,Mon Aug 01 23:51:59 +0800 2022,crayon植,https://weibo.com//u/7459516888,"<img alt=""[太开心]"" title=""[太开心]"" src=""https://face.t.sinajs.cn/t4/appstyle/expression/ext/normal/1e/2018new_taikaixin_org.png"" />",0,0
,4797522667635250,Mon Aug 01 05:13:20 +0800 2022,雨打松枝之幸福,https://weibo.com//u/6245730251,"<img alt=""[浪]"" title=""[浪]"" src=""https://face.t.sinajs.cn/t4/appstyle/expression/ext/normal/46/2018new_xinlang_org.png"" /><img alt=""[浪]"" title=""[浪]"" src=""https://face.t.sinajs.cn/t4/appstyle/expression/ext/normal/46/2018new_xinlang_org.png"" /><img alt=""[浪]"" title=""[浪]"" src=""https://face.t.sinajs.cn/t4/appstyle/expression/ext/normal/46/2018new_xinlang_org.png"" />",0,0
,4797490828673226,Mon Aug 01 03:06:49 +0800 2022,蓝胖的日光浴,https://weibo.com//u/5848085227,哈哈,0,0
,4797487191163348,Mon Aug 01 02:52:22 +0800 2022,蓝胖的日光浴,https://weibo.com//u/5848085227,"<img alt=""[思考]"" title=""[思考]"" src=""https://face.t.sinajs.cn/t4/appstyle/expression/ext/normal/30/2018new_sikao_org.png"" />",0,1
4797487191163348.0,4797804255908177,Mon Aug 01 23:52:16 +0800 2022,crayon植,https://weibo.com//u/7459516888,"<img alt=""[思考]"" title=""[思考]"" src=""https://face.t.sinajs.cn/t4/appstyle/expression/ext/normal/30/2018new_sikao_org.png"" />",0,0
,4797455978466457,Mon Aug 01 00:48:20 +0800 2022,风吹走了潘帕斯雄鹰,https://weibo.com//u/2342330852,睡觉啦，晚安,1,1
4797455978466457.0,4797456581919234,Mon Aug 01 00:50:44 +0800 2022,crayon植,https://weibo.com//u/7459516888,"早点休息<img alt=""[doge]"" title=""[doge]"" src=""https://face.t.sinajs.cn/t4/appstyle/expression/ext/normal/a1/2018new_doge02_org.png"" />",0,0
,4797454706544395,Mon Aug 01 00:43:17 +0800 2022,-奶熊奶熊-,https://weibo.com//u/7186371785,"<img alt=""[心]"" title=""[心]"" src=""https://face.t.sinajs.cn/t4/appstyle/expression/ext/normal/8a/2018new_xin_org.png"" />",0,1
4797454706544395.0,4797455540945958,Mon Aug 01 00:46:36 +0800 2022,crayon植,https://weibo.com//u/7459516888,"<img alt=""[送花花]"" title=""[送花花]"" src=""https://face.t.sinajs.cn/t4/appstyle/expression/ext/normal/cb/2022_Flowers_org.png"" />",0,0
,4797453586923838,Mon Aug 01 00:38:49 +0800 2022,crayon植,https://weibo.com//u/7459516888,"<img alt=""[哆啦A梦害怕]"" title=""[哆啦A梦害怕]"" src=""https://face.t.sinajs.cn/t4/appstyle/expression/ext/normal/c7/dorahaipa_org.gif"" />",0,1
4797453586923838.0,4797453625463600,Mon Aug 01 00:38:59 +0800 2022,crayon植,https://weibo.com//u/7459516888,"<img alt=""[摊手]"" title=""[摊手]"" src=""https://face.t.sinajs.cn/t4/appstyle/expression/ext/normal/62/2018new_tanshou_org.png"" />",0,0
,4797452425890445,Mon Aug 01 00:34:13 +0800 2022,寒猿暗鸟,https://weibo.com//u/7741340353,"<img alt=""[汗]"" title=""[汗]"" src=""https://face.t.sinajs.cn/t4/appstyle/expression/ext/normal/28/2018new_han_org.png"" />",1,1
4797452425890445.0,4797452479107299,Mon Aug 01 00:34:26 +0800 2022,crayon植,https://weibo.com//u/7459516888,"<img alt=""[揣手]"" title=""[揣手]"" src=""https://face.t.sinajs.cn/t4/appstyle/expression/ext/normal/af/2022_chuaishou_org.png"" />",0,0
,4797450826814339,Mon Aug 01 00:27:52 +0800 2022,·残雪·,https://weibo.com//u/6478526806,"来了<img alt=""[二哈]"" title=""[二哈]"" src=""https://face.t.sinajs.cn/t4/appstyle/expression/ext/normal/22/2018new_erha_org.png"" /><img alt=""[二哈]"" title=""[二哈]"" src=""https://face.t.sinajs.cn/t4/appstyle/expression/ext/normal/22/2018new_erha_org.png"" /><img alt=""[二哈]"" title=""[二哈]"" src=""https://face.t.sinajs.cn/t4/appstyle/expression/ext/normal/22/2018new_erha_org.png"" />",0,1
4797450826814339.0,4797451939349027,Mon Aug 01 00:32:16 +0800 2022,crayon植,https://weibo.com//u/7459516888,"<img alt=""[摊手]"" title=""[摊手]"" src=""https://face.t.sinajs.cn/t4/appstyle/expression/ext/normal/62/2018new_tanshou_org.png"" />",0,0
,4797450478686419,Mon Aug 01 00:26:29 +0800 2022,眼睛有星星,https://weibo.com//u/6140609837,捞一下,0,1
4797450478686419.0,4797451972906533,Mon Aug 01 00:32:25 +0800 2022,crayon植,https://weibo.com//u/7459516888,"<img alt=""[揣手]"" title=""[揣手]"" src=""https://face.t.sinajs.cn/t4/appstyle/expression/ext/normal/af/2022_chuaishou_org.png"" />",0,0
,4797448734380998,Mon Aug 01 00:19:33 +0800 2022,soso的芒果冰,https://weibo.com//u/5532135194,来啦,0,1
4797448734380998.0,4797452107120879,Mon Aug 01 00:32:56 +0800 2022,crayon植,https://weibo.com//u/7459516888,"<img alt=""[摊手]"" title=""[摊手]"" src=""https://face.t.sinajs.cn/t4/appstyle/expression/ext/normal/62/2018new_tanshou_org.png"" />",0,0
,4797445730473008,Mon Aug 01 00:07:37 +0800 2022,露露奥特曼,https://weibo.com//u/5661379715,还没睡呀！我看过那女的视频全是吃那些很庞大吓人的东西,1,1
4797445730473008.0,4797447617908359,Mon Aug 01 00:15:07 +0800 2022,crayon植,https://weibo.com//u/7459516888,"<img alt=""[哆啦A梦害怕]"" title=""[哆啦A梦害怕]"" src=""https://face.t.sinajs.cn/t4/appstyle/expression/ext/normal/c7/dorahaipa_org.gif"" />可怕",0,0
,4797445684594362,Mon Aug 01 00:07:26 +0800 2022,遨游十八星系,https://weibo.com//u/6426834432,"<img alt=""[哆啦A梦吃惊]"" title=""[哆啦A梦吃惊]"" src=""https://face.t.sinajs.cn/t4/appstyle/expression/ext/normal/f0/dorachijing_org.gif"" />",0,1
4797445684594362.0,4797447815826374,Mon Aug 01 00:15:54 +0800 2022,crayon植,https://weibo.com//u/7459516888,"<img alt=""[哆啦A梦害怕]"" title=""[哆啦A梦害怕]"" src=""https://face.t.sinajs.cn/t4/appstyle/expression/ext/normal/c7/dorahaipa_org.gif"" />",0,0
,4797445529672087,Mon Aug 01 00:06:49 +0800 2022,阿大象啊,https://weibo.com//u/7548914226,来了,0,1
4797445529672087.0,4797447643073258,Mon Aug 01 00:15:13 +0800 2022,crayon植,https://weibo.com//u/7459516888,"<img alt=""[心]"" title=""[心]"" src=""https://face.t.sinajs.cn/t4/appstyle/expression/ext/normal/8a/2018new_xin_org.png"" />",0,0
,4797445487204768,Mon Aug 01 00:06:39 +0800 2022,kkyeol-,https://weibo.com//u/6818222658,"<img alt=""[doge]"" title=""[doge]"" src=""https://face.t.sinajs.cn/t4/appstyle/expression/ext/normal/a1/2018new_doge02_org.png"" /><img alt=""[doge]"" title=""[doge]"" src=""https://face.t.sinajs.cn/t4/appstyle/expression/ext/normal/a1/2018new_doge02_org.png"" /><img alt=""[doge]"" title=""[doge]"" src=""https://face.t.sinajs.cn/t4/appstyle/expression/ext/normal/a1/2018new_doge02_org.png"" />",0,1
4797445487204768.0,4797447669285549,Mon Aug 01 00:15:18 +0800 2022,crayon植,https://weibo.com//u/7459516888,"<img alt=""[doge]"" title=""[doge]"" src=""https://face.t.sinajs.cn/t4/appstyle/expression/ext/normal/a1/2018new_doge02_org.png"" />",0,0
,4797445462295125,Mon Aug 01 00:06:32 +0800 2022,葡萄紫了红了,https://weibo.com//u/2426758791,"<img alt=""[挖鼻]"" title=""[挖鼻]"" src=""https://face.t.sinajs.cn/t4/appstyle/expression/ext/normal/9a/2018new_wabi_thumb.png"" /><img alt=""[挖鼻]"" title=""[挖鼻]"" src=""https://face.t.sinajs.cn/t4/appstyle/expression/ext/normal/9a/2018new_wabi_thumb.png"" /><img alt=""[挖鼻]"" title=""[挖鼻]"" src=""https://face.t.sinajs.cn/t4/appstyle/expression/ext/normal/9a/2018new_wabi_thumb.png"" />",0,1
4797445462295125.0,4797447790657857,Mon Aug 01 00:15:47 +0800 2022,crayon植,https://weibo.com//u/7459516888,"<img alt=""[揣手]"" title=""[揣手]"" src=""https://face.t.sinajs.cn/t4/appstyle/expression/ext/normal/af/2022_chuaishou_org.png"" />",0,0
,4797445454168969,Mon Aug 01 00:06:30 +0800 2022,叶可爱·,https://weibo.com//u/5159240533,捞,0,1
4797445454168969.0,4797447908624971,Mon Aug 01 00:16:16 +0800 2022,crayon植,https://weibo.com//u/7459516888,"<img alt=""[揣手]"" title=""[揣手]"" src=""https://face.t.sinajs.cn/t4/appstyle/expression/ext/normal/af/2022_chuaishou_org.png"" />",0,0
,4797445382604822,Mon Aug 01 00:06:14 +0800 2022,小小小吕,https://weibo.com//u/5233835792,嗯呢，,0,1
4797445382604822.0,4797447878218836,Mon Aug 01 00:16:09 +0800 2022,crayon植,https://weibo.com//u/7459516888,"<img alt=""[摊手]"" title=""[摊手]"" src=""https://face.t.sinajs.cn/t4/appstyle/expression/ext/normal/62/2018new_tanshou_org.png"" />",0,0
,4797445227419373,Mon Aug 01 00:05:37 +0800 2022,怡个花仙子,https://weibo.com//u/6340689179,无语,0,1
4797445227419373.0,4797447849909001,Mon Aug 01 00:16:02 +0800 2022,crayon植,https://weibo.com//u/7459516888,"<img alt=""[允悲]"" title=""[允悲]"" src=""https://face.t.sinajs.cn/t4/appstyle/expression/ext/normal/83/2018new_kuxiao_org.png"" />",0,0
