﻿parent_comment_id,comment_id,comment_time,comment_user_name,comment_user_link,comment_content,comment_like_num,child_comment_num
,4797739667819707,Mon Aug 01 19:35:37 +0800 2022,迷迷向阳而生,https://weibo.com//u/7500115598,"<img alt=""[泪]"" title=""[泪]"" src=""https://face.t.sinajs.cn/t4/appstyle/expression/ext/normal/6e/2018new_leimu_org.png"" /><img alt=""[泪]"" title=""[泪]"" src=""https://face.t.sinajs.cn/t4/appstyle/expression/ext/normal/6e/2018new_leimu_org.png"" />",0,0
,4797736303726228,Mon Aug 01 19:22:14 +0800 2022,碧碧爱祖国,https://weibo.com//u/7486991907,"<img alt=""[泪]"" title=""[泪]"" src=""https://face.t.sinajs.cn/t4/appstyle/expression/ext/normal/6e/2018new_leimu_org.png"" /><img alt=""[泪]"" title=""[泪]"" src=""https://face.t.sinajs.cn/t4/appstyle/expression/ext/normal/6e/2018new_leimu_org.png"" /><img alt=""[泪]"" title=""[泪]"" src=""https://face.t.sinajs.cn/t4/appstyle/expression/ext/normal/6e/2018new_leimu_org.png"" />",0,0
,4797555937116431,Mon Aug 01 07:25:31 +0800 2022,思坊菜AND思坊瑜伽,https://weibo.com//u/1853811981,什么(๑•̌.•̑๑)ˀ̣ˀ̣人？,0,0
,4797455324153407,Mon Aug 01 00:45:44 +0800 2022,月亮枕枝,https://weibo.com//u/6116515104,llll,0,0
,4797454761067688,Mon Aug 01 00:43:30 +0800 2022,-奶熊奶熊-,https://weibo.com//u/7186371785,"<img alt=""[心]"" title=""[心]"" src=""https://face.t.sinajs.cn/t4/appstyle/expression/ext/normal/8a/2018new_xin_org.png"" />",0,0
,4797452446338900,Mon Aug 01 00:34:18 +0800 2022,坠星湾_果果,https://weibo.com//u/5263503758,捞,0,0
,4797452017734425,Mon Aug 01 00:32:36 +0800 2022,crayon植,https://weibo.com//u/7459516888,"<img alt=""[摊手]"" title=""[摊手]"" src=""https://face.t.sinajs.cn/t4/appstyle/expression/ext/normal/62/2018new_tanshou_org.png"" /><img alt=""[哆啦A梦害怕]"" title=""[哆啦A梦害怕]"" src=""https://face.t.sinajs.cn/t4/appstyle/expression/ext/normal/c7/dorahaipa_org.gif"" />",1,0
,4797451770528181,Mon Aug 01 00:31:36 +0800 2022,汐念星辰去看海,https://weibo.com//u/2903590891,捞,2,0
,4797451440230881,Mon Aug 01 00:30:18 +0800 2022,焰雨清澜,https://weibo.com//u/7519217929,顶,1,0
,4797451376791811,Mon Aug 01 00:30:03 +0800 2022,AIec遇见soso,https://weibo.com//u/5688974684,"<img alt=""[苦涩]"" title=""[苦涩]"" src=""https://face.t.sinajs.cn/t4/appstyle/expression/ext/normal/7e/2021_bitter_org.png"" /><img alt=""[苦涩]"" title=""[苦涩]"" src=""https://face.t.sinajs.cn/t4/appstyle/expression/ext/normal/7e/2021_bitter_org.png"" />",1,0
,4797451325932437,Mon Aug 01 00:29:50 +0800 2022,開心做一个幸运的人儿mmc,https://weibo.com//u/7103991935,"<img alt=""[泪]"" title=""[泪]"" src=""https://face.t.sinajs.cn/t4/appstyle/expression/ext/normal/6e/2018new_leimu_org.png"" /><img alt=""[泪]"" title=""[泪]"" src=""https://face.t.sinajs.cn/t4/appstyle/expression/ext/normal/6e/2018new_leimu_org.png"" />",2,0
,4797451297098187,Mon Aug 01 00:29:44 +0800 2022,好运煊,https://weibo.com//u/6558430798,"<img alt=""[心]"" title=""[心]"" src=""https://face.t.sinajs.cn/t4/appstyle/expression/ext/normal/8a/2018new_xin_org.png"" /><img alt=""[心]"" title=""[心]"" src=""https://face.t.sinajs.cn/t4/appstyle/expression/ext/normal/8a/2018new_xin_org.png"" /><img alt=""[心]"" title=""[心]"" src=""https://face.t.sinajs.cn/t4/appstyle/expression/ext/normal/8a/2018new_xin_org.png"" />",1,0
,4797451044916207,Mon Aug 01 00:28:44 +0800 2022,soso的芒果冰,https://weibo.com//u/5532135194,残忍,4,0
,4797450978859032,Mon Aug 01 00:28:28 +0800 2022,叶可爱·,https://weibo.com//u/5159240533,捞,4,0
