﻿parent_comment_id,comment_id,comment_time,comment_user_name,comment_user_link,comment_content,comment_like_num,child_comment_num
,4797619791201145,Mon Aug 01 11:39:15 +0800 2022,想坐火车旅行的阳小阳,https://weibo.com//u/2040557561,"这可是比拐卖妇女儿童判得更重的罪，真是不懂法<img alt=""[吃瓜]"" title=""[吃瓜]"" src=""https://face.t.sinajs.cn/t4/appstyle/expression/ext/normal/01/2018new_chigua_org.png"" />",0,0
,4797619664328087,Mon Aug 01 11:38:46 +0800 2022,当代恶臭年轻人呀呀g,https://weibo.com//u/7316005513,大快人心,0,0
,4797619643878267,Mon Aug 01 11:38:41 +0800 2022,宫暴龙,https://weibo.com//u/7561285053,不要放过她！！,0,0
,4797618470000052,Mon Aug 01 11:34:01 +0800 2022,有猫吗没有惹,https://weibo.com//u/5816858132,<a href=/n/只能是无可奉告>@只能是无可奉告</a>,0,0
,4797618201561860,Mon Aug 01 11:32:57 +0800 2022,一起suo小面吗,https://weibo.com//u/7484475756,"吃什么不好要吃鲨鱼<img alt=""[汗]"" title=""[汗]"" src=""https://face.t.sinajs.cn/t4/appstyle/expression/ext/normal/28/2018new_han_org.png"" />",0,0
,4797615781446156,Mon Aug 01 11:23:19 +0800 2022,pigzool,https://weibo.com//u/2728001971,直播平台制止了就发现不了了,0,0
,4797615529003057,Mon Aug 01 11:22:20 +0800 2022,短的是岁月1,https://weibo.com//u/7717484832,这是明目张胆的吃，绝对要严惩,1,0
,4797614657112296,Mon Aug 01 11:18:52 +0800 2022,月半弯lsy,https://weibo.com//u/7727523549,在公共平台要传播正能量。这样的结果就要惩罚,0,0
,4797614229555496,Mon Aug 01 11:17:10 +0800 2022,枫已乙,https://weibo.com//u/2727389242,只是想当网红，都想疯了吧。,0,0
,4797613360026046,Mon Aug 01 11:13:43 +0800 2022,大林不二,https://weibo.com//u/1562287771,她终于被抓了！！！,0,0
,4797613084248428,Mon Aug 01 11:12:37 +0800 2022,大奎超凶猛,https://weibo.com//u/7776153097,如果吃的是濒危动物噬人鲨的话，那当事人也一定要受到严厉的法律制裁,0,0
,4798114537410565,Tue Aug 02 20:25:12 +0800 2022,小狐狸在山海关晒月亮,https://weibo.com//u/5090468688,真是无语,0,0
,4798023793902948,Tue Aug 02 14:24:37 +0800 2022,LHaoNan_,https://weibo.com//u/5714425810,五年真的太少了。谁为濒危物种维权！维生命之权！,0,0
,4797986762392725,Tue Aug 02 11:57:29 +0800 2022,蓝天白云小面包1b85,https://weibo.com//u/1183496240,赶紧判,0,0
,4797948213333113,Tue Aug 02 09:24:18 +0800 2022,迷之千木,https://weibo.com//u/5925596994,出于好奇看了一下原视频，感觉跟丧尸一样，引起强烈不适，太恐怖了,1,0
,4797941916634764,Tue Aug 02 08:59:17 +0800 2022,雨落曦庭,https://weibo.com//u/5734144576,看她吃这个就像丧尸啃生肉，吓人,1,0
,4797941891468903,Tue Aug 02 08:59:11 +0800 2022,陳川禧子,https://weibo.com//u/2582723004,无知真可怕,0,0
,4797941833531937,Tue Aug 02 08:58:56 +0800 2022,海飘雪1993,https://weibo.com//u/2078514031,好残忍！人类有那么多吃的了，为啥就是不肯放弃这些濒危动物们？！,0,0
,4797941787923749,Tue Aug 02 08:58:46 +0800 2022,雨落曦庭,https://weibo.com//u/5734144576,才五年以下，就是说不超过五年，太少了,0,0
,4797938490152263,Tue Aug 02 08:45:40 +0800 2022,拍一拍我的月亮,https://weibo.com//u/7598706712,"看见她吃动物，太令我恶心了<img alt=""[泪]"" title=""[泪]"" src=""https://face.t.sinajs.cn/t4/appstyle/expression/ext/normal/6e/2018new_leimu_org.png"" /><img alt=""[泪]"" title=""[泪]"" src=""https://face.t.sinajs.cn/t4/appstyle/expression/ext/normal/6e/2018new_leimu_org.png"" /><img alt=""[泪]"" title=""[泪]"" src=""https://face.t.sinajs.cn/t4/appstyle/expression/ext/normal/6e/2018new_leimu_org.png"" />",0,0
,4797938142284819,Tue Aug 02 08:44:17 +0800 2022,SZ_Flame,https://weibo.com//u/5555971994,"噬人鲨被人噬<img alt=""[doge]"" title=""[doge]"" src=""https://face.t.sinajs.cn/t4/appstyle/expression/ext/normal/a1/2018new_doge02_org.png"" />",0,0
,4797845011955733,Tue Aug 02 02:34:12 +0800 2022,Cdaner33,https://weibo.com//u/1984988840,赶紧关进去，给那些没有底线的网红长长记性,0,0
,4797802624064083,Mon Aug 01 23:45:47 +0800 2022,我才不要当fw呢,https://weibo.com//u/5440137212,掏鸟蛋十年，吃大白鲨  娃娃鱼  孔雀  鸵鸟的  五年以下？<a href=/n/你耳机在听什么呢>@你耳机在听什么呢</a>,0,0
,4797780906478449,Mon Aug 01 22:19:29 +0800 2022,吴沐轩不用微博,https://weibo.com//u/3480212937,<a href=/n/_nnland>@_nnland</a>,0,0
,4797709377080814,Mon Aug 01 17:35:15 +0800 2022,身在地狱却不知,https://weibo.com//u/6818465911,怎么比掏鸟蛋的轻,0,0
,4797696248644621,Mon Aug 01 16:43:04 +0800 2022,小超人滚去学习赚钱,https://weibo.com//u/1070227457,之前抓鸟那个判了无期，这个为什么五年以下啊,0,1
,4797692461711955,Mon Aug 01 16:28:01 +0800 2022,Jay-Me,https://weibo.com//u/5101212717,五年？这不带把牢底坐穿？,0,0
,4797691023066074,Mon Aug 01 16:22:18 +0800 2022,路易十六c,https://weibo.com//u/6787621616,刚查了，大白鲨无法人工养殖。,0,0
,4797686333314541,Mon Aug 01 16:03:41 +0800 2022,刀丛里的诗001,https://weibo.com//u/5604861988,转发微博,0,0
,4797685015512019,Mon Aug 01 15:58:26 +0800 2022,VV166棕棕,https://weibo.com//u/5092524298,转发微博,0,0
,4797681351002190,Mon Aug 01 15:43:53 +0800 2022,yyds998877,https://weibo.com//u/2478201931,5年以下？太轻了，起码10年,0,0
,4797680406758173,Mon Aug 01 15:40:08 +0800 2022,白马中的战斗机,https://weibo.com//u/7439952770,前几年新乡大学生掏鸟，被判10年,0,0
,4797677500367621,Mon Aug 01 15:28:34 +0800 2022,爱喝茶的尔东陈,https://weibo.com//u/6077032529,网红的通病：自我麻醉。明知保护动物，为了流量也要找个一厢情愿的理由忽悠自己能行。这下还真刑了,1,0
,4797676362927199,Mon Aug 01 15:24:04 +0800 2022,风姿花寻,https://weibo.com//u/2643894223,也有可能是不起诉,0,0
,4797670114465131,Mon Aug 01 14:59:14 +0800 2022,酷玩具库,https://weibo.com//u/3190717090,才5年，至少10年以上行吗？犯法代价太低遏制不了胆大妄为的人。,1,0
,4797664291721593,Mon Aug 01 14:36:06 +0800 2022,21世纪资本论,https://weibo.com//u/5747860769,不知道有没有人知道赶海老四的外甥阿壮，吃了一个保护的螺，关了一段时间，才放出来不久。,0,0
,4797662753197255,Mon Aug 01 14:29:59 +0800 2022,不可能我就是可能61506,https://weibo.com//u/6592093042,鲨鱼用皮肤排尿，这烤熟了好吃吗？,0,1
4797662753197255.0,4797829102699863,Tue Aug 02 01:31:00 +0800 2022,二次元-齐娜,https://weibo.com//u/5925427681,那些调料占鞋底都好吃,0,0
,4797659405620072,Mon Aug 01 14:16:41 +0800 2022,啊哈我偶像上源真帅,https://weibo.com//u/1783929825,他之前还吃过金色的娃娃鱼，，，看他的视频渗人,0,0
,4797651239831509,Mon Aug 01 13:44:14 +0800 2022,是春鸡呀,https://weibo.com//u/1742956734,十年,0,0
,4797645459036247,Mon Aug 01 13:21:16 +0800 2022,某个迅,https://weibo.com//u/7489118883,"不止大白鲨那得判多久<img alt=""[doge]"" title=""[doge]"" src=""https://face.t.sinajs.cn/t4/appstyle/expression/ext/normal/a1/2018new_doge02_org.png"" />",0,0
,4797643403825583,Mon Aug 01 13:13:06 +0800 2022,星空与海风,https://weibo.com//u/1740801611,五年少了，情节这么严重，影响恶劣,0,0
,4797638501990427,Mon Aug 01 12:53:36 +0800 2022,采蘑菇呀采蘑菇哦,https://weibo.com//u/7124506471,平台有大责任，就纵容这些低俗不良的直播内容传播。我没想到这个人居然有这么多粉丝呢，应该对快手等平台追责及整治。,0,0
,4797635069741331,Mon Aug 01 12:39:59 +0800 2022,幸阿好乐,https://weibo.com//u/3818876462,"为了💰无下限<img alt=""[吐]"" title=""[吐]"" src=""https://face.t.sinajs.cn/t4/appstyle/expression/ext/normal/08/2018new_tu_org.png"" />",1,0
,4797634533132460,Mon Aug 01 12:37:51 +0800 2022,小糖大可爱,https://weibo.com//u/7723200925,这种人心里没有一点敬畏生命之心吗？,0,0
,4797633338279011,Mon Aug 01 12:33:05 +0800 2022,那些年04666,https://weibo.com//u/5260709844,好恶心，能不能提高一下网红和某些明星的学历,0,0
,4797631395535491,Mon Aug 01 12:25:23 +0800 2022,王者之LU,https://weibo.com//u/1440144395,<a href=/n/王者之LU>@王者之LU</a>：没文化真可怕 让她去里面好好深造个10年再放出来,0,0
,4797631391860734,Mon Aug 01 12:25:22 +0800 2022,张欣尧内人,https://weibo.com//u/6020398718,所以她怎么判,0,0
,4797630314709545,Mon Aug 01 12:21:04 +0800 2022,爱哭男孩TMQQ,https://weibo.com//u/6415745885,"就我一个人觉得她说话有点恶心吗？<img alt=""[doge]"" title=""[doge]"" src=""https://face.t.sinajs.cn/t4/appstyle/expression/ext/normal/a1/2018new_doge02_org.png"" />",2,0
,4797630012723478,Mon Aug 01 12:19:53 +0800 2022,可爱善解人意的飞,https://weibo.com//u/3868166370,"为什么郑州的大学生掏鸟蛋判十年呢，这个是鲨鱼，怎么也得无期吧<img alt=""[喵喵]"" title=""[喵喵]"" src=""https://face.t.sinajs.cn/t4/appstyle/expression/ext/normal/7b/2018new_miaomiao_org.png"" />",2,5
4797630012723478.0,4797632549753954,Mon Aug 01 12:29:58 +0800 2022,不管是幸运和努力都要加油鸭,https://weibo.com//u/5310826535,"真的假的掏鸟蛋十年<img alt=""[允悲]"" title=""[允悲]"" src=""https://face.t.sinajs.cn/t4/appstyle/expression/ext/normal/83/2018new_kuxiao_org.png"" /><img alt=""[允悲]"" title=""[允悲]"" src=""https://face.t.sinajs.cn/t4/appstyle/expression/ext/normal/83/2018new_kuxiao_org.png"" />",0,0
4797630012723478.0,4797713353018872,Mon Aug 01 17:51:03 +0800 2022,Chaos良,https://weibo.com//u/2710198223,回复<a href=/n/可爱善解人意的飞>@可爱善解人意的飞</a>:因为那个 学生就是 售卖群成员，长期抓捕贩卖保护动物鹰隼，为了舆论和减刑才说成大学生掏鸟蛋不知道是保护动物，判决书都被报道了。,1,0
4797630012723478.0,4797641143093285,Mon Aug 01 13:04:06 +0800 2022,可爱善解人意的飞,https://weibo.com//u/3868166370,"回复<a href=/n/陌幺喵>@陌幺喵</a>:当时的新闻我看过，他就卖蛋，<img alt=""[笑cry]"" title=""[笑cry]"" src=""https://face.t.sinajs.cn/t4/appstyle/expression/ext/normal/4a/2018new_xiaoku_thumb.png"" /><img alt=""[笑cry]"" title=""[笑cry]"" src=""https://face.t.sinajs.cn/t4/appstyle/expression/ext/normal/4a/2018new_xiaoku_thumb.png"" /><img alt=""[笑cry]"" title=""[笑cry]"" src=""https://face.t.sinajs.cn/t4/appstyle/expression/ext/normal/4a/2018new_xiaoku_thumb.png"" />你别说什么楼上的楼上的，你多看看新闻再说吧，当年就很多人发出质疑了，就是卖蛋明知故问，你以为这个网红特意写出人工养殖就不知道🤷🏼‍♀️野生的是犯罪吗？如果不知道是犯罪干嘛故意标写出人工养殖呢？ <img alt=""[笑cry]"" title=""[笑cry]"" src=""https://face.t.sinajs.cn/t4/appstyle/expression/ext/normal/4a/2018new_xiaoku_thumb.png"" /><img alt=""[笑cry]"" title=""[笑cry]"" src=""https://face.t.sinajs.cn/t4/appstyle/expression/ext/normal/4a/2018new_xiaoku_thumb.png"" /><img alt=""[笑cry]"" title=""[笑cry]"" src=""https://face.t.sinajs.cn/t4/appstyle/expression/ext/normal/4a/2018new_xiaoku_thumb.png"" />她的严重多了",0,0
4797630012723478.0,4797634697496372,Mon Aug 01 12:38:30 +0800 2022,陌幺喵,https://weibo.com//u/6053280884,回复<a href=/n/可爱善解人意的飞>@可爱善解人意的飞</a>:你上面几楼就有人解释了 那人不是简单的掏鸟蛋 那是故意贩卖保护动物 而且不止一次,1,0
4797630012723478.0,4797634399962252,Mon Aug 01 12:37:18 +0800 2022,可爱善解人意的飞,https://weibo.com//u/3868166370,回复<a href=/n/不管是幸运和努力都要加油鸭>@不管是幸运和努力都要加油鸭</a>:真的，上热搜新闻了，前年的事，,0,0
,4797629878241391,Mon Aug 01 12:19:21 +0800 2022,尼克的心事,https://weibo.com//u/2740104982,我觉得她要是能吃下肚了还好，估计镜头前吃了，镜头后就吐了。鲨鱼肉之前看外国人拍过，说是有股尿素味。不知道有人吃过鲨鱼肉没。好不好吃,0,1
4797629878241391.0,4797633761119991,Mon Aug 01 12:34:47 +0800 2022,大可爱要考北协和,https://weibo.com//u/3762734714,"我怀疑你在钓鱼<img alt=""[doge]"" title=""[doge]"" src=""https://face.t.sinajs.cn/t4/appstyle/expression/ext/normal/a1/2018new_doge02_org.png"" />",0,0
,4797628870821276,Mon Aug 01 12:15:20 +0800 2022,雪山寒兵,https://weibo.com//u/7712884988,保护珍稀动物！,0,0
,4797627956469390,Mon Aug 01 12:11:43 +0800 2022,hiaaaa的春天,https://weibo.com//u/5330240069,"为了流量啥都干得出来<img alt=""[哼]"" title=""[哼]"" src=""https://face.t.sinajs.cn/t4/appstyle/expression/ext/normal/7c/2018new_heng_org.png"" /><img alt=""[哼]"" title=""[哼]"" src=""https://face.t.sinajs.cn/t4/appstyle/expression/ext/normal/7c/2018new_heng_org.png"" /><img alt=""[哼]"" title=""[哼]"" src=""https://face.t.sinajs.cn/t4/appstyle/expression/ext/normal/7c/2018new_heng_org.png"" />",0,0
,4797627842958111,Mon Aug 01 12:11:16 +0800 2022,hiaaaa的春天,https://weibo.com//u/5330240069,活该！！！！喜提一副银手镯 ,0,0
,4797627683571447,Mon Aug 01 12:10:38 +0800 2022,祢是我的招财猫吖,https://weibo.com//u/1931177931,那个吃相也真的是恐怖，不知道她的粉丝喜欢她什么？,0,0
,4797627600472334,Mon Aug 01 12:10:18 +0800 2022,牛奶泡了甜甜圈,https://weibo.com//u/6166596466,。。。。有毒,0,0
,4797627382106546,Mon Aug 01 12:09:26 +0800 2022,陆小鸡屁股,https://weibo.com//u/5373860052,那么年轻漂亮，坐几年出来，变大妈拉,0,0
,4797627146703986,Mon Aug 01 12:08:30 +0800 2022,初菌,https://weibo.com//u/7744514365,请问是哪个软件里面的？,0,0
,4797626959003996,Mon Aug 01 12:07:44 +0800 2022,永爱熙,https://weibo.com//u/6121951018,坐等她坐牢的消息，给拍视频的人普普法，不然又有一堆网红要开吃了！,0,0
,4797626934102572,Mon Aug 01 12:07:39 +0800 2022,看那朵喇叭花多奇葩,https://weibo.com//u/2797263952,直播吃和私下吃比起来应该更严重吧,1,0
,4797626618746264,Mon Aug 01 12:06:24 +0800 2022,一名80后的未成年人,https://weibo.com//u/5955589609,她是魔鬼吧？人类能吃这个吗？天呐！！,0,0
,4797626552425451,Mon Aug 01 12:06:08 +0800 2022,倚望绯花忆瑾年,https://weibo.com//u/7556153691,养个鹦鹉都能牢底坐穿，你还吃上了,0,0
,4797626014242875,Mon Aug 01 12:04:00 +0800 2022,_好想急死你,https://weibo.com//u/5146164937,吃的真踏马像丧尸一样，我以为在看行尸走肉,0,0
,4797625758915228,Mon Aug 01 12:02:59 +0800 2022,火山様,https://weibo.com//u/1676205372,一口咬定不知情就行了，她直播也一直咬定那不是噬人鲨,0,0
,4797625440143558,Mon Aug 01 12:01:42 +0800 2022,耀耀切克闹2333333,https://weibo.com//u/3853633409,"之前一直就想说想当明星/网红成本太低了，尤其网红…一直想说想拍视频当网红的上传个人信息都时候学历也上传下，平台也要面试下了解三观。但怕被说歧视低学历<img alt=""[允悲]"" title=""[允悲]"" src=""https://face.t.sinajs.cn/t4/appstyle/expression/ext/normal/83/2018new_kuxiao_org.png"" />",0,0
,4797625380900030,Mon Aug 01 12:01:29 +0800 2022,向璟渝,https://weibo.com//u/3819667294,不知道为什么看着有点yue，鲨鱼看看不香吗？为什么要吃啊！,0,0
,4797625222039689,Mon Aug 01 12:00:50 +0800 2022,怎么全部被占用了,https://weibo.com//u/6021349587,"刚刚还看见这个网红吃娃娃鱼<img alt=""[二哈]"" title=""[二哈]"" src=""https://face.t.sinajs.cn/t4/appstyle/expression/ext/normal/22/2018new_erha_org.png"" />",0,0
,4797625067639188,Mon Aug 01 12:00:14 +0800 2022,天涯何处无芳曹女士-,https://weibo.com//u/2804197180,我记得之前有两个大学生卖鸟判了十年 这个吃了得判20年吧,0,0
,4797624924244999,Mon Aug 01 11:59:40 +0800 2022,asdf4stars,https://weibo.com//u/3017942107,局子里面吃牢饭,0,0
,4797624563011309,Mon Aug 01 11:58:14 +0800 2022,茆康毅m,https://weibo.com//u/5553196678,"<img alt=""[doge]"" title=""[doge]"" src=""https://face.t.sinajs.cn/t4/appstyle/expression/ext/normal/a1/2018new_doge02_org.png"" />你真刑",0,0
,4797624438492263,Mon Aug 01 11:57:44 +0800 2022,Xuxi0827,https://weibo.com//u/6125786317,"经常刷到她吃好多奇奇怪怪的大型动物<img alt=""[裂开]"" title=""[裂开]"" src=""https://face.t.sinajs.cn/t4/appstyle/expression/ext/normal/1b/202011_liekai_org.png"" /><img alt=""[裂开]"" title=""[裂开]"" src=""https://face.t.sinajs.cn/t4/appstyle/expression/ext/normal/1b/202011_liekai_org.png"" /><img alt=""[裂开]"" title=""[裂开]"" src=""https://face.t.sinajs.cn/t4/appstyle/expression/ext/normal/1b/202011_liekai_org.png"" />",1,0
,4797624425382060,Mon Aug 01 11:57:40 +0800 2022,外买仔-阿银,https://weibo.com//u/6570501405,"做啥饭，吃牢饭<img alt=""[笑cry]"" title=""[笑cry]"" src=""https://face.t.sinajs.cn/t4/appstyle/expression/ext/normal/4a/2018new_xiaoku_thumb.png"" />",0,0
,4797624400480615,Mon Aug 01 11:57:35 +0800 2022,年华不染光阴,https://weibo.com//u/2084247355,"五年以下，犯罪成本真是低，不严惩的话那些濒危动物被灭绝只是时间的问题<img alt=""[摊手]"" title=""[摊手]"" src=""https://face.t.sinajs.cn/t4/appstyle/expression/ext/normal/62/2018new_tanshou_org.png"" />",0,0
,4797623960078190,Mon Aug 01 11:55:50 +0800 2022,唔709394,https://weibo.com//u/7768973932,求量得刑,0,0
,4797623913415712,Mon Aug 01 11:55:38 +0800 2022,左撇子大叔叔,https://weibo.com//u/1904881617,现在的网红就是吃一些稀奇古怪的东西，家常菜已经没有任何流量了，早晚要吃大熊猫的节奏,1,0
,4797623335389585,Mon Aug 01 11:53:20 +0800 2022,来自种花家兔子,https://weibo.com//u/6376002787,所有参与者都要追究，包括平台,2,0
,4797623296330303,Mon Aug 01 11:53:11 +0800 2022,鲁班七号蛋藤的生活,https://weibo.com//u/6644123509,"小仙女的事劝你们少管<img alt=""[doge]"" title=""[doge]"" src=""https://face.t.sinajs.cn/t4/appstyle/expression/ext/normal/a1/2018new_doge02_org.png"" /><img alt=""[doge]"" title=""[doge]"" src=""https://face.t.sinajs.cn/t4/appstyle/expression/ext/normal/a1/2018new_doge02_org.png"" /><img alt=""[doge]"" title=""[doge]"" src=""https://face.t.sinajs.cn/t4/appstyle/expression/ext/normal/a1/2018new_doge02_org.png"" />",0,0
,4797623204055340,Mon Aug 01 11:52:50 +0800 2022,LeBronJames湖人队,https://weibo.com//u/5616380673,关,1,0
,4797622999059023,Mon Aug 01 11:52:01 +0800 2022,阿一古_不在线,https://weibo.com//u/1798091060,搞里头,0,0
,4797622957638566,Mon Aug 01 11:51:50 +0800 2022,宁哥的卡卡,https://weibo.com//u/7470814701,真是无语了，为了博眼球都不惜的把自己搞进去,0,0
,4797622394817246,Mon Aug 01 11:49:36 +0800 2022,你喜欢我我能怎么办,https://weibo.com//u/6430320636,"她怎么不把自己也烤了吃了的<img alt=""[微笑]"" title=""[微笑]"" src=""https://face.t.sinajs.cn/t4/appstyle/expression/ext/normal/e3/2018new_weixioa02_org.png"" />",8,0
,4797622180646968,Mon Aug 01 11:48:46 +0800 2022,多塔2暗夜魔王,https://weibo.com//u/6203254143,这么大的鲨鱼，才五年以下？产业链全部端了！,0,0
,4797622097808017,Mon Aug 01 11:48:26 +0800 2022,JOLINE雀,https://weibo.com//u/3179181254,"警察叔叔帮你把下一期内容都想好了，下一期直播吃牢饭<img alt=""[太开心]"" title=""[太开心]"" src=""https://face.t.sinajs.cn/t4/appstyle/expression/ext/normal/1e/2018new_taikaixin_org.png"" />",3,0
,4797611791353318,Mon Aug 01 11:07:29 +0800 2022,用户于小样,https://weibo.com//u/6453848976,"严惩 在公共平台这样，不传播点好的<img alt=""[裂开]"" title=""[裂开]"" src=""https://face.t.sinajs.cn/t4/appstyle/expression/ext/normal/1b/202011_liekai_org.png"" /><img alt=""[裂开]"" title=""[裂开]"" src=""https://face.t.sinajs.cn/t4/appstyle/expression/ext/normal/1b/202011_liekai_org.png"" /><img alt=""[裂开]"" title=""[裂开]"" src=""https://face.t.sinajs.cn/t4/appstyle/expression/ext/normal/1b/202011_liekai_org.png"" />保护珍稀动物",425,26
4797611791353318.0,4797621593706163,Mon Aug 01 11:46:26 +0800 2022,只有我没有mao,https://weibo.com//u/3985738191,对啊，她还传播了，这算传播不良价值观吧，应该5-10年,16,0
4797611791353318.0,4797612677662148,Mon Aug 01 11:10:59 +0800 2022,EVOS沸,https://weibo.com//u/3925967293,就是说啊,0,0
4797611791353318.0,4797612710170984,Mon Aug 01 11:11:08 +0800 2022,贰捌壹壹贰捌,https://weibo.com//u/7560975685,无语死了,1,0
4797611791353318.0,4797615281537866,Mon Aug 01 11:21:20 +0800 2022,爱吃辣椒呀111,https://weibo.com//u/5643990142,就应该严惩，,0,0
4797611791353318.0,4797613184650143,Mon Aug 01 11:13:00 +0800 2022,一切安好丫,https://weibo.com//u/7543488704,太无语了啊,0,0
4797611791353318.0,4797613046237647,Mon Aug 01 11:12:28 +0800 2022,桃桃桃子味好赞好赞,https://weibo.com//u/7708547402,感觉很离谱,0,0
4797611791353318.0,4797612924602355,Mon Aug 01 11:11:59 +0800 2022,开心的艳子吖,https://weibo.com//u/7749425932,太无语了啊,0,0
4797611791353318.0,4797612849368841,Mon Aug 01 11:11:41 +0800 2022,-封闭货车副驾驶-,https://weibo.com//u/6605357783,是这样的,0,0
4797611791353318.0,4797615445377766,Mon Aug 01 11:21:59 +0800 2022,卷一块饼,https://weibo.com//u/6414187135,必须判刑吧,1,0
4797611791353318.0,4797844818756751,Tue Aug 02 02:33:27 +0800 2022,吹雪级特型驱逐舰叢雲,https://weibo.com//u/1699956211,"关键鲨鱼肉想想都不会好吃……<img alt=""[交税]"" title=""[交税]"" src=""https://face.t.sinajs.cn/t4/appstyle/expression/ext/normal/8e/2022_jiaoshui_org.png"" /><img alt=""[交税]"" title=""[交税]"" src=""https://face.t.sinajs.cn/t4/appstyle/expression/ext/normal/8e/2022_jiaoshui_org.png"" />",0,0
4797611791353318.0,4797685774682733,Mon Aug 01 16:01:28 +0800 2022,吾心安处1985,https://weibo.com//u/3874299699,平台也应该一并处置,0,0
4797611791353318.0,4797630669918512,Mon Aug 01 12:22:30 +0800 2022,我爱我家121147,https://weibo.com//u/6303520205,快手该再整顿一次了,0,0
4797611791353318.0,4797613498695792,Mon Aug 01 11:14:15 +0800 2022,可乐养乐多呀,https://weibo.com//u/2568461301,是啊是啊,0,0
4797611791353318.0,4797613155027603,Mon Aug 01 11:12:53 +0800 2022,4咚咚锵啦,https://weibo.com//u/7751581951,确实无语死了,0,0
4797611791353318.0,4797612811096857,Mon Aug 01 11:11:32 +0800 2022,榆次保持缄默,https://weibo.com//u/7731725966,同意你的,0,0
4797611791353318.0,4797623514960400,Mon Aug 01 11:54:04 +0800 2022,ae3002019,https://weibo.com//u/7189925143,"魔魂大白鲨都吃<img alt=""[污]"" title=""[污]"" src=""https://face.t.sinajs.cn/t4/appstyle/expression/ext/normal/10/2018new_wu_org.png"" /><img alt=""[污]"" title=""[污]"" src=""https://face.t.sinajs.cn/t4/appstyle/expression/ext/normal/10/2018new_wu_org.png"" />",0,0
4797611791353318.0,4797620301857696,Mon Aug 01 11:41:17 +0800 2022,Evelyn应,https://weibo.com//u/7761855866,哪个平台呀,0,0
4797611791353318.0,4797613218463849,Mon Aug 01 11:13:08 +0800 2022,阿了个远Q,https://weibo.com//u/2164391531,就挺无语的,0,0
4797611791353318.0,4797615475261842,Mon Aug 01 11:22:06 +0800 2022,短的是岁月1,https://weibo.com//u/7717484832,好好保护,0,0
4797611791353318.0,4797614282770742,Mon Aug 01 11:17:23 +0800 2022,枫已乙,https://weibo.com//u/2727389242,网上要传播正能量。,0,0
,4797612006573516,Mon Aug 01 11:08:19 +0800 2022,SakuraLu路明非,https://weibo.com//u/6690637486,看着真渗人,262,5
4797612006573516.0,4797675893162536,Mon Aug 01 15:22:11 +0800 2022,SouilMMS,https://weibo.com//u/1287937534,"看着就像丧尸<img alt=""[笑cry]"" title=""[笑cry]"" src=""https://face.t.sinajs.cn/t4/appstyle/expression/ext/normal/4a/2018new_xiaoku_thumb.png"" /><img alt=""[笑cry]"" title=""[笑cry]"" src=""https://face.t.sinajs.cn/t4/appstyle/expression/ext/normal/4a/2018new_xiaoku_thumb.png"" /><img alt=""[笑cry]"" title=""[笑cry]"" src=""https://face.t.sinajs.cn/t4/appstyle/expression/ext/normal/4a/2018new_xiaoku_thumb.png"" /><img alt=""[笑cry]"" title=""[笑cry]"" src=""https://face.t.sinajs.cn/t4/appstyle/expression/ext/normal/4a/2018new_xiaoku_thumb.png"" /><img alt=""[笑cry]"" title=""[笑cry]"" src=""https://face.t.sinajs.cn/t4/appstyle/expression/ext/normal/4a/2018new_xiaoku_thumb.png"" /><img alt=""[笑cry]"" title=""[笑cry]"" src=""https://face.t.sinajs.cn/t4/appstyle/expression/ext/normal/4a/2018new_xiaoku_thumb.png"" />",2,0
4797612006573516.0,4797625658250565,Mon Aug 01 12:02:35 +0800 2022,SakuraLu路明非,https://weibo.com//u/6690637486,"回复<a href=/n/云天之巅-金鳞>@云天之巅-金鳞</a>:你给我加辣椒，我给你加手铐<img alt=""[doge]"" title=""[doge]"" src=""https://face.t.sinajs.cn/t4/appstyle/expression/ext/normal/a1/2018new_doge02_org.png"" />",5,0
4797612006573516.0,4797623649963107,Mon Aug 01 11:54:36 +0800 2022,云天之巅-金鳞,https://weibo.com//u/7732994382,"大白鲨：你把我搞锅里头，我把你搞牢里头！<img alt=""[doge]"" title=""[doge]"" src=""https://face.t.sinajs.cn/t4/appstyle/expression/ext/normal/a1/2018new_doge02_org.png"" />",5,0
,4797611455813277,Mon Aug 01 11:06:09 +0800 2022,神奇药药子,https://weibo.com//u/7735809930,"我记得自2020年蝙蝠事件以后就不让吃野生动物了，真刑<img alt=""[衰]"" title=""[衰]"" src=""https://face.t.sinajs.cn/t4/appstyle/expression/ext/normal/a2/2018new_shuai_org.png"" />还这么明目张胆",160,10
4797611455813277.0,4797623518630395,Mon Aug 01 11:54:05 +0800 2022,醒醒别水,https://weibo.com//u/3289954563,这叫不可以吃保护动物，鱼和海鲜大多是野生动物,16,0
4797611455813277.0,4797612736122984,Mon Aug 01 11:11:14 +0800 2022,-来碗甜豆花-,https://weibo.com//u/7393128850,"为了钱啥都能干<img alt=""[吐]"" title=""[吐]"" src=""https://face.t.sinajs.cn/t4/appstyle/expression/ext/normal/08/2018new_tu_org.png"" />",0,0
4797611455813277.0,4797659430520720,Mon Aug 01 14:16:46 +0800 2022,瞄我一眼活到九十九,https://weibo.com//u/6611033616,"我爸爸还想抓小鸟，问我吃不吃<img alt=""[可爱]"" title=""[可爱]"" src=""https://face.t.sinajs.cn/t4/appstyle/expression/ext/normal/09/2018new_keai_org.png"" /><img alt=""[可爱]"" title=""[可爱]"" src=""https://face.t.sinajs.cn/t4/appstyle/expression/ext/normal/09/2018new_keai_org.png"" />当时火就起来了，把我爸爸骂了一顿，问他是不是不吃野味会嗝屁，不知道很多野味带些病毒啥的吗？",6,0
4797611455813277.0,4797619483709823,Mon Aug 01 11:38:03 +0800 2022,小碎花花儿呀,https://weibo.com//u/5229993334,从来就没让吃过野味 20年以后是强调了 非典那会儿刚开始就说是吃野味来的,6,0
4797611455813277.0,4797613372606825,Mon Aug 01 11:13:46 +0800 2022,善古思特锡林,https://weibo.com//u/7706123840,因为惩罚太低了,2,0
4797611455813277.0,4797612681594707,Mon Aug 01 11:11:00 +0800 2022,又是开心的一天哦,https://weibo.com//u/5543053564,我不理解了,1,0
4797611455813277.0,4797673545404513,Mon Aug 01 15:12:52 +0800 2022,老北京老王,https://weibo.com//u/7546361074,压根没有蝙蝠事件，什么蝙蝠事件，中国人根本不吃蝙蝠的，吃蝙蝠那是西方某些国家发明的,0,0
4797611455813277.0,4797614949668643,Mon Aug 01 11:20:02 +0800 2022,汤圆黑芝麻馅_,https://weibo.com//u/7549354038,看着都渗人,0,0
4797611455813277.0,4797613330924364,Mon Aug 01 11:13:35 +0800 2022,曦曦半桃酱,https://weibo.com//u/7751760333,真的不能理解了,0,0
4797611455813277.0,4797612852514271,Mon Aug 01 11:11:42 +0800 2022,甲乙丙丁1120,https://weibo.com//u/6308541867,居然有人明目张胆,1,0
,4797612723536683,Mon Aug 01 11:11:11 +0800 2022,如果痛仰不摇滚,https://weibo.com//u/3780716147,"有些网红尤其是某些平台的直播为了博眼球，真的太过分了<img alt=""[衰]"" title=""[衰]"" src=""https://face.t.sinajs.cn/t4/appstyle/expression/ext/normal/a2/2018new_shuai_org.png"" />严惩严惩",75,0
,4797612651709431,Mon Aug 01 11:10:53 +0800 2022,EVOS沸,https://weibo.com//u/3925967293,这就没什么好冤的 那么多吃的不弄 非要弄个保护动物,39,0
,4797612669013889,Mon Aug 01 11:10:58 +0800 2022,-来碗甜豆花-,https://weibo.com//u/7393128850,"？？？知法犯法？真是好样的<img alt=""[赞]"" title=""[赞]"" src=""https://face.t.sinajs.cn/t4/appstyle/expression/ext/normal/e6/2018new_zan_org.png"" />",17,2
4797612669013889.0,4797614137019134,Mon Aug 01 11:16:48 +0800 2022,腊月zjt,https://weibo.com//u/7732208380,这样的人必须严惩。,0,0
4797612669013889.0,4797613628458623,Mon Aug 01 11:14:47 +0800 2022,格子指环王养乐多,https://weibo.com//u/7430880560,好样的,0,0
,4797612685263045,Mon Aug 01 11:11:01 +0800 2022,贰捌壹壹贰捌,https://weibo.com//u/7560975685,乌鱼子现在的网红为了红啥都做得出来,31,0
,4797612719082113,Mon Aug 01 11:11:10 +0800 2022,怡颗好困芽,https://weibo.com//u/7236931067,官方已经证实那个网红吃的是濒危野生动物了吗？,23,8
4797612719082113.0,4797621707212740,Mon Aug 01 11:46:53 +0800 2022,吴勉不叫吴仁荻,https://weibo.com//u/7457436753,警方称相关部门鉴定是大白鲨，属二级保护动物,29,0
4797612719082113.0,4797625243271427,Mon Aug 01 12:00:55 +0800 2022,蛋清和蛋黄123,https://weibo.com//u/7565038944,是的，已经鉴定了是国家二级保护动物。食用肯定是违法的了,3,0
4797612719082113.0,4797622077099074,Mon Aug 01 11:48:21 +0800 2022,村边小池塘006,https://weibo.com//u/7280057399,南充警方证实的,5,0
4797612719082113.0,4797669278482912,Mon Aug 01 14:55:54 +0800 2022,倭国天皇的爹,https://weibo.com//u/1172980822,你吃人工繁殖的野生动物也要坐牢,0,0
4797612719082113.0,4798080450300126,Tue Aug 02 18:09:46 +0800 2022,是小奶坤呐,https://weibo.com//u/5631396000,回复<a href=/n/大奎超凶猛>@大奎超凶猛</a>:拜托，大白鲨是不能人工养殖的 别万一了,0,0
4797612719082113.0,4797621623850641,Mon Aug 01 11:46:32 +0800 2022,uaresoq,https://weibo.com//u/6601401143,证实了,0,0
4797612719082113.0,4797612823155095,Mon Aug 01 11:11:35 +0800 2022,大奎超凶猛,https://weibo.com//u/7776153097,那谁知道呢,0,0
,4797612622613795,Mon Aug 01 11:10:47 +0800 2022,又是开心的一天哦,https://weibo.com//u/5543053564,吃别的不行吗，为了博眼球什么都能做,14,2
4797612622613795.0,4797621078332362,Mon Aug 01 11:44:23 +0800 2022,潔儿爱睿睿,https://weibo.com//u/7641519346,是呀，太没有底线了,0,0
4797612622613795.0,4797623079011340,Mon Aug 01 11:52:19 +0800 2022,·佳期·,https://weibo.com//u/3645779292,"关键是视频里的其他人也很配合的样子<img alt=""[哆啦A梦害怕]"" title=""[哆啦A梦害怕]"" src=""https://face.t.sinajs.cn/t4/appstyle/expression/ext/normal/c7/dorahaipa_org.gif"" />",0,0
,4797621015937170,Mon Aug 01 11:44:07 +0800 2022,潔儿爱睿睿,https://weibo.com//u/7641519346,"不懂法真可怕，<img alt=""[笑cry]"" title=""[笑cry]"" src=""https://face.t.sinajs.cn/t4/appstyle/expression/ext/normal/4a/2018new_xiaoku_thumb.png"" />现在的网红上过高中吗<img alt=""[允悲]"" title=""[允悲]"" src=""https://face.t.sinajs.cn/t4/appstyle/expression/ext/normal/83/2018new_kuxiao_org.png"" />",12,0
,4797613994675497,Mon Aug 01 11:16:14 +0800 2022,你们懂不懂cp感啊,https://weibo.com//u/1700116355,掏鸟蛋的大学生被判了10年呢……,18,15
4797613994675497.0,4797622680292447,Mon Aug 01 11:50:45 +0800 2022,庐山烟雨dream,https://weibo.com//u/6006730832,他是明知故犯，知道是濒危保护动物,15,0
4797613994675497.0,4797621657141960,Mon Aug 01 11:46:40 +0800 2022,EDRUGS_,https://weibo.com//u/3251851125,"别被带节奏了……那个大学生明知是保护动物，卖的时候品种都标出来了，而且之前就卖过很多次了 <a target=""_blank"" data-pid=c1d34f75gy1h4r4bqest2j20u01sydoy  href=""http://wx1.sinaimg.cn/large/c1d34f75gy1h4r4bqest2j20u01sydoy.jpg""><img class=""icon-link"" src=""https://h5.sinaimg.cn/upload/2015/01/21/20/timeline_card_small_photo_default.png""/>查看图片</a>",19,0
4797613994675497.0,4797623296336974,Mon Aug 01 11:53:12 +0800 2022,EDRUGS_,https://weibo.com//u/3251851125,他被调查出来是职业贩子了,8,0
4797613994675497.0,4797910308357103,Tue Aug 02 06:53:41 +0800 2022,桃山之恋,https://weibo.com//u/5587080162,回复<a href=/n/铁齿铜牙纪晓岚95>@铁齿铜牙纪晓岚95</a>:一般掏鸟蛋也没人管,1,0
4797613994675497.0,4797802604135442,Mon Aug 01 23:45:41 +0800 2022,铁齿铜牙纪晓岚95,https://weibo.com//u/7754931142,回复<a href=/n/桃山之恋>@桃山之恋</a>:没看到我发的是一般强奸吗,0,0
4797613994675497.0,4797798828743100,Mon Aug 01 23:30:42 +0800 2022,桃山之恋,https://weibo.com//u/5587080162,回复<a href=/n/铁齿铜牙纪晓岚95>@铁齿铜牙纪晓岚95</a>:那是贩隼的，啥掏鸟蛋，强奸罪最高死刑，掏鸟蛋最高几年？在正规领域，你觉得搞笑的事，那一定是你了解的太少了,3,0
4797613994675497.0,4797709632668548,Mon Aug 01 17:36:15 +0800 2022,身在地狱却不知,https://weibo.com//u/6818465911,回复<a href=/n/EDRUGS_>@EDRUGS_</a>:这个是职业吃保护动物没区别,0,0
4797613994675497.0,4797668494677922,Mon Aug 01 14:52:48 +0800 2022,BoscoCHAU,https://weibo.com//u/1804097725,回复<a href=/n/EDRUGS_>@EDRUGS_</a>:就是,0,0
4797613994675497.0,4797629836037951,Mon Aug 01 12:19:11 +0800 2022,我对你的爱起刑点就是无期,https://weibo.com//u/6034046940,"回复<a href=/n/铁齿铜牙纪晓岚95>@铁齿铜牙纪晓岚95</a>:不服啊，不服憋着<img alt=""[笑哈哈]"" title=""[笑哈哈]"" src=""https://face.t.sinajs.cn/t4/appstyle/expression/ext/normal/32/lxhwahaha_org.gif"" />",1,0
4797613994675497.0,4797629769190619,Mon Aug 01 12:18:55 +0800 2022,EDRUGS_,https://weibo.com//u/3251851125,"回复<a href=/n/铁齿铜牙纪晓岚95>@铁齿铜牙纪晓岚95</a>:建议你先了解一下国外的动物保护法<img alt=""[doge]"" title=""[doge]"" src=""https://face.t.sinajs.cn/t4/appstyle/expression/ext/normal/a1/2018new_doge02_org.png"" />",3,0
4797613994675497.0,4797629227600388,Mon Aug 01 12:16:46 +0800 2022,铁齿铜牙纪晓岚95,https://weibo.com//u/7754931142,掏鸟蛋判十年，一般强奸犯就判几年，中国的法律绝对是在搞笑,1,0
4797613994675497.0,4797622605317659,Mon Aug 01 11:50:27 +0800 2022,Tracyandic1,https://weibo.com//u/1094111394,掏鸟蛋那个大学生是明知是保护动物，为了钱去掏的，你可以去看案情细节，他一点都不冤,4,0
4797613994675497.0,4797622202143283,Mon Aug 01 11:48:51 +0800 2022,元气少女郭德纲olo,https://weibo.com//u/5648628134,"他不光掏鸟卖鸟，还买卖别的野生动物<img alt=""[并不简单]"" title=""[并不简单]"" src=""https://face.t.sinajs.cn/t4/appstyle/expression/ext/normal/aa/2018new_bingbujiandan_org.png"" />",6,0
,4797612929318978,Mon Aug 01 11:11:59 +0800 2022,西野佳奈---,https://weibo.com//u/2707787711,"您20年穿越了？穿到22年才回来<img alt=""[疑问]"" title=""[疑问]"" src=""https://face.t.sinajs.cn/t4/appstyle/expression/ext/normal/b8/2018new_ningwen_org.png"" />",3,1
4797612929318978.0,4797612990926883,Mon Aug 01 11:12:15 +0800 2022,西野佳奈---,https://weibo.com//u/2707787711,一点意识都没有 活该,0,0
,4797618339450635,Mon Aug 01 11:33:30 +0800 2022,阿拉丁神萌turbo,https://weibo.com//u/2983959560,五年太少了吧,13,0
,4797620721551321,Mon Aug 01 11:42:57 +0800 2022,蜜桃-雪碧养乐多,https://weibo.com//u/7640281456,无下限，又没文化，迟早把自己送进去,4,0
,4797612811882865,Mon Aug 01 11:11:32 +0800 2022,甲乙丙丁1120,https://weibo.com//u/6308541867,这真的 其实我看她其他视频也是很不舒适的,5,1
4797612811882865.0,4797622386952820,Mon Aug 01 11:49:35 +0800 2022,佛系会长,https://weibo.com//u/2393070901,"关键还有好多人喜欢看，真不明白图啥<img alt=""[摊手]"" title=""[摊手]"" src=""https://face.t.sinajs.cn/t4/appstyle/expression/ext/normal/62/2018new_tanshou_org.png"" />",0,0
,4797612827612735,Mon Aug 01 11:11:36 +0800 2022,-封闭货车副驾驶-,https://weibo.com//u/6605357783,好可怕啊这种必须严惩,3,1
4797612827612735.0,4797613120946476,Mon Aug 01 11:12:45 +0800 2022,大奎超凶猛,https://weibo.com//u/7776153097,一定要严惩,0,0
,4797614794740505,Mon Aug 01 11:19:25 +0800 2022,冰柳ww,https://weibo.com//u/2727388382,就这种没底线的事情，必须要严惩。给他们一个教训。,2,1
4797614794740505.0,4797620831390945,Mon Aug 01 11:43:23 +0800 2022,蜜桃-雪碧养乐多,https://weibo.com//u/7640281456,"这些网红为了红<img alt=""[允悲]"" title=""[允悲]"" src=""https://face.t.sinajs.cn/t4/appstyle/expression/ext/normal/83/2018new_kuxiao_org.png"" />什么都做",0,0
,4797614086685237,Mon Aug 01 11:16:35 +0800 2022,腊月zjt,https://weibo.com//u/7732208380,既然犯法了，就应该得到相应的处罚。,2,0
,4797612932731860,Mon Aug 01 11:12:01 +0800 2022,桃桃桃子味好赞好赞,https://weibo.com//u/7708547402,不会害怕吗，正常吃播也行呀，我真的不理解,3,0
,4797621816263036,Mon Aug 01 11:47:18 +0800 2022,奉琳儿,https://weibo.com//u/3106689061,实在不懂这种视频怎么还这么多人看，感觉引起生理不适了都,5,0
,4797621720583727,Mon Aug 01 11:46:56 +0800 2022,孟婆没有汤820,https://weibo.com//u/2464400865,"好好管理管理这些个直播平台吧 有些人为了博眼球 恨不得拿自己当器皿了都 一顿狂塞<img alt=""[裂开]"" title=""[裂开]"" src=""https://face.t.sinajs.cn/t4/appstyle/expression/ext/normal/1b/202011_liekai_org.png"" /><img alt=""[裂开]"" title=""[裂开]"" src=""https://face.t.sinajs.cn/t4/appstyle/expression/ext/normal/1b/202011_liekai_org.png"" /><img alt=""[裂开]"" title=""[裂开]"" src=""https://face.t.sinajs.cn/t4/appstyle/expression/ext/normal/1b/202011_liekai_org.png"" />真的够了 食物也是需要尊重的 不能浪费",5,0
,4797618226465021,Mon Aug 01 11:33:03 +0800 2022,小张赶紧戒拖延,https://weibo.com//u/1840446552,不仅作者要严惩！还有！为什么视频之前发出来没审核 快手必须严惩！！,4,0
,4797616124854557,Mon Aug 01 11:24:41 +0800 2022,Inlakesh885,https://weibo.com//u/6745775396,平台没有责任吗 平台的审核是摆设吗,2,0
,4797613456753994,Mon Aug 01 11:14:05 +0800 2022,可乐养乐多呀,https://weibo.com//u/2568461301,笑死了，拍下了所有犯罪记录,2,0
,4797613314411407,Mon Aug 01 11:13:32 +0800 2022,善古思特锡林,https://weibo.com//u/7706123840,"直播的收益所得麻烦十倍罚款谢谢<img alt=""[爱你]"" title=""[爱你]"" src=""https://face.t.sinajs.cn/t4/appstyle/expression/ext/normal/f6/2018new_aini_org.png"" />",3,0
,4797613292913533,Mon Aug 01 11:13:26 +0800 2022,曦曦半桃酱,https://weibo.com//u/7751760333,为什么要吃濒危动物啊，真的很无语,2,0
,4797613121476907,Mon Aug 01 11:12:46 +0800 2022,4咚咚锵啦,https://weibo.com//u/7751581951,这不必须要严惩才行嘛,2,0
,4797615231998113,Mon Aug 01 11:21:09 +0800 2022,爱吃辣椒呀111,https://weibo.com//u/5643990142,我觉得应该要严惩满满的负能量，,2,0
,4797613155552967,Mon Aug 01 11:12:54 +0800 2022,一切安好丫,https://weibo.com//u/7543488704,像这样的必须严惩，太无语了,2,0
,4797612895242450,Mon Aug 01 11:11:52 +0800 2022,开心的艳子吖,https://weibo.com//u/7749425932,为了自己红，什么事都做，太无语了,3,0
,4797621858995558,Mon Aug 01 11:47:29 +0800 2022,你看不见的我p,https://weibo.com//u/2012004514,进去吧进去吧！,0,0
,4797621551498953,Mon Aug 01 11:46:16 +0800 2022,星星眠眠雨,https://weibo.com//u/5144848988,太好了 给我进去,0,0
,4797621496976130,Mon Aug 01 11:46:03 +0800 2022,潇潇雨歇-G,https://weibo.com//u/5787139263,我记得有个偷鸟蛋的还判了十年,0,0
,4797620813566633,Mon Aug 01 11:43:20 +0800 2022,像那温柔的晚风呀,https://weibo.com//u/5495335486,"看的我尴尬癌都犯了<img alt=""[笑cry]"" title=""[笑cry]"" src=""https://face.t.sinajs.cn/t4/appstyle/expression/ext/normal/4a/2018new_xiaoku_thumb.png"" />",0,0
,4797615408152851,Mon Aug 01 11:21:50 +0800 2022,卷一块饼,https://weibo.com//u/6414187135,咋啥都敢吃啊，看着都觉得很吓人,0,0
,4797614912963589,Mon Aug 01 11:19:52 +0800 2022,汤圆黑芝麻馅_,https://weibo.com//u/7549354038,有毒吧，这种应该会被抓起来判刑吧,0,0
,4797613596216148,Mon Aug 01 11:14:39 +0800 2022,格子指环王养乐多,https://weibo.com//u/7430880560,太可怕了吧，好狠的女人,0,0
,4797612941118409,Mon Aug 01 11:12:03 +0800 2022,桃肥肥佳油鸭,https://weibo.com//u/7217648605,"严惩严惩<img alt=""[怒]"" title=""[怒]"" src=""https://face.t.sinajs.cn/t4/appstyle/expression/ext/normal/f6/2018new_nu_org.png"" />啥都吃也不怕把自己吃死了",2,0
,4797621778520261,Mon Aug 01 11:47:10 +0800 2022,沛然江海深_,https://weibo.com//u/6088165290,5年一下？最少也得5年吧？养个二级都能判5年，吃个二级5年一下？可别让我瞧不起你,0,0
,4797621299846832,Mon Aug 01 11:45:16 +0800 2022,1t李婷,https://weibo.com//u/7458646740,罚的太轻了,0,0
,4797613185178383,Mon Aug 01 11:13:01 +0800 2022,阿了个远Q,https://weibo.com//u/2164391531,挺无语的，什么时候可以提高一下主播门槛,1,1
,4797621165886883,Mon Aug 01 11:44:44 +0800 2022,Rokey小墨子,https://weibo.com//u/5680391674,太恶心了，为了流量不计手段,0,0
