﻿parent_comment_id,comment_id,comment_time,comment_user_name,comment_user_link,comment_content,comment_like_num,child_comment_num
,4797697447955939,Mon Aug 01 16:47:51 +0800 2022,唐县检察,https://weibo.com//u/5286982635,"<img alt=""[话筒]"" title=""[话筒]"" src=""https://face.t.sinajs.cn/t4/appstyle/expression/ext/normal/48/2018new_huatong_org.png"" /><img alt=""[话筒]"" title=""[话筒]"" src=""https://face.t.sinajs.cn/t4/appstyle/expression/ext/normal/48/2018new_huatong_org.png"" />",0,0
,4797621577453691,Mon Aug 01 11:46:22 +0800 2022,高碑店法院,https://weibo.com//u/5121216330,转发微博,0,0
,4797611423302578,Mon Aug 01 11:06:00 +0800 2022,蠡县长安网,https://weibo.com//u/6292260319,转发微博,0,0
,4797608981431953,Mon Aug 01 10:56:19 +0800 2022,广宗县长安网,https://weibo.com//u/3517370933,"<a href=""//s.weibo.com/weibo?q=%23%E8%AD%A6%E6%96%B9%E8%AE%A4%E5%AE%9A%E7%BD%91%E7%BA%A2%E7%94%A8%E6%BF%92%E5%8D%B1%E5%A4%A7%E7%99%BD%E9%B2%A8%E5%81%9A%E7%BE%8E%E9%A3%9F%23"" target=""_blank"">#警方认定网红用濒危大白鲨做美食#</a>",0,0
,4797603335899148,Mon Aug 01 10:33:53 +0800 2022,宁晋长安网,https://weibo.com//u/6292660155,"【<a href=""//s.weibo.com/weibo?q=%23%E8%AD%A6%E6%96%B9%E8%AE%A4%E5%AE%9A%E7%BD%91%E7%BA%A2%E7%94%A8%E6%BF%92%E5%8D%B1%E5%A4%A7%E7%99%BD%E9%B2%A8%E5%81%9A%E7%BE%8E%E9%A3%9F%23"" target=""_blank"">#警方认定网红用濒危大白鲨做美食#</a>：相关案件正在办理中】",0,0
,4797598513236996,Mon Aug 01 10:14:43 +0800 2022,高阳法院,https://weibo.com//u/5127633222,转发微博,0,0
,4797589319060556,Mon Aug 01 09:38:11 +0800 2022,上虞公安,https://weibo.com//u/2131330840,"<img alt=""[话筒]"" title=""[话筒]"" src=""https://face.t.sinajs.cn/t4/appstyle/expression/ext/normal/48/2018new_huatong_org.png"" /><img alt=""[话筒]"" title=""[话筒]"" src=""https://face.t.sinajs.cn/t4/appstyle/expression/ext/normal/48/2018new_huatong_org.png"" />",0,0
