﻿parent_comment_id,comment_id,comment_time,comment_user_name,comment_user_link,comment_content,comment_like_num,child_comment_num
,4797657439013250,Mon Aug 01 14:08:52 +0800 2022,游仙公安,https://weibo.com//u/1920901005,"<img alt=""[话筒]"" title=""[话筒]"" src=""https://face.t.sinajs.cn/t4/appstyle/expression/ext/normal/48/2018new_huatong_org.png"" /><img alt=""[话筒]"" title=""[话筒]"" src=""https://face.t.sinajs.cn/t4/appstyle/expression/ext/normal/48/2018new_huatong_org.png"" /><img alt=""[话筒]"" title=""[话筒]"" src=""https://face.t.sinajs.cn/t4/appstyle/expression/ext/normal/48/2018new_huatong_org.png"" />",0,0
,4797640795753646,Mon Aug 01 13:02:44 +0800 2022,南宁检察,https://weibo.com//u/5794269940,"<img alt=""[话筒]"" title=""[话筒]"" src=""https://face.t.sinajs.cn/t4/appstyle/expression/ext/normal/48/2018new_huatong_org.png"" /><img alt=""[话筒]"" title=""[话筒]"" src=""https://face.t.sinajs.cn/t4/appstyle/expression/ext/normal/48/2018new_huatong_org.png"" />",0,0
,4797623930981877,Mon Aug 01 11:55:43 +0800 2022,电白检察,https://weibo.com//u/5642825408,"<img alt=""[话筒]"" title=""[话筒]"" src=""https://face.t.sinajs.cn/t4/appstyle/expression/ext/normal/48/2018new_huatong_org.png"" /><img alt=""[话筒]"" title=""[话筒]"" src=""https://face.t.sinajs.cn/t4/appstyle/expression/ext/normal/48/2018new_huatong_org.png"" />",0,0
,4797622470578268,Mon Aug 01 11:49:55 +0800 2022,品质崇州,https://weibo.com//u/2000090825,关注,0,0
