﻿parent_comment_id,comment_id,comment_time,comment_user_name,comment_user_link,comment_content,comment_like_num,child_comment_num
,4797613586519999,Mon Aug 01 11:14:37 +0800 2022,安东卫石臼千户所,https://weibo.com//u/7646257763,重典治乱象,1,0
,4797595744736953,Mon Aug 01 10:03:43 +0800 2022,金牛座的小宅女苗苗,https://weibo.com//u/5340925229,"保护生态 也是保护人类的未来<img alt=""[心]"" title=""[心]"" src=""https://face.t.sinajs.cn/t4/appstyle/expression/ext/normal/8a/2018new_xin_org.png"" />",0,0
,4797594171609799,Mon Aug 01 09:57:28 +0800 2022,江油公安,https://weibo.com//u/1919769503,"<img alt=""[话筒]"" title=""[话筒]"" src=""https://face.t.sinajs.cn/t4/appstyle/expression/ext/normal/48/2018new_huatong_org.png"" /><img alt=""[话筒]"" title=""[话筒]"" src=""https://face.t.sinajs.cn/t4/appstyle/expression/ext/normal/48/2018new_huatong_org.png"" />",0,0
,4797589541621571,Mon Aug 01 09:39:04 +0800 2022,金山正风,https://weibo.com//u/5873397237,五年内我国野生动植物将得到加倍保护,1,0
,4797584566649251,Mon Aug 01 09:19:17 +0800 2022,烈焰審判3,https://weibo.com//u/1654619692,好啊，让她进去蹲几年试试,1,0
,4797571480159329,Mon Aug 01 08:27:17 +0800 2022,米xy常乐,https://weibo.com//u/6384076972,"<img alt=""[心]"" title=""[心]"" src=""https://face.t.sinajs.cn/t4/appstyle/expression/ext/normal/8a/2018new_xin_org.png"" />",0,0
,4797559769402830,Mon Aug 01 07:40:46 +0800 2022,工人新星,https://weibo.com//u/7771579388,网红和明星没好人。,2,0
,4797556615284052,Mon Aug 01 07:28:14 +0800 2022,白芷川贝3000,https://weibo.com//u/5343357164,这个女的想博人眼球，没想到太过了，竟然博进去了，趁这次事件，好好的杀鸡儆猴，让那些目无法纪的人都看看后果,10,0
,4797550197998007,Mon Aug 01 07:02:44 +0800 2022,幸福并快乐着GGH,https://weibo.com//u/2436755223,这个女的胆子太大了，国家二级保护动物你都敢杀来做美食，这次事件要调查的人会很多，直播平台也要负责任，她购买方式是通过快递公司邮寄，快递公司和邮寄方也要承担相应的法律责任。,10,0
