﻿parent_comment_id,comment_id,comment_time,comment_user_name,comment_user_link,comment_content,comment_like_num,child_comment_num
,4797586059297031,Mon Aug 01 09:25:13 +0800 2022,德州同城会,https://weibo.com//u/2024260507,"没有伞的孩子必须努力奔跑！<img alt=""[太开心]"" title=""[太开心]"" src=""https://face.t.sinajs.cn/t4/appstyle/expression/ext/normal/1e/2018new_taikaixin_org.png"" />",0,0
,4797586085775569,Mon Aug 01 09:25:19 +0800 2022,微美食德州,https://weibo.com//u/2707844392,我想 剪一缕月光 嵌入诗行 帧贴成信笺 飞进你的窗[金牌],0,0
,4797586005822710,Mon Aug 01 09:25:01 +0800 2022,朝娱,https://weibo.com//u/3939456271,"我要乔装成一颗小奶糖夜深了提着星星灯快快溜到你的梦里说晚安。<img alt=""[馋嘴]"" title=""[馋嘴]"" src=""https://face.t.sinajs.cn/t4/appstyle/expression/ext/normal/fa/2018new_chanzui_org.png"" />",0,0
,4797585899918561,Mon Aug 01 09:24:36 +0800 2022,百娱汇,https://weibo.com//u/3428100010,"寒来暑往秋收冬藏希望我们来日方长<img alt=""[抱一抱]"" title=""[抱一抱]"" src=""https://face.t.sinajs.cn/t4/appstyle/expression/ext/normal/af/2020_hug_org.png"" />",0,0
,4797585892573531,Mon Aug 01 09:24:33 +0800 2022,榜谈,https://weibo.com//u/3712929233,"喜欢一个人就一定要告诉他，不是为了得到某个答案，而是在他莫名否定自身的日子里，想到还有那样一个人曾经被他吸引过，那种感觉宛如黑暗中透过的一缕阳光，温暖又明亮。<img alt=""[裂开]"" title=""[裂开]"" src=""https://face.t.sinajs.cn/t4/appstyle/expression/ext/normal/1b/202011_liekai_org.png"" />",0,0
,4797585874750068,Mon Aug 01 09:24:30 +0800 2022,观影汇,https://weibo.com//u/7277280462,"春看百花冬看雪，醒亦念卿，梦亦念卿。<img alt=""[小丑]"" title=""[小丑]"" src=""https://face.t.sinajs.cn/t4/appstyle/expression/ext/normal/6f/2021_xiaochou_org.png"" />",0,0
,4797585862167944,Mon Aug 01 09:24:27 +0800 2022,热侃,https://weibo.com//u/5229228597,"山高月明朗朗乾坤。<img alt=""[黑线]"" title=""[黑线]"" src=""https://face.t.sinajs.cn/t4/appstyle/expression/ext/normal/a3/2018new_heixian_org.png"" />",0,0
,4797585850894091,Mon Aug 01 09:24:23 +0800 2022,娱之控,https://weibo.com//u/5095216162,"我要乔装成一颗小奶糖夜深了提着星星灯快快溜到你的梦里说晚安。<img alt=""[衰]"" title=""[衰]"" src=""https://face.t.sinajs.cn/t4/appstyle/expression/ext/normal/a2/2018new_shuai_org.png"" />",0,0
,4797585837785493,Mon Aug 01 09:24:20 +0800 2022,搜娱圈,https://weibo.com//u/2782931251,"我思故我在。<img alt=""[汤姆]"" title=""[汤姆]"" src=""https://face.t.sinajs.cn/t4/appstyle/expression/ext/normal/31/2021_tom_org.png"" />",0,0
,4797585824940080,Mon Aug 01 09:24:17 +0800 2022,搜罗圈,https://weibo.com//u/5261788457,"你是我不期而遇的心动<img alt=""[雪花]"" title=""[雪花]"" src=""https://face.t.sinajs.cn/t4/appstyle/expression/ext/normal/13/yunying2020_snowflakes_org.png"" />",0,0
,4797585796370614,Mon Aug 01 09:24:11 +0800 2022,秘谈,https://weibo.com//u/5942328508,白天里的沉默理性总在夜里翻了船[许愿虎],0,0
,4797585782999514,Mon Aug 01 09:24:08 +0800 2022,疯转网,https://weibo.com//u/5243672728,"我年轻 需要你指点，但不需要你指指点点！<img alt=""[闭嘴]"" title=""[闭嘴]"" src=""https://face.t.sinajs.cn/t4/appstyle/expression/ext/normal/62/2018new_bizui_org.png"" />",0,0
