﻿parent_comment_id,comment_id,comment_time,comment_user_name,comment_user_link,comment_content,comment_like_num,child_comment_num
,4797711599535863,Mon Aug 01 17:44:05 +0800 2022,大悟县检察院,https://weibo.com//u/3944541806,关注热点,0,0
,4797605726653685,Mon Aug 01 10:43:23 +0800 2022,汉阴检察,https://weibo.com//u/5249979200,"<img alt=""[话筒]"" title=""[话筒]"" src=""https://face.t.sinajs.cn/t4/appstyle/expression/ext/normal/48/2018new_huatong_org.png"" /><img alt=""[话筒]"" title=""[话筒]"" src=""https://face.t.sinajs.cn/t4/appstyle/expression/ext/normal/48/2018new_huatong_org.png"" />",0,0
,4797590644983470,Mon Aug 01 09:43:27 +0800 2022,开阳县检察院,https://weibo.com//u/3196346062,<a href=/n/公安县人民检察院>@公安县人民检察院</a>,0,0
,4797698194014865,Mon Aug 01 16:50:48 +0800 2022,菏泽市人民检察院,https://weibo.com//u/5455970373,"关注关注<img alt=""[话筒]"" title=""[话筒]"" src=""https://face.t.sinajs.cn/t4/appstyle/expression/ext/normal/48/2018new_huatong_org.png"" /><img alt=""[话筒]"" title=""[话筒]"" src=""https://face.t.sinajs.cn/t4/appstyle/expression/ext/normal/48/2018new_huatong_org.png"" />",0,0
,4797595191608510,Mon Aug 01 10:01:30 +0800 2022,西青检察官,https://weibo.com//u/5042240803,"<img alt=""[话筒]"" title=""[话筒]"" src=""https://face.t.sinajs.cn/t4/appstyle/expression/ext/normal/48/2018new_huatong_org.png"" /><img alt=""[话筒]"" title=""[话筒]"" src=""https://face.t.sinajs.cn/t4/appstyle/expression/ext/normal/48/2018new_huatong_org.png"" />",0,0
,4797750111374103,Mon Aug 01 20:17:07 +0800 2022,白水检察,https://weibo.com//u/5126842016,关注,0,0
