﻿parent_comment_id,comment_id,comment_time,comment_user_name,comment_user_link,comment_content,comment_like_num,child_comment_num
,4797564907687230,Mon Aug 01 08:01:11 +0800 2022,云南小虫,https://weibo.com//u/2128032731,日子有判头,0,0
,4797555072566980,Mon Aug 01 07:22:06 +0800 2022,长啸天空2010,https://weibo.com//u/1119004211,严惩不贷,0,0
,4797553692377420,Mon Aug 01 07:16:36 +0800 2022,彩云追月大卫L,https://weibo.com//u/6699524908,"卖虎骨酒的不会是造假吧<img alt=""[允悲]"" title=""[允悲]"" src=""https://face.t.sinajs.cn/t4/appstyle/expression/ext/normal/83/2018new_kuxiao_org.png"" />",0,0
,4797547905024650,Mon Aug 01 06:53:37 +0800 2022,极度低温,https://weibo.com//u/2611810041,"里面肯定不让直播了吧<img alt=""[允悲]"" title=""[允悲]"" src=""https://face.t.sinajs.cn/t4/appstyle/expression/ext/normal/83/2018new_kuxiao_org.png"" /><img alt=""[允悲]"" title=""[允悲]"" src=""https://face.t.sinajs.cn/t4/appstyle/expression/ext/normal/83/2018new_kuxiao_org.png"" />真是无知者无畏啊<img alt=""[good]"" title=""[good]"" src=""https://face.t.sinajs.cn/t4/appstyle/expression/ext/normal/8a/2018new_good_org.png"" />",0,0
