﻿parent_comment_id,comment_id,comment_time,comment_user_name,comment_user_link,comment_content,comment_like_num,child_comment_num
,4797611838017710,Mon Aug 01 11:07:40 +0800 2022,肇源县法院,https://weibo.com//u/5087027455,转发微博,0,0
,4797432543582850,Sun Jul 31 23:15:13 +0800 2022,soft-powerfulzzh,https://weibo.com//u/7770726337,所以大白鲨是哪儿来的 提子又是怎么得到的？这是疯了 大白鲨也敢吃,0,0
,4798021726899703,Tue Aug 02 14:16:25 +0800 2022,龙凤区法院,https://weibo.com//u/3718899797,转发微博,0,0
,4797969272408120,Tue Aug 02 10:47:58 +0800 2022,龙凤区法院,https://weibo.com//u/3718899797,转发微博,0,0
,4797695707055781,Mon Aug 01 16:40:55 +0800 2022,龙凤区法院,https://weibo.com//u/3718899797,转发微博,0,0
,4797692620574790,Mon Aug 01 16:28:40 +0800 2022,肇州县法院,https://weibo.com//u/5098858008,转发微博,0,0
,4797686827455538,Mon Aug 01 16:05:39 +0800 2022,大庆高新区法院,https://weibo.com//u/3939836306,转发微博,0,0
,4797582344455402,Mon Aug 01 09:10:27 +0800 2022,让胡路法院,https://weibo.com//u/3832435795,转发微博,0,0
,4797571703505266,Mon Aug 01 08:28:10 +0800 2022,大庆市大同区人民法院,https://weibo.com//u/3677837702,转发微博,0,0
