﻿parent_comment_id,comment_id,comment_time,comment_user_name,comment_user_link,comment_content,comment_like_num,child_comment_num
,4797548001494044,Mon Aug 01 06:54:00 +0800 2022,佳人苑叹,https://weibo.com//u/7644985142,"天呀<img alt=""[傻眼]"" title=""[傻眼]"" src=""https://face.t.sinajs.cn/t4/appstyle/expression/ext/normal/dd/2018new_shayan_org.png"" /><img alt=""[傻眼]"" title=""[傻眼]"" src=""https://face.t.sinajs.cn/t4/appstyle/expression/ext/normal/dd/2018new_shayan_org.png"" /><img alt=""[傻眼]"" title=""[傻眼]"" src=""https://face.t.sinajs.cn/t4/appstyle/expression/ext/normal/dd/2018new_shayan_org.png"" />",10,0
,4797547976327767,Mon Aug 01 06:53:54 +0800 2022,佳人苑叹,https://weibo.com//u/7644985142,"<img alt=""[傻眼]"" title=""[傻眼]"" src=""https://face.t.sinajs.cn/t4/appstyle/expression/ext/normal/dd/2018new_shayan_org.png"" /><img alt=""[傻眼]"" title=""[傻眼]"" src=""https://face.t.sinajs.cn/t4/appstyle/expression/ext/normal/dd/2018new_shayan_org.png"" /><img alt=""[傻眼]"" title=""[傻眼]"" src=""https://face.t.sinajs.cn/t4/appstyle/expression/ext/normal/dd/2018new_shayan_org.png"" />",9,0
,4797547795710489,Mon Aug 01 06:53:11 +0800 2022,时间煮酒我煮白粥,https://weibo.com//u/7659429884,"<img alt=""[哆啦A梦吃惊]"" title=""[哆啦A梦吃惊]"" src=""https://face.t.sinajs.cn/t4/appstyle/expression/ext/normal/f0/dorachijing_org.gif"" /><img alt=""[哆啦A梦吃惊]"" title=""[哆啦A梦吃惊]"" src=""https://face.t.sinajs.cn/t4/appstyle/expression/ext/normal/f0/dorachijing_org.gif"" /><img alt=""[哆啦A梦吃惊]"" title=""[哆啦A梦吃惊]"" src=""https://face.t.sinajs.cn/t4/appstyle/expression/ext/normal/f0/dorachijing_org.gif"" /><img alt=""[哆啦A梦吃惊]"" title=""[哆啦A梦吃惊]"" src=""https://face.t.sinajs.cn/t4/appstyle/expression/ext/normal/f0/dorachijing_org.gif"" />",12,0
,4797547778148005,Mon Aug 01 06:53:07 +0800 2022,时间煮酒我煮白粥,https://weibo.com//u/7659429884,"太无语了<img alt=""[哆啦A梦吃惊]"" title=""[哆啦A梦吃惊]"" src=""https://face.t.sinajs.cn/t4/appstyle/expression/ext/normal/f0/dorachijing_org.gif"" /><img alt=""[哆啦A梦吃惊]"" title=""[哆啦A梦吃惊]"" src=""https://face.t.sinajs.cn/t4/appstyle/expression/ext/normal/f0/dorachijing_org.gif"" /><img alt=""[哆啦A梦吃惊]"" title=""[哆啦A梦吃惊]"" src=""https://face.t.sinajs.cn/t4/appstyle/expression/ext/normal/f0/dorachijing_org.gif"" /><img alt=""[哆啦A梦吃惊]"" title=""[哆啦A梦吃惊]"" src=""https://face.t.sinajs.cn/t4/appstyle/expression/ext/normal/f0/dorachijing_org.gif"" />",12,0
,4797547539858845,Mon Aug 01 06:52:10 +0800 2022,俏笑佳人梦·,https://weibo.com//u/6029571420,无语死了,11,0
,4797547509712213,Mon Aug 01 06:52:03 +0800 2022,俏笑佳人梦·,https://weibo.com//u/6029571420,"<img alt=""[挖鼻]"" title=""[挖鼻]"" src=""https://face.t.sinajs.cn/t4/appstyle/expression/ext/normal/9a/2018new_wabi_thumb.png"" /><img alt=""[挖鼻]"" title=""[挖鼻]"" src=""https://face.t.sinajs.cn/t4/appstyle/expression/ext/normal/9a/2018new_wabi_thumb.png"" /><img alt=""[挖鼻]"" title=""[挖鼻]"" src=""https://face.t.sinajs.cn/t4/appstyle/expression/ext/normal/9a/2018new_wabi_thumb.png"" /><img alt=""[挖鼻]"" title=""[挖鼻]"" src=""https://face.t.sinajs.cn/t4/appstyle/expression/ext/normal/9a/2018new_wabi_thumb.png"" /><img alt=""[挖鼻]"" title=""[挖鼻]"" src=""https://face.t.sinajs.cn/t4/appstyle/expression/ext/normal/9a/2018new_wabi_thumb.png"" />",12,0
