﻿parent_comment_id,comment_id,comment_time,comment_user_name,comment_user_link,comment_content,comment_like_num,child_comment_num
,4797522662654486,Mon Aug 01 05:13:19 +0800 2022,小小小小蔷,https://weibo.com//u/2106985105,<a href=/n/CarsonCai>@CarsonCai</a>,0,0
,4797451925979678,Mon Aug 01 00:32:13 +0800 2022,MambaK8,https://weibo.com//u/6523037512,这人胆子真大 敢吃濒危动物,3,0
,4797450474227792,Mon Aug 01 00:26:28 +0800 2022,开黑联盟官微,https://weibo.com//u/6582952711,"这也是濒危动物啊<img alt=""[允悲]"" title=""[允悲]"" src=""https://face.t.sinajs.cn/t4/appstyle/expression/ext/normal/83/2018new_kuxiao_org.png"" />怎么敢吃的 简直可怕",6,0
,4797450067641038,Mon Aug 01 00:24:50 +0800 2022,是二抽呀,https://weibo.com//u/6859006215,"<img alt=""[允悲]"" title=""[允悲]"" src=""https://face.t.sinajs.cn/t4/appstyle/expression/ext/normal/83/2018new_kuxiao_org.png"" /><img alt=""[允悲]"" title=""[允悲]"" src=""https://face.t.sinajs.cn/t4/appstyle/expression/ext/normal/83/2018new_kuxiao_org.png"" /><img alt=""[允悲]"" title=""[允悲]"" src=""https://face.t.sinajs.cn/t4/appstyle/expression/ext/normal/83/2018new_kuxiao_org.png"" />居然敢吃…",6,0
,4797445453644118,Mon Aug 01 00:06:30 +0800 2022,卫平布莱恩特-,https://weibo.com//u/5868069966,关于大白鲨的科普🎬,6,0
