﻿parent_comment_id,comment_id,comment_time,comment_user_name,comment_user_link,comment_content,comment_like_num,child_comment_num
,4797492753596793,Mon Aug 01 03:14:28 +0800 2022,微美食德州,https://weibo.com//u/2707844392,"我怕大年三十的鞭炮太响……<img alt=""[虎爪比心]"" title=""[虎爪比心]"" src=""https://face.t.sinajs.cn/t4/appstyle/expression/ext/normal/2b/2022_handheart_org.png"" />",0,0
,4797492698547569,Mon Aug 01 03:14:15 +0800 2022,天源时尚,https://weibo.com//u/3158710915,我从没想过单身，只是刚好一个人。[福气虎],0,0
,4797492673119035,Mon Aug 01 03:14:09 +0800 2022,朝娱,https://weibo.com//u/3939456271,"没有伞的孩子必须努力奔跑！<img alt=""[馋嘴]"" title=""[馋嘴]"" src=""https://face.t.sinajs.cn/t4/appstyle/expression/ext/normal/fa/2018new_chanzui_org.png"" />",0,0
,4797492648477105,Mon Aug 01 03:14:03 +0800 2022,视觉小伙伴,https://weibo.com//u/2880312281,"今日限定，本人全糖去冰<img alt=""[拜拜]"" title=""[拜拜]"" src=""https://face.t.sinajs.cn/t4/appstyle/expression/ext/normal/fd/2018new_baibai_org.png"" />",0,0
,4797492568785765,Mon Aug 01 03:13:44 +0800 2022,百娱汇,https://weibo.com//u/3428100010,"自从遇见你像骄阳温柔的彩虹照耀我的世界<img alt=""[泪]"" title=""[泪]"" src=""https://face.t.sinajs.cn/t4/appstyle/expression/ext/normal/6e/2018new_leimu_org.png"" />",0,0
,4797492555940610,Mon Aug 01 03:13:41 +0800 2022,榜谈,https://weibo.com//u/3712929233,要陪在值得的人身边 一年又一年 十年又十年[金牌],0,0
,4797492531823304,Mon Aug 01 03:13:35 +0800 2022,热侃,https://weibo.com//u/5229228597,"不奇怪,曾用心对待过的人本就会成为一辈子在意的存在<img alt=""[爱你]"" title=""[爱你]"" src=""https://face.t.sinajs.cn/t4/appstyle/expression/ext/normal/f6/2018new_aini_org.png"" />",0,0
,4797492518715558,Mon Aug 01 03:13:31 +0800 2022,娱之控,https://weibo.com//u/5095216162,"我要乔装成一颗小奶糖夜深了提着星星灯快快溜到你的梦里说晚安。<img alt=""[爱你]"" title=""[爱你]"" src=""https://face.t.sinajs.cn/t4/appstyle/expression/ext/normal/f6/2018new_aini_org.png"" />",0,0
,4797492489880434,Mon Aug 01 03:13:25 +0800 2022,搜罗圈,https://weibo.com//u/5261788457,"最圆的月亮在中秋，最好的团聚，在家里。<img alt=""[抱一抱]"" title=""[抱一抱]"" src=""https://face.t.sinajs.cn/t4/appstyle/expression/ext/normal/af/2020_hug_org.png"" />",0,0
,4797492463928120,Mon Aug 01 03:13:19 +0800 2022,秘谈,https://weibo.com//u/5942328508,"有点伤心，我也不想的，拜托给我一点时间。<img alt=""[鲜花]"" title=""[鲜花]"" src=""https://face.t.sinajs.cn/t4/appstyle/expression/ext/normal/d4/2018new_xianhua_org.png"" />",0,0
,4797492451345227,Mon Aug 01 03:13:16 +0800 2022,疯转网,https://weibo.com//u/5243672728,"新的一年 我的崽崽们也要快乐！！<img alt=""[拜拜]"" title=""[拜拜]"" src=""https://face.t.sinajs.cn/t4/appstyle/expression/ext/normal/fd/2018new_baibai_org.png"" />",0,0
,4797492727644412,Mon Aug 01 03:14:21 +0800 2022,德州同城会,https://weibo.com//u/2024260507,"近水楼台先得月 谁陪在你身边你就对谁好吧<img alt=""[吐]"" title=""[吐]"" src=""https://face.t.sinajs.cn/t4/appstyle/expression/ext/normal/08/2018new_tu_org.png"" />",0,0
,4797492715323487,Mon Aug 01 03:14:18 +0800 2022,德州天源工作室,https://weibo.com//u/5272596102,人有生死三千疾，唯有相思不可医[福气虎],0,0
