﻿parent_comment_id,comment_id,comment_time,comment_user_name,comment_user_link,comment_content,comment_like_num,child_comment_num
,4797663600446747,Mon Aug 01 14:33:21 +0800 2022,黄油麻薯,https://weibo.com//u/7778200230,"救命 这人是法盲吧<img alt=""[裂开]"" title=""[裂开]"" src=""https://face.t.sinajs.cn/t4/appstyle/expression/ext/normal/1b/202011_liekai_org.png"" />",0,0
,4797458032364508,Mon Aug 01 00:56:30 +0800 2022,想酷到睡觉不盖肚脐眼,https://weibo.com//u/7474689679,"<img alt=""[哆啦A梦吃惊]"" title=""[哆啦A梦吃惊]"" src=""https://face.t.sinajs.cn/t4/appstyle/expression/ext/normal/f0/dorachijing_org.gif"" /><img alt=""[哆啦A梦吃惊]"" title=""[哆啦A梦吃惊]"" src=""https://face.t.sinajs.cn/t4/appstyle/expression/ext/normal/f0/dorachijing_org.gif"" /><img alt=""[哆啦A梦吃惊]"" title=""[哆啦A梦吃惊]"" src=""https://face.t.sinajs.cn/t4/appstyle/expression/ext/normal/f0/dorachijing_org.gif"" />",0,2
4797458032364508.0,4797458176281583,Mon Aug 01 00:57:04 +0800 2022,花海杂货铺,https://weibo.com//u/5950073146,"太可怕了老婆<img alt=""[苦涩]"" title=""[苦涩]"" src=""https://face.t.sinajs.cn/t4/appstyle/expression/ext/normal/7e/2021_bitter_org.png"" /><img alt=""[苦涩]"" title=""[苦涩]"" src=""https://face.t.sinajs.cn/t4/appstyle/expression/ext/normal/7e/2021_bitter_org.png"" /><img alt=""[苦涩]"" title=""[苦涩]"" src=""https://face.t.sinajs.cn/t4/appstyle/expression/ext/normal/7e/2021_bitter_org.png"" />，我看完那个视频了，好像精神污染<img alt=""[苦涩]"" title=""[苦涩]"" src=""https://face.t.sinajs.cn/t4/appstyle/expression/ext/normal/7e/2021_bitter_org.png"" />",0,0
4797458032364508.0,4797458792841340,Mon Aug 01 00:59:30 +0800 2022,想酷到睡觉不盖肚脐眼,https://weibo.com//u/7474689679,"回复<a href=/n/花海杂货铺>@花海杂货铺</a>:摸摸老婆<img alt=""[抱抱]"" title=""[抱抱]"" src=""https://face.t.sinajs.cn/t4/appstyle/expression/ext/normal/42/2018new_baobao_org.png"" /><img alt=""[抱抱]"" title=""[抱抱]"" src=""https://face.t.sinajs.cn/t4/appstyle/expression/ext/normal/42/2018new_baobao_org.png"" />",0,0
