﻿parent_comment_id,comment_id,comment_time,comment_user_name,comment_user_link,comment_content,comment_like_num,child_comment_num
,4797424164149264,Sun Jul 31 22:41:55 +0800 2022,邢立达,https://weibo.com//u/1568061967,毫无反转的结局是好事。可怜的鲨鲨，嘤嘤嘤。,2216,23
,4797425635558953,Sun Jul 31 22:47:45 +0800 2022,Bel1ve,https://weibo.com//u/5555092038,怎么弄到的濒危动物，策划的节目怎么通过的，平台怎么让播的,2314,35
,4797423710372168,Sun Jul 31 22:40:06 +0800 2022,鱿鱼与小小酥,https://weibo.com//u/7579605616,真刑 希望严惩 购买渠道也得查清楚,1737,1
,4797422880161876,Sun Jul 31 22:36:48 +0800 2022,愛老婆的米叔叔,https://weibo.com//u/6331919669,"<img alt=""[二哈]"" title=""[二哈]"" src=""https://face.t.sinajs.cn/t4/appstyle/expression/ext/normal/22/2018new_erha_org.png"" />至少以前没吃过牢饭现在也可以吃了，另外请务必彻查她购买的那个「正规渠道」",1710,7
,4797428961910516,Sun Jul 31 23:00:59 +0800 2022,怡红公子_56069,https://weibo.com//u/6390240377,河南大学生掏鸟判了10年  看看这个能判多少年,1636,35
,4797423191335022,Sun Jul 31 22:38:03 +0800 2022,纤纤的小小小板凳,https://weibo.com//u/5774756627,"哟嚯！这下实锤了吧。当初还狡辩说不是。我看刑…………<img alt=""[怒]"" title=""[怒]"" src=""https://face.t.sinajs.cn/t4/appstyle/expression/ext/normal/f6/2018new_nu_org.png"" /><img alt=""[怒]"" title=""[怒]"" src=""https://face.t.sinajs.cn/t4/appstyle/expression/ext/normal/f6/2018new_nu_org.png"" /><img alt=""[怒]"" title=""[怒]"" src=""https://face.t.sinajs.cn/t4/appstyle/expression/ext/normal/f6/2018new_nu_org.png"" />",925,3
,4797422771114915,Sun Jul 31 22:36:23 +0800 2022,Jane简_简,https://weibo.com//u/3017665801,之前有个打鸟的被判多少年来着？一年？十年？，坐等这个后续………,868,26
,4797425313647817,Sun Jul 31 22:46:29 +0800 2022,美孟庭,https://weibo.com//u/2728350121,"不懂法真可怕，<img alt=""[笑cry]"" title=""[笑cry]"" src=""https://face.t.sinajs.cn/t4/appstyle/expression/ext/normal/4a/2018new_xiaoku_thumb.png"" />现在的网红上过高中吗<img alt=""[允悲]"" title=""[允悲]"" src=""https://face.t.sinajs.cn/t4/appstyle/expression/ext/normal/83/2018new_kuxiao_org.png"" />",620,27
,4797424764190753,Sun Jul 31 22:44:17 +0800 2022,Alice15333,https://weibo.com//u/6606923784,"证据链都是自己提供的<img alt=""[太开心]"" title=""[太开心]"" src=""https://face.t.sinajs.cn/t4/appstyle/expression/ext/normal/1e/2018new_taikaixin_org.png"" />",537,1
,4797424331917891,Sun Jul 31 22:42:35 +0800 2022,大世争流,https://weibo.com//u/3041658423,不止她一个啊 她那些亲戚全都吃了啊,539,10
,4797425082702216,Sun Jul 31 22:45:34 +0800 2022,真的吗我不信202111,https://weibo.com//u/7726471515,刑不刑？多刑？,384,2
,4797446544165087,Mon Aug 01 00:10:50 +0800 2022,tonia的可乐,https://weibo.com//u/2132791965,而且这只大白鲨还是幼年鲨，真的好可怜，视频真的很让人感觉不适，现在的网红再不管管真的无下限了。,390,0
,4797430081525028,Sun Jul 31 23:05:26 +0800 2022,胡胡胡-胡,https://weibo.com//u/2977089321,一个网红光天化日这么大张旗鼓，当着那么多网友的面食用保护动物，这个情节不属于“特别严重”简直说不过去。,370,1
,4797423191333688,Sun Jul 31 22:38:03 +0800 2022,小喵姐Naomi,https://weibo.com//u/5821507076,"流量让人不择手段，当时平台是如何过审的呢？<img alt=""[doge]"" title=""[doge]"" src=""https://face.t.sinajs.cn/t4/appstyle/expression/ext/normal/a1/2018new_doge02_org.png"" /><img alt=""[吃瓜]"" title=""[吃瓜]"" src=""https://face.t.sinajs.cn/t4/appstyle/expression/ext/normal/01/2018new_chigua_org.png"" />",290,10
,4797424219197820,Sun Jul 31 22:42:08 +0800 2022,笨鸟i宝佳欣,https://weibo.com//u/2114192644,三年起步,200,9
,4797446804739010,Mon Aug 01 00:11:53 +0800 2022,低调潜水员,https://weibo.com//u/2596126260,网红的门槛真的太低了，要学历没学历，要水平没水平，要常识没常识,123,3
,4797424314358313,Sun Jul 31 22:42:31 +0800 2022,為戰拾光12223,https://weibo.com//u/6798177057,恭喜，免费玫瑰色手镯一副,156,6
,4797425527033857,Sun Jul 31 22:47:20 +0800 2022,万事胜意Happy,https://weibo.com//u/5635288533,我感觉她一个小女生应该不知道，他背后给他供应的这一帮人都该抓起来,133,35
,4797425430563006,Sun Jul 31 22:46:56 +0800 2022,妈妈说会有傻子念我的名字,https://weibo.com//u/6770990043,上个掏鸟蛋都被判了十年吧,150,4
,4797424579907800,Sun Jul 31 22:43:34 +0800 2022,LUCK小抹香鲸,https://weibo.com//u/7003657571,"给鲨鱼偿命吧<img alt=""[吐]"" title=""[吐]"" src=""https://face.t.sinajs.cn/t4/appstyle/expression/ext/normal/08/2018new_tu_org.png"" />",126,1
,4797425233429859,Sun Jul 31 22:46:09 +0800 2022,花轮de同学in曼谷,https://weibo.com//u/1765368623,"抓起来严惩<img alt=""[奥特曼]"" title=""[奥特曼]"" src=""https://face.t.sinajs.cn/t4/appstyle/expression/ext/normal/c6/2018new_aoteman_org.png"" />",110,0
,4797423513241193,Sun Jul 31 22:39:19 +0800 2022,佐伊佑康,https://weibo.com//u/7401231666,"情节较轻 五年以下 情节严重 五年以上十年以下<img alt=""[doge]"" title=""[doge]"" src=""https://face.t.sinajs.cn/t4/appstyle/expression/ext/normal/a1/2018new_doge02_org.png"" />",100,7
,4797422133839332,Sun Jul 31 22:33:50 +0800 2022,游国平,https://weibo.com//u/1600035173,"网红 网红 网红 又TM网红<img alt=""[吐]"" title=""[吐]"" src=""https://face.t.sinajs.cn/t4/appstyle/expression/ext/normal/08/2018new_tu_org.png"" /><img alt=""[吐]"" title=""[吐]"" src=""https://face.t.sinajs.cn/t4/appstyle/expression/ext/normal/08/2018new_tu_org.png"" /><img alt=""[吐]"" title=""[吐]"" src=""https://face.t.sinajs.cn/t4/appstyle/expression/ext/normal/08/2018new_tu_org.png"" /><img alt=""[吐]"" title=""[吐]"" src=""https://face.t.sinajs.cn/t4/appstyle/expression/ext/normal/08/2018new_tu_org.png"" /><img alt=""[吐]"" title=""[吐]"" src=""https://face.t.sinajs.cn/t4/appstyle/expression/ext/normal/08/2018new_tu_org.png"" />",115,2
,4797435472516727,Sun Jul 31 23:26:51 +0800 2022,爱纯堡智利法国红酒耶律锅,https://weibo.com//u/3481981954,"马上就能吃到（牢饭）了，要不要也来个直播<img alt=""[允悲]"" title=""[允悲]"" src=""https://face.t.sinajs.cn/t4/appstyle/expression/ext/normal/83/2018new_kuxiao_org.png"" />",56,2
,4797422746207537,Sun Jul 31 22:36:16 +0800 2022,茶冻奶绿混珠三分甜去冰,https://weibo.com//u/5644993538,这些人怎么可以这么坏啊！祝牢底坐穿,55,0
,4797431160769427,Sun Jul 31 23:09:42 +0800 2022,汪星人二号,https://weibo.com//u/7241361575,哪里搞来的要查清楚,72,0
,4797424410828154,Sun Jul 31 22:42:54 +0800 2022,福义太克,https://weibo.com//u/6017254671,人工能养殖贩卖，这玩意也不至于成保护动物,63,9
,4797422872300243,Sun Jul 31 22:36:47 +0800 2022,沉睡的彩之死神,https://weibo.com//u/2621766281,只想知道做几年牢,65,2
,4797446573788882,Mon Aug 01 00:10:57 +0800 2022,猫猫甩jiojio,https://weibo.com//u/3987367095,"我刷到过这个视频，由于之前看过热搜，所以我举报了她<img alt=""[doge]"" title=""[doge]"" src=""https://face.t.sinajs.cn/t4/appstyle/expression/ext/normal/a1/2018new_doge02_org.png"" />",46,0
,4797431293680989,Sun Jul 31 23:10:15 +0800 2022,南佑辰,https://weibo.com//u/2928544942,"打鸟都盼那么多年，这不得牢底坐穿？<img alt=""[doge]"" title=""[doge]"" src=""https://face.t.sinajs.cn/t4/appstyle/expression/ext/normal/a1/2018new_doge02_org.png"" />",56,0
,4797428902926984,Sun Jul 31 23:00:45 +0800 2022,一个很二的小公主,https://weibo.com//u/5339413671,上次把我看吐了的那个？？吃鸵鸟鳄鱼啥的那个？？？,37,2
,4797429771148803,Sun Jul 31 23:04:12 +0800 2022,littlemaster09,https://weibo.com//u/1208423882,背后的团队平台都有责任，一定要处罚。,43,0
,4797423489390461,Sun Jul 31 22:39:14 +0800 2022,你且在此地不要走动,https://weibo.com//u/5638539411,"目前国内的养殖鲨鱼只有条纹斑竹鲨，<img alt=""[doge]"" title=""[doge]"" src=""https://face.t.sinajs.cn/t4/appstyle/expression/ext/normal/a1/2018new_doge02_org.png"" /><img alt=""[doge]"" title=""[doge]"" src=""https://face.t.sinajs.cn/t4/appstyle/expression/ext/normal/a1/2018new_doge02_org.png"" />就是丢在你面前肯定想不到是鲨鱼的东西",32,2
,4797447240417994,Mon Aug 01 00:13:36 +0800 2022,清风白大姐,https://weibo.com//u/6707294647,别让流量至上频频挑战公序良俗甚至是法律底线！,22,0
,4797425665708097,Sun Jul 31 22:47:53 +0800 2022,的场林森,https://weibo.com//u/5035809732,"吃的好像丧尸<img alt=""[污]"" title=""[污]"" src=""https://face.t.sinajs.cn/t4/appstyle/expression/ext/normal/10/2018new_wu_org.png"" />",34,0
,4797425880141710,Sun Jul 31 22:48:44 +0800 2022,轻描是淡写,https://weibo.com//u/6134203551,太残忍了吧,30,0
,4797431298131805,Sun Jul 31 23:10:15 +0800 2022,止战之殇sky,https://weibo.com//u/7762024171,为了博眼球无所不用其极，可怜的大白鲨,29,0
,4797435254411618,Sun Jul 31 23:25:59 +0800 2022,云雾缭绕月朦胧,https://weibo.com//u/7583301800,现在的网红一直试探着各项法律和法规的下限，所以中央要整治直播行业还是非常明智的。,17,0
,4797446759125183,Mon Aug 01 00:11:42 +0800 2022,颜沈送西流,https://weibo.com//u/6793432231,这是她自己买的，不过如果濒危，买也是犯法的。这个网红会被封杀掉的,13,6
,4797429981905313,Sun Jul 31 23:05:01 +0800 2022,小小包头姑娘,https://weibo.com//u/1818350831,"这种人能不能多判几年<img alt=""[doge]"" title=""[doge]"" src=""https://face.t.sinajs.cn/t4/appstyle/expression/ext/normal/a1/2018new_doge02_org.png"" />",21,1
,4797428996248743,Sun Jul 31 23:01:07 +0800 2022,睡觉自然醒好不好,https://weibo.com//u/6264318518,"现在没事的时候刷个烂全特么直播带货，出名就转行？<img alt=""[吐]"" title=""[吐]"" src=""https://face.t.sinajs.cn/t4/appstyle/expression/ext/normal/08/2018new_tu_org.png"" />",25,0
,4797434259834443,Sun Jul 31 23:22:02 +0800 2022,赌侠o6o,https://weibo.com//u/6931626056,不是平台纵容的吗？,19,1
,4797422842156080,Sun Jul 31 22:36:40 +0800 2022,舞音牧心,https://weibo.com//u/5210384486,好耶！神州刑，我看刑,26,0
,4797423426212751,Sun Jul 31 22:38:59 +0800 2022,睡在屋顶的小白,https://weibo.com//u/2622978785,我记得上一次拍视频进去的好像是一个博主吃了个什么贝壳,20,7
,4797434519623518,Sun Jul 31 23:23:04 +0800 2022,千与千律,https://weibo.com//u/3265795001,卧槽，真刑！啥都吃，没文化真可怕,13,0
,4797435810943654,Sun Jul 31 23:28:12 +0800 2022,淹死的鱼_ld,https://weibo.com//u/6496358904,现在人都很奇怪，关注的东西也是，这样的人也有人也关注？,13,0
,4797425015070239,Sun Jul 31 22:45:18 +0800 2022,所有美好都像你_,https://weibo.com//u/5951424561,"这太让人生气了也！！<img alt=""[裂开]"" title=""[裂开]"" src=""https://face.t.sinajs.cn/t4/appstyle/expression/ext/normal/1b/202011_liekai_org.png"" /><img alt=""[裂开]"" title=""[裂开]"" src=""https://face.t.sinajs.cn/t4/appstyle/expression/ext/normal/1b/202011_liekai_org.png"" />",27,0
,4797434469291905,Sun Jul 31 23:22:52 +0800 2022,肖春生的媳妇,https://weibo.com//u/7306459463,"为了火真是无所不有其极<img alt=""[怒]"" title=""[怒]"" src=""https://face.t.sinajs.cn/t4/appstyle/expression/ext/normal/f6/2018new_nu_org.png"" /><img alt=""[怒]"" title=""[怒]"" src=""https://face.t.sinajs.cn/t4/appstyle/expression/ext/normal/f6/2018new_nu_org.png"" /><img alt=""[怒]"" title=""[怒]"" src=""https://face.t.sinajs.cn/t4/appstyle/expression/ext/normal/f6/2018new_nu_org.png"" />",7,0
,4797428857312552,Sun Jul 31 23:00:34 +0800 2022,彩虹糖1798,https://weibo.com//u/6030154400,厉害👍🏻 敢吃鲨鱼🦈,10,0
,4797446083314191,Mon Aug 01 00:09:00 +0800 2022,丶木木丶丨,https://weibo.com//u/1944626321,建议每一位短视频、直播主在入场前都签一份社会责任书，承诺红到何时应该承担何种社会责任！,7,0
,4797446791891163,Mon Aug 01 00:11:50 +0800 2022,迷凯米咔库,https://weibo.com//u/6394742255,"<img alt=""[跪了]"" title=""[跪了]"" src=""https://face.t.sinajs.cn/t4/appstyle/expression/ext/normal/75/2018new_gui_org.png"" />能不能整治这些网红啊，有些真的无下限<img alt=""[汗]"" title=""[汗]"" src=""https://face.t.sinajs.cn/t4/appstyle/expression/ext/normal/28/2018new_han_org.png"" />",4,0
,4797444505733857,Mon Aug 01 00:02:45 +0800 2022,雾v恨,https://weibo.com//u/2957078225,上次举报没成功。这下中午进局子了，太好了。,11,0
,4797422008278329,Sun Jul 31 22:33:21 +0800 2022,公知泪尽遗尘里,https://weibo.com//u/7507638740,"这小仙女好刑啊<img alt=""[二哈]"" title=""[二哈]"" src=""https://face.t.sinajs.cn/t4/appstyle/expression/ext/normal/22/2018new_erha_org.png"" />",9,0
,4797425518382996,Sun Jul 31 22:47:18 +0800 2022,_半立方悸动,https://weibo.com//u/6140550514,卖家也得查吧。,15,1
,4797435408547919,Sun Jul 31 23:26:35 +0800 2022,谨慎谨慎再谨慎tyyyy,https://weibo.com//u/5618143846,"看你能不能直播吃牢饭了<img alt=""[笑而不语]"" title=""[笑而不语]"" src=""https://face.t.sinajs.cn/t4/appstyle/expression/ext/normal/2d/2018new_xiaoerbuyu_org.png"" />",5,0
,4797426054994824,Sun Jul 31 22:49:26 +0800 2022,红颜鲸落,https://weibo.com//u/6536572856,这是怎么买到的？一个普通人能买到？,10,4
,4797423652704015,Sun Jul 31 22:39:53 +0800 2022,锦衣玉食锦绣年华,https://weibo.com//u/5729824071,她是怎么买到的？,10,1
,4797425573694871,Sun Jul 31 22:47:31 +0800 2022,逍遥行四海,https://weibo.com//u/2608699565,"这是个谁<img alt=""[疑问]"" title=""[疑问]"" src=""https://face.t.sinajs.cn/t4/appstyle/expression/ext/normal/b8/2018new_ningwen_org.png"" /><img alt=""[疑问]"" title=""[疑问]"" src=""https://face.t.sinajs.cn/t4/appstyle/expression/ext/normal/b8/2018new_ningwen_org.png"" /><img alt=""[疑问]"" title=""[疑问]"" src=""https://face.t.sinajs.cn/t4/appstyle/expression/ext/normal/b8/2018new_ningwen_org.png"" />",2,1
,4797446297491526,Mon Aug 01 00:09:52 +0800 2022,国学策划蠡瑞易福,https://weibo.com//u/7502092111,杀生赚钱，作死！,2,0
,4797437678453090,Sun Jul 31 23:35:36 +0800 2022,鲁迅的秋天,https://weibo.com//u/2508447350,“网红疑用濒危大白鲨做美食”视频中的鲨鱼被当地警方确认是噬人鲨（也称大白鲨），正在被立案调查！,2,0
,4797435848687925,Sun Jul 31 23:28:20 +0800 2022,220Cai,https://weibo.com//u/5037460697,网络都是这样的人,7,0
,4797443621259915,Sun Jul 31 23:59:14 +0800 2022,胖JC2006,https://weibo.com//u/7693623648,国家二级保护动物，判几年？,2,5
,4797425732292539,Sun Jul 31 22:48:09 +0800 2022,迷人的妖精喂,https://weibo.com//u/6575355415,"吗的<img alt=""[怒]"" title=""[怒]"" src=""https://face.t.sinajs.cn/t4/appstyle/expression/ext/normal/f6/2018new_nu_org.png"" />",2,0
,4797446204948940,Mon Aug 01 00:09:29 +0800 2022,火锅你很好,https://weibo.com//u/6208378490,还得瑟,1,0
,4797435480899884,Sun Jul 31 23:26:52 +0800 2022,发际线恨天高,https://weibo.com//u/5938322503,"真开心<img alt=""[doge]"" title=""[doge]"" src=""https://face.t.sinajs.cn/t4/appstyle/expression/ext/normal/a1/2018new_doge02_org.png"" />",2,0
,4797434649380682,Sun Jul 31 23:23:35 +0800 2022,黎初鹿晨,https://weibo.com//u/2696128644,关键是从哪个渠道这个比较关键,7,0
,4797430048493261,Sun Jul 31 23:05:18 +0800 2022,懒De甜媄,https://weibo.com//u/5583824276,进去吧,2,0
,4797429906670513,Sun Jul 31 23:04:43 +0800 2022,是个许三多,https://weibo.com//u/7714614307,"小姑娘！真刑啊！<img alt=""[doge]"" title=""[doge]"" src=""https://face.t.sinajs.cn/t4/appstyle/expression/ext/normal/a1/2018new_doge02_org.png"" />",2,0
,4797429800506765,Sun Jul 31 23:04:19 +0800 2022,小小果冻x,https://weibo.com//u/1789634015,再见,2,0
,4797426046866529,Sun Jul 31 22:49:24 +0800 2022,孟婆手中梨花酿,https://weibo.com//u/1974733650,干得漂亮，网红为了流量毫无下限，该打,2,0
,4797438608540276,Sun Jul 31 23:39:18 +0800 2022,Lady马,https://weibo.com//u/1766829873,<a href=/n/淡蓝蓝蓝9100>@淡蓝蓝蓝9100</a>,0,0
,4797434524077118,Sun Jul 31 23:23:04 +0800 2022,小单036,https://weibo.com//u/7175155561,真刑,1,0
,4797434323011056,Sun Jul 31 23:22:17 +0800 2022,如果阿拉丁没有神灯,https://weibo.com//u/5517010912,终于,0,0
,4797429947310426,Sun Jul 31 23:04:54 +0800 2022,simplyF,https://weibo.com//u/1872050084,"天哪<img alt=""[费解]"" title=""[费解]"" src=""https://face.t.sinajs.cn/t4/appstyle/expression/ext/normal/2a/2018new_wenhao_org.png"" />",0,0
,4797425963766254,Sun Jul 31 22:49:04 +0800 2022,胖胖的小草莓i,https://weibo.com//u/7277375118,哦豁！进去了撒,0,0
,4797423559905926,Sun Jul 31 22:39:30 +0800 2022,山药你该骄傲_,https://weibo.com//u/5416035642,哎 也是人才,0,0
,4797423203126097,Sun Jul 31 22:38:06 +0800 2022,我家那龟女,https://weibo.com//u/6324279217,"真刑啊<img alt=""[doge]"" title=""[doge]"" src=""https://face.t.sinajs.cn/t4/appstyle/expression/ext/normal/a1/2018new_doge02_org.png"" /><img alt=""[doge]"" title=""[doge]"" src=""https://face.t.sinajs.cn/t4/appstyle/expression/ext/normal/a1/2018new_doge02_org.png"" />",0,0
,4797435635040487,Sun Jul 31 23:27:29 +0800 2022,七七是属猫的,https://weibo.com//u/6828641044,天呐，这是什么网红？这样的网红不被封？,1,0
,4797431261433399,Sun Jul 31 23:10:07 +0800 2022,Zjsquall123,https://weibo.com//u/1996627443,网红就是贬义词！,4,0
,4797446671042546,Mon Aug 01 00:11:20 +0800 2022,虎虎zz嗷呜,https://weibo.com//u/5389936098,"<img alt=""[哆啦A梦害怕]"" title=""[哆啦A梦害怕]"" src=""https://face.t.sinajs.cn/t4/appstyle/expression/ext/normal/c7/dorahaipa_org.gif"" /><img alt=""[哆啦A梦害怕]"" title=""[哆啦A梦害怕]"" src=""https://face.t.sinajs.cn/t4/appstyle/expression/ext/normal/c7/dorahaipa_org.gif"" /><img alt=""[哆啦A梦害怕]"" title=""[哆啦A梦害怕]"" src=""https://face.t.sinajs.cn/t4/appstyle/expression/ext/normal/c7/dorahaipa_org.gif"" />",0,0
,4797445680928351,Mon Aug 01 00:07:25 +0800 2022,杰斯毁灭吧,https://weibo.com//u/5625892650,网红都被霍霍成贬义词了,2,0
,4797445160833097,Mon Aug 01 00:05:21 +0800 2022,水果猎人杨晓洋,https://weibo.com//u/1759037823,言出必刑～ ,0,0
,4797445043128538,Mon Aug 01 00:04:52 +0800 2022,Jasmine8814,https://weibo.com//u/1904769333,"这……不吃野生动物很难吗？<img alt=""[生病]"" title=""[生病]"" src=""https://face.t.sinajs.cn/t4/appstyle/expression/ext/normal/3b/2018new_shengbing_org.png"" />",0,0
,4797444069791833,Mon Aug 01 00:01:01 +0800 2022,搞笑先锋李干事,https://weibo.com//u/5752980584,结果还是把自己送进去了！,0,0
,4797442702183677,Sun Jul 31 23:55:35 +0800 2022,生打椰椰ye,https://weibo.com//u/6909612576,<a href=/n/僵尸涵不要再熬夜啦>@僵尸涵不要再熬夜啦</a>,0,0
,4797439079357150,Sun Jul 31 23:41:11 +0800 2022,卡卡荷光,https://weibo.com//u/6899555410,"直接说吧，刑几年。<img alt=""[怒]"" title=""[怒]"" src=""https://face.t.sinajs.cn/t4/appstyle/expression/ext/normal/f6/2018new_nu_org.png"" /><img alt=""[怒]"" title=""[怒]"" src=""https://face.t.sinajs.cn/t4/appstyle/expression/ext/normal/f6/2018new_nu_org.png"" /><img alt=""[怒]"" title=""[怒]"" src=""https://face.t.sinajs.cn/t4/appstyle/expression/ext/normal/f6/2018new_nu_org.png"" />",1,1
,4797434184864977,Sun Jul 31 23:21:44 +0800 2022,异地登录不了,https://weibo.com//u/7072075582,"<img alt=""[哆啦A梦吃惊]"" title=""[哆啦A梦吃惊]"" src=""https://face.t.sinajs.cn/t4/appstyle/expression/ext/normal/f0/dorachijing_org.gif"" />真刑",0,0
,4797434134006993,Sun Jul 31 23:21:32 +0800 2022,紫色可可,https://weibo.com//u/3047848125,咋鉴定的啊,0,0
,4797431412163846,Sun Jul 31 23:10:43 +0800 2022,诗句的最终意义即是指向你,https://weibo.com//u/6098531957,丢人,0,0
,4797431399843093,Sun Jul 31 23:10:39 +0800 2022,七盘酱牛肉,https://weibo.com//u/1774020535,"<img alt=""[裂开]"" title=""[裂开]"" src=""https://face.t.sinajs.cn/t4/appstyle/expression/ext/normal/1b/202011_liekai_org.png"" />哎…底线啊",0,0
,4797429667073341,Sun Jul 31 23:03:47 +0800 2022,凝望的天空991999,https://weibo.com//u/7750582609,"自作孽不可活<img alt=""[允悲]"" title=""[允悲]"" src=""https://face.t.sinajs.cn/t4/appstyle/expression/ext/normal/83/2018new_kuxiao_org.png"" />",0,0
,4797428945396151,Sun Jul 31 23:00:55 +0800 2022,-海神之子-,https://weibo.com//u/5548146325,早该收拾这些吃播了,0,0
,4797425955115123,Sun Jul 31 22:49:02 +0800 2022,次个小浣熊熊熊,https://weibo.com//u/7769907985,不能吧🙉🙉,0,0
,4797425455993597,Sun Jul 31 22:47:03 +0800 2022,陪嗷一起长大,https://weibo.com//u/5675221150,我趣,0,0
,4797423974616391,Sun Jul 31 22:41:10 +0800 2022,李小团ll,https://weibo.com//u/1563500953,太刑了,3,0
,4797422885411392,Sun Jul 31 22:36:50 +0800 2022,烤粪111,https://weibo.com//u/1603117673,刑了,0,0
,4797422142489515,Sun Jul 31 22:33:52 +0800 2022,林林林心上说,https://weibo.com//u/2036224667,恭喜恭喜，包吃住了,0,0
,4797445810952704,Mon Aug 01 00:07:56 +0800 2022,喜欢小仙女的就是我,https://weibo.com//u/1626326455,为博眼球，毫无下限,2,0
,4797444993059692,Mon Aug 01 00:04:41 +0800 2022,糖小夕797,https://weibo.com//u/5563067577,请求严查不道德、反面、不爱护国家、人民、绿水青山，与社会主义核心价值观背道而驰的网红、直播、视频<a href=/n/环球网>@环球网</a> <a href=/n/中国警方在线>@中国警方在线</a> <a href=/n/央视新闻>@央视新闻</a> <a href=/n/新华网>@新华网</a> <a href=/n/解放军报>@解放军报</a> <a href=/n/科普中国>@科普中国</a> <a href=/n/全国人大>@全国人大</a> <a href=/n/人民网>@人民网</a>,2,0
,4797440341837072,Sun Jul 31 23:46:11 +0800 2022,军培来了,https://weibo.com//u/7727026655,"现在作品全部隐藏，之前天天刷到她视频，这一期我还看了，真的是她啥都敢吃，这次把自己弄进去了<img alt=""[doge]"" title=""[doge]"" src=""https://face.t.sinajs.cn/t4/appstyle/expression/ext/normal/a1/2018new_doge02_org.png"" />",3,0
,4797435807797987,Sun Jul 31 23:28:11 +0800 2022,屹立不倒的Mar,https://weibo.com//u/7267875000,"南充人对不起大家<img alt=""[悲伤]"" title=""[悲伤]"" src=""https://face.t.sinajs.cn/t4/appstyle/expression/ext/normal/ee/2018new_beishang_org.png"" />但是我们是坚决反对阔到保护动物身上的",3,0
,4797434607699500,Sun Jul 31 23:23:25 +0800 2022,做个温柔的喷子,https://weibo.com//u/7481296811,我记得鲨鱼肉好像不能吃吧，含大量的氨。,2,0
,4797434574409858,Sun Jul 31 23:23:17 +0800 2022,讨厌讨厌你的人,https://weibo.com//u/6300502720,"一大家人，一锅端<img alt=""[摊手]"" title=""[摊手]"" src=""https://face.t.sinajs.cn/t4/appstyle/expression/ext/normal/62/2018new_tanshou_org.png"" />",2,0
,4797425413785265,Sun Jul 31 22:46:53 +0800 2022,透明的猪猪,https://weibo.com//u/1780013347,真刑，生活有判头,6,0
,4797425401200851,Sun Jul 31 22:46:49 +0800 2022,蝌某,https://weibo.com//u/1956094421,我看刑,4,0
,4797425371317672,Sun Jul 31 22:46:42 +0800 2022,肿麼肥事,https://weibo.com//u/7719821599,上了热搜，绝对刑,5,0
,4797424222082234,Sun Jul 31 22:42:09 +0800 2022,成就就亲妈,https://weibo.com//u/5765570555,这些搞直播的，不知是故意的，还是无知。,3,0
,4797423899119887,Sun Jul 31 22:40:52 +0800 2022,小梨涡喵,https://weibo.com//u/6189084977,好长时间了吧，怎么还没判刑？,2,0
,4797447124292518,Mon Aug 01 00:13:09 +0800 2022,镜中鬓,https://weibo.com//u/1379212731,低俗,1,0
,4797446649021804,Mon Aug 01 00:11:16 +0800 2022,呆呆呆呆牛,https://weibo.com//u/5140899163,不是养殖的吗,2,1
,4797445467542874,Mon Aug 01 00:06:34 +0800 2022,蟋蟀202003,https://weibo.com//u/7411475148,不是很懂。。。怎么红起来的,1,0
,4797443805290521,Sun Jul 31 23:59:58 +0800 2022,共享单车压弯大师,https://weibo.com//u/5299548492,几个粉丝啊 动不动就网红，叫“拍视频的”太过口语化，建议以后此类都叫“视频创作者”,2,0
,4797443541042148,Sun Jul 31 23:58:54 +0800 2022,冬天来了819,https://weibo.com//u/2394474342,无知的可怕,1,0
,4797441771050682,Sun Jul 31 23:51:53 +0800 2022,Palsson,https://weibo.com//u/5502574575,支持整治！,1,0
,4797438629774178,Sun Jul 31 23:39:23 +0800 2022,虽然但琑,https://weibo.com//u/7319848867,这个是不是应该判刑呢？毫无法律意识，毫无敬畏心，无底线博流量，这不应该会带坏下一代吗？,1,0
,4797435535165553,Sun Jul 31 23:27:06 +0800 2022,Drakeray,https://weibo.com//u/3027922461,"判刑不，封杀都便宜这女的了<img alt=""[怒]"" title=""[怒]"" src=""https://face.t.sinajs.cn/t4/appstyle/expression/ext/normal/f6/2018new_nu_org.png"" />",1,0
,4797435379456248,Sun Jul 31 23:26:29 +0800 2022,江承皓,https://weibo.com//u/2350365257,没文化就敢玩网络，随时都可以翻车。,1,0
,4797434235193977,Sun Jul 31 23:21:55 +0800 2022,其实宇宙是菱形的,https://weibo.com//u/2507197780,"<img alt=""[吃瓜]"" title=""[吃瓜]"" src=""https://face.t.sinajs.cn/t4/appstyle/expression/ext/normal/01/2018new_chigua_org.png"" />哎，那个“正规渠道”也查查吧",1,0
,4797434218416271,Sun Jul 31 23:21:51 +0800 2022,Stella_XY,https://weibo.com//u/2694712791,乱七八糟的网红是该好好整治了,1,0
,4797430052170243,Sun Jul 31 23:05:19 +0800 2022,苏小捷,https://weibo.com//u/2073498705,这不是网红是违法分子,1,0
,4797426038474818,Sun Jul 31 22:49:21 +0800 2022,厨房锅盖没有盖儿,https://weibo.com//u/6995542119,"书吧真刑<img alt=""[爱你]"" title=""[爱你]"" src=""https://face.t.sinajs.cn/t4/appstyle/expression/ext/normal/f6/2018new_aini_org.png"" />",1,0
,4797425229234279,Sun Jul 31 22:46:08 +0800 2022,庄子爱裸奔,https://weibo.com//u/5578789778,"我看刑<img alt=""[doge]"" title=""[doge]"" src=""https://face.t.sinajs.cn/t4/appstyle/expression/ext/normal/a1/2018new_doge02_org.png"" />",1,0
,4797425199354827,Sun Jul 31 22:46:02 +0800 2022,淘小宝在线,https://weibo.com//u/6263366835,真刑,1,0
,4797423627012472,Sun Jul 31 22:39:47 +0800 2022,LiN丹H,https://weibo.com//u/1918974143,可真刑,1,0
,4797446872635743,Mon Aug 01 00:12:09 +0800 2022,拽炫酷的焱酱,https://weibo.com//u/3180452980,"上次娃娃鱼也是她吧，好好查查吧，后面的运营也一起查查<img alt=""[作揖]"" title=""[作揖]"" src=""https://face.t.sinajs.cn/t4/appstyle/expression/ext/normal/e7/2018new_zuoyi_org.png"" /><img alt=""[作揖]"" title=""[作揖]"" src=""https://face.t.sinajs.cn/t4/appstyle/expression/ext/normal/e7/2018new_zuoyi_org.png"" /><img alt=""[作揖]"" title=""[作揖]"" src=""https://face.t.sinajs.cn/t4/appstyle/expression/ext/normal/e7/2018new_zuoyi_org.png"" />",0,0
,4797446763584878,Mon Aug 01 00:11:43 +0800 2022,土味妞妞,https://weibo.com//u/2415515934,"我关注她几个月了，开始看的她是和另一个吃播在饭店啃鸵鸟腿😂 😂 ，看她人挺好的，善良，孝敬长辈们，没想到<img alt=""[可怜]"" title=""[可怜]"" src=""https://face.t.sinajs.cn/t4/appstyle/expression/ext/normal/96/2018new_kelian_org.png"" />，她可能也不知情吧！",0,2
,4797446746015659,Mon Aug 01 00:11:39 +0800 2022,包包菜不菜27,https://weibo.com//u/5997892517,"想知道吃几年牢饭<img alt=""[doge]"" title=""[doge]"" src=""https://face.t.sinajs.cn/t4/appstyle/expression/ext/normal/a1/2018new_doge02_org.png"" />",0,0
,4797446615991331,Mon Aug 01 00:11:07 +0800 2022,时迁lala,https://weibo.com//u/6428288231,对这样的新闻已窒息,1,0
,4797445688787630,Mon Aug 01 00:07:26 +0800 2022,肌肉攻们的老婆,https://weibo.com//u/6174878337,"爽了吧<img alt=""[微笑]"" title=""[微笑]"" src=""https://face.t.sinajs.cn/t4/appstyle/expression/ext/normal/e3/2018new_weixioa02_org.png"" />",0,0
,4797445512892216,Mon Aug 01 00:06:45 +0800 2022,吃橘子皮嘛,https://weibo.com//u/2304472351,还正规渠道买的 把购买渠道也严查！！,0,0
,4797445441065582,Mon Aug 01 00:06:28 +0800 2022,君幸食-Manson,https://weibo.com//u/1412197272,算自首吧,0,0
,4797445089268710,Mon Aug 01 00:05:04 +0800 2022,释雨落长安,https://weibo.com//u/5309522075,严惩,0,0
,4797445030026847,Mon Aug 01 00:04:50 +0800 2022,Plaguers,https://weibo.com//u/3636334562,课代表呢 这样的几年,0,0
,4797444988862489,Mon Aug 01 00:04:39 +0800 2022,大连小荐人,https://weibo.com//u/7509933001,毫无底线！,0,0
,4797444901310607,Mon Aug 01 00:04:19 +0800 2022,鬼衬,https://weibo.com//u/6080088943,严惩不贷！加大对犯罪处罚力度！！！,0,0
,4797444809036863,Mon Aug 01 00:03:57 +0800 2022,心係啊兔W,https://weibo.com//u/2758356765,终于进去了,0,0
,4797444530905885,Mon Aug 01 00:02:51 +0800 2022,大王叫我来巡山哟u,https://weibo.com//u/1977835557,"头很铁<img alt=""[赞]"" title=""[赞]"" src=""https://face.t.sinajs.cn/t4/appstyle/expression/ext/normal/e6/2018new_zan_org.png"" />",0,0
,4797443714060453,Sun Jul 31 23:59:36 +0800 2022,隐形的猫bot,https://weibo.com//u/5769630949,捕鱼的那个！更加要无敌重罚！,0,0
,4797443684171883,Sun Jul 31 23:59:28 +0800 2022,就是稀罕宰灿啊,https://weibo.com//u/5247226656,等后续，看判几年,0,0
,4797443424393153,Sun Jul 31 23:58:27 +0800 2022,卡古伊o,https://weibo.com//u/6577415431,"天呐！！怎么啥人都有<img alt=""[费解]"" title=""[费解]"" src=""https://face.t.sinajs.cn/t4/appstyle/expression/ext/normal/2a/2018new_wenhao_org.png"" /><img alt=""[费解]"" title=""[费解]"" src=""https://face.t.sinajs.cn/t4/appstyle/expression/ext/normal/2a/2018new_wenhao_org.png"" />",0,0
,4797442481194184,Sun Jul 31 23:54:41 +0800 2022,北村一只猹,https://weibo.com//u/2910709361,查清供货渠道更重要,0,0
,4797441435765245,Sun Jul 31 23:50:33 +0800 2022,-August渡劫,https://weibo.com//u/6441534872,牢底坐穿,0,0
,4797441394608069,Sun Jul 31 23:50:23 +0800 2022,DSOY18,https://weibo.com//u/7218057809,"活该<img alt=""[打call]"" title=""[打call]"" src=""https://face.t.sinajs.cn/t4/appstyle/expression/ext/normal/39/moren_dacall02_org.png"" /><img alt=""[打call]"" title=""[打call]"" src=""https://face.t.sinajs.cn/t4/appstyle/expression/ext/normal/39/moren_dacall02_org.png"" /><img alt=""[打call]"" title=""[打call]"" src=""https://face.t.sinajs.cn/t4/appstyle/expression/ext/normal/39/moren_dacall02_org.png"" /><img alt=""[打call]"" title=""[打call]"" src=""https://face.t.sinajs.cn/t4/appstyle/expression/ext/normal/39/moren_dacall02_org.png"" /><img alt=""[打call]"" title=""[打call]"" src=""https://face.t.sinajs.cn/t4/appstyle/expression/ext/normal/39/moren_dacall02_org.png"" /><img alt=""[打call]"" title=""[打call]"" src=""https://face.t.sinajs.cn/t4/appstyle/expression/ext/normal/39/moren_dacall02_org.png"" />该！",0,0
,4797440349438932,Sun Jul 31 23:46:13 +0800 2022,呦德尔大王,https://weibo.com//u/2875736344,<a href=/n/紫贝朱鱼>@紫贝朱鱼</a> 离谱,0,0
,4797440253236605,Sun Jul 31 23:45:51 +0800 2022,babitm,https://weibo.com//u/1509155650,"咋啥都吃<img alt=""[哆啦A梦吃惊]"" title=""[哆啦A梦吃惊]"" src=""https://face.t.sinajs.cn/t4/appstyle/expression/ext/normal/f0/dorachijing_org.gif"" />",0,0
,4797438751409523,Sun Jul 31 23:39:52 +0800 2022,小花有烦恼,https://weibo.com//u/3616639877,"蹲个后续<img alt=""[微笑]"" title=""[微笑]"" src=""https://face.t.sinajs.cn/t4/appstyle/expression/ext/normal/e3/2018new_weixioa02_org.png"" />",0,0
,4797435848690648,Sun Jul 31 23:28:21 +0800 2022,你的头像皮球吧,https://weibo.com//u/3707010534,"这是真刑啊<img alt=""[哆啦A梦害怕]"" title=""[哆啦A梦害怕]"" src=""https://face.t.sinajs.cn/t4/appstyle/expression/ext/normal/c7/dorahaipa_org.gif"" />",4,0
,4797435803340699,Sun Jul 31 23:28:10 +0800 2022,琦___-,https://weibo.com//u/2607229820,這女的終於翻車了,0,0
,4797435786559937,Sun Jul 31 23:28:05 +0800 2022,川皇皇普,https://weibo.com//u/6428601219,这个判多久,0,0
,4797435648147851,Sun Jul 31 23:27:32 +0800 2022,霁月的璟,https://weibo.com//u/5171349374,剑冢主播,0,0
,4797435640284694,Sun Jul 31 23:27:30 +0800 2022,JK-你是我的宇宙,https://weibo.com//u/6345148538,<a href=/n/天才大菠萝>@天才大菠萝</a>,0,1
,4797435580520670,Sun Jul 31 23:27:17 +0800 2022,做个宝宝-,https://weibo.com//u/6509322868,<a href=/n/房天乐>@房天乐</a>,1,0
,4797435551421463,Sun Jul 31 23:27:10 +0800 2022,XEROPHYTE·,https://weibo.com//u/6718149865,严惩，这种吃吃吃的是怎么火的？//<a href=/n/鱿鱼与小小酥>@鱿鱼与小小酥</a>:真刑 希望严惩 购买渠道也得查清楚,0,0
,4797435534645421,Sun Jul 31 23:27:06 +0800 2022,拉擦张,https://weibo.com//u/1829948220,没文化 真可怕....,0,1
,4797435514455300,Sun Jul 31 23:27:01 +0800 2022,就是坚持s_yx,https://weibo.com//u/7574368377,"赶紧判吧<img alt=""[笑cry]"" title=""[笑cry]"" src=""https://face.t.sinajs.cn/t4/appstyle/expression/ext/normal/4a/2018new_xiaoku_thumb.png"" />",0,0
,4797435504758215,Sun Jul 31 23:26:59 +0800 2022,喔柚柚柚,https://weibo.com//u/1687240127,抓起来了吗？,0,0
,4797435317321891,Sun Jul 31 23:26:13 +0800 2022,一位光之子的日常,https://weibo.com//u/5586137714,这不进牢房很难收场，都濒危动物了,1,0
,4797435274860454,Sun Jul 31 23:26:04 +0800 2022,临沂发型设计小新,https://weibo.com//u/2564044731,一首凉凉送给你，入夜健微凉，繁华落地成霜,0,0
,4797434663011421,Sun Jul 31 23:23:38 +0800 2022,你的脑子九成新,https://weibo.com//u/6110285698,这三年起步了,0,0
,4797434603506473,Sun Jul 31 23:23:24 +0800 2022,MarkJayB,https://weibo.com//u/7713162518,之前她不是还否认嘛,0,0
,4797434481873518,Sun Jul 31 23:22:55 +0800 2022,向蒋丞选手努力,https://weibo.com//u/6707308109,？🙊,0,0
,4797434347653336,Sun Jul 31 23:22:23 +0800 2022,一颗冬青树_,https://weibo.com//u/6582641162,渠道也查一查,0,0
,4797434288411342,Sun Jul 31 23:22:09 +0800 2022,钉子户琪琪,https://weibo.com//u/2381123831,这种人怎么能做网红的，好做作，我一秒都看不下去,1,0
,4797434255383384,Sun Jul 31 23:22:01 +0800 2022,南火适,https://weibo.com//u/7576786511,这也有人看不管是不是濒临动物，这么大条鲨鱼这样撒起香料在网上播，会不会影响不好？,0,1
,4797431441524077,Sun Jul 31 23:10:49 +0800 2022,小马没出息昂,https://weibo.com//u/6430138375,必须严惩！！！,0,0
,4797431223419507,Sun Jul 31 23:09:57 +0800 2022,思念成瘾等你,https://weibo.com//u/2004690541,"这得是什么渠道，能买到大白鲨啊？<img alt=""[顶]"" title=""[顶]"" src=""https://face.t.sinajs.cn/t4/appstyle/expression/ext/normal/ae/2018new_ding_org.png"" />",0,1
,4797431209791110,Sun Jul 31 23:09:55 +0800 2022,摇頭大师啊,https://weibo.com//u/5187931888,这下真刑了,0,0
,4797431206118329,Sun Jul 31 23:09:53 +0800 2022,正经基,https://weibo.com//u/5646315591,可怜的鲨鱼 一定要严惩,0,0
,4797430081524743,Sun Jul 31 23:05:26 +0800 2022,我信仰自由,https://weibo.com//u/2091561613,"想要博眼球，这次玩脱了吧 庆祝<img alt=""[给力]"" title=""[给力]"" src=""https://face.t.sinajs.cn/t4/appstyle/expression/ext/normal/36/2018new_geili_org.png"" /><img alt=""[给力]"" title=""[给力]"" src=""https://face.t.sinajs.cn/t4/appstyle/expression/ext/normal/36/2018new_geili_org.png"" />",0,0
,4797430043778620,Sun Jul 31 23:05:17 +0800 2022,穷节十七v,https://weibo.com//u/5453439664,这下她肯定是有判头了,0,0
,4797429997641984,Sun Jul 31 23:05:06 +0800 2022,毛线线的主人,https://weibo.com//u/5182087173,一直不喜欢,0,0
,4797429960936082,Sun Jul 31 23:04:57 +0800 2022,o阿诈狸o,https://weibo.com//u/2460900262,"严惩严惩！杀鸡儆猴！这种无下限的恶俗直播必须严打！！<img alt=""[吐]"" title=""[吐]"" src=""https://face.t.sinajs.cn/t4/appstyle/expression/ext/normal/08/2018new_tu_org.png"" /><img alt=""[吐]"" title=""[吐]"" src=""https://face.t.sinajs.cn/t4/appstyle/expression/ext/normal/08/2018new_tu_org.png"" /><img alt=""[吐]"" title=""[吐]"" src=""https://face.t.sinajs.cn/t4/appstyle/expression/ext/normal/08/2018new_tu_org.png"" />",0,0
,4797429940225274,Sun Jul 31 23:04:51 +0800 2022,易9753,https://weibo.com//u/5702873667,拘留,0,0
,4797429860537440,Sun Jul 31 23:04:33 +0800 2022,竞与静,https://weibo.com//u/1899624375,网红什么都敢干,0,0
,4797429859749943,Sun Jul 31 23:04:33 +0800 2022,RainbowBird在菜棚里乱飞,https://weibo.com//u/6297349733,<a href=/n/王铁橘在菜棚里抓彩虹鸟>@王铁橘在菜棚里抓彩虹鸟</a>,0,0
,4797429843758415,Sun Jul 31 23:04:29 +0800 2022,是渣蓝呀,https://weibo.com//u/2039357767,终于办她了,0,0
,4797429822261811,Sun Jul 31 23:04:24 +0800 2022,jacqueline小怪兽,https://weibo.com//u/3946767191,不作就不会死！,0,0
,4797429688570788,Sun Jul 31 23:03:52 +0800 2022,April53326,https://weibo.com//u/6020613365,她吃的东西太吓人了,0,0
,4797429641385977,Sun Jul 31 23:03:41 +0800 2022,8456948632dvhhcxnkjf,https://weibo.com//u/3988931564,太可怕了！！！！！,0,0
,4797429046581521,Sun Jul 31 23:01:19 +0800 2022,焦糖布丁没有糖,https://weibo.com//u/3861201477,让你吃不该吃的东西,0,0
,4797429012500992,Sun Jul 31 23:01:11 +0800 2022,双口吕大文,https://weibo.com//u/5349639377,芭比Q了,0,0
,4797428995196972,Sun Jul 31 23:01:06 +0800 2022,低调的钟太太,https://weibo.com//u/5651927537,她做菜的视频经常能刷到，别的不说，浪费是特别能浪费。封禁了挺好的,1,0
,4797428886147103,Sun Jul 31 23:00:41 +0800 2022,峰色无边,https://weibo.com//u/7412653611,"我服了<img alt=""[衰]"" title=""[衰]"" src=""https://face.t.sinajs.cn/t4/appstyle/expression/ext/normal/a2/2018new_shuai_org.png"" />网红能不能搞点门槛，老是有这种新闻出现。不是第一次了…",3,0
,4797425950399781,Sun Jul 31 22:49:01 +0800 2022,冰封之月已冻结,https://weibo.com//u/3187933142,冷知识，鲨鱼是用皮肤排尿的，逆戟鲸都嫌弃肉臭…,1,0
,4797425937549364,Sun Jul 31 22:48:58 +0800 2022,不行报警吧----,https://weibo.com//u/6598036297,进去吧,1,0
,4797425838197946,Sun Jul 31 22:48:34 +0800 2022,神不知春眠不觉晓,https://weibo.com//u/6239982661,"这个是那个黑蒜姐吗？<img alt=""[允悲]"" title=""[允悲]"" src=""https://face.t.sinajs.cn/t4/appstyle/expression/ext/normal/83/2018new_kuxiao_org.png"" />有点像额，不是的话我撤回",0,1
,4797425795212415,Sun Jul 31 22:48:24 +0800 2022,howmany何,https://weibo.com//u/2315916675,<a href=/n/SSSSuunnny>@SSSSuunnny</a>,0,0
,4797425728885744,Sun Jul 31 22:48:08 +0800 2022,甜十一一,https://weibo.com//u/5690153607,<a href=/n/九十一度热爱>@九十一度热爱</a>,0,0
,4797425460185989,Sun Jul 31 22:47:04 +0800 2022,风雨林中林,https://weibo.com//u/1742174347,"<img alt=""[doge]"" title=""[doge]"" src=""https://face.t.sinajs.cn/t4/appstyle/expression/ext/normal/a1/2018new_doge02_org.png"" />我看刑",0,0
,4797425438952068,Sun Jul 31 22:46:58 +0800 2022,听写没过,https://weibo.com//u/7736570410,"我去<img alt=""[怒]"" title=""[怒]"" src=""https://face.t.sinajs.cn/t4/appstyle/expression/ext/normal/f6/2018new_nu_org.png"" /><img alt=""[怒]"" title=""[怒]"" src=""https://face.t.sinajs.cn/t4/appstyle/expression/ext/normal/f6/2018new_nu_org.png"" />",0,0
,4797425388882919,Sun Jul 31 22:46:47 +0800 2022,没有房子的斑马,https://weibo.com//u/5223437331,<a href=/n/-喜欢悠哉独自在->@-喜欢悠哉独自在-</a> 这个人真是丢我们南充的脸,1,1
,4797425309717342,Sun Jul 31 22:46:28 +0800 2022,暖暖敲可爱的,https://weibo.com//u/6759065673,给她关起来谢谢,2,0
,4797425300284843,Sun Jul 31 22:46:26 +0800 2022,甜糯Getsoily,https://weibo.com//u/7534397229,在哪个平台,0,1
,4797424919384112,Sun Jul 31 22:44:55 +0800 2022,杨小影2,https://weibo.com//u/2607650023,"太残忍了，怎么忍心<img alt=""[怒]"" title=""[怒]"" src=""https://face.t.sinajs.cn/t4/appstyle/expression/ext/normal/f6/2018new_nu_org.png"" /><img alt=""[可怜]"" title=""[可怜]"" src=""https://face.t.sinajs.cn/t4/appstyle/expression/ext/normal/96/2018new_kelian_org.png"" />",1,0
,4797424563130061,Sun Jul 31 22:43:30 +0800 2022,夏季下的彩虹,https://weibo.com//u/3256730570,"还说不是<img alt=""[允悲]"" title=""[允悲]"" src=""https://face.t.sinajs.cn/t4/appstyle/expression/ext/normal/83/2018new_kuxiao_org.png"" />",1,0
,4797424479242787,Sun Jul 31 22:43:10 +0800 2022,你跺你也麻1122,https://weibo.com//u/7317017544,"太可恶了<img alt=""[傻眼]"" title=""[傻眼]"" src=""https://face.t.sinajs.cn/t4/appstyle/expression/ext/normal/dd/2018new_shayan_org.png"" />",0,0
,4797424239118508,Sun Jul 31 22:42:13 +0800 2022,大牛牛牛榴,https://weibo.com//u/5189973056,真刑啊,1,0
,4797424030455706,Sun Jul 31 22:41:23 +0800 2022,三盏旧绪,https://weibo.com//u/5627686798,"这个奇奇怪怪的网红终于被治了<img alt=""[doge]"" title=""[doge]"" src=""https://face.t.sinajs.cn/t4/appstyle/expression/ext/normal/a1/2018new_doge02_org.png"" />",0,0
,4797423849571079,Sun Jul 31 22:40:39 +0800 2022,希之Xz,https://weibo.com//u/3131845297,哦豁,0,0
,4797423496462706,Sun Jul 31 22:39:15 +0800 2022,一颗聪明蛋的心情,https://weibo.com//u/5048440586,"好眼熟，是上次那个嘛<img alt=""[doge]"" title=""[doge]"" src=""https://face.t.sinajs.cn/t4/appstyle/expression/ext/normal/a1/2018new_doge02_org.png"" />",0,0
,4797423203126367,Sun Jul 31 22:38:06 +0800 2022,一揽秋月入怀,https://weibo.com//u/7747046769,可刑！,0,0
,4797422964836040,Sun Jul 31 22:37:08 +0800 2022,Angel520918,https://weibo.com//u/2425178410,10年起步走起,0,0
,4797422956447578,Sun Jul 31 22:37:07 +0800 2022,折迭沉默,https://weibo.com//u/6081978194,。我是觉得她就是被人坑了，想买个普通鲨鱼博眼球赚点流量，结果人家弄来个二保把自己玩进去了,1,1
,4797422738080217,Sun Jul 31 22:36:14 +0800 2022,不白不富不美ah,https://weibo.com//u/7673235609,"现在的网红为了流量啥都敢啊<img alt=""[doge]"" title=""[doge]"" src=""https://face.t.sinajs.cn/t4/appstyle/expression/ext/normal/a1/2018new_doge02_org.png"" />",0,0
,4797422179453044,Sun Jul 31 22:34:01 +0800 2022,mx_晴枫丶,https://weibo.com//u/3117342947,"爽！！！！<img alt=""[偷笑]"" title=""[偷笑]"" src=""https://face.t.sinajs.cn/t4/appstyle/expression/ext/normal/71/2018new_touxiao_org.png"" /><img alt=""[偷笑]"" title=""[偷笑]"" src=""https://face.t.sinajs.cn/t4/appstyle/expression/ext/normal/71/2018new_touxiao_org.png"" /><img alt=""[偷笑]"" title=""[偷笑]"" src=""https://face.t.sinajs.cn/t4/appstyle/expression/ext/normal/71/2018new_touxiao_org.png"" /><img alt=""[偷笑]"" title=""[偷笑]"" src=""https://face.t.sinajs.cn/t4/appstyle/expression/ext/normal/71/2018new_touxiao_org.png"" /><img alt=""[偷笑]"" title=""[偷笑]"" src=""https://face.t.sinajs.cn/t4/appstyle/expression/ext/normal/71/2018new_touxiao_org.png"" />",0,0
,4797422545669439,Sun Jul 31 22:35:29 +0800 2022,星之卡比种子选手,https://weibo.com//u/3198206041,打捞鲨鱼和卖鲨鱼的男的才更有问题吧 隐身了？,1,0
,4797444845475756,Mon Aug 01 00:04:06 +0800 2022,大春花,https://weibo.com//u/1845587871,"太可怕了<img alt=""[允悲]"" title=""[允悲]"" src=""https://face.t.sinajs.cn/t4/appstyle/expression/ext/normal/83/2018new_kuxiao_org.png"" />",0,0
,4797434234144160,Sun Jul 31 23:21:55 +0800 2022,菜鸟原画鲺,https://weibo.com//u/6297916510,"这人之前就被爆粗食用濒危野生娃娃鱼，还没进入？这次还吃了大白鲨？<img alt=""[吃瓜]"" title=""[吃瓜]"" src=""https://face.t.sinajs.cn/t4/appstyle/expression/ext/normal/01/2018new_chigua_org.png"" /><img alt=""[吃瓜]"" title=""[吃瓜]"" src=""https://face.t.sinajs.cn/t4/appstyle/expression/ext/normal/01/2018new_chigua_org.png"" />",1,0
,4797423728463829,Sun Jul 31 22:40:10 +0800 2022,一直在努力的阿珠啊,https://weibo.com//u/6585639400,这个没判个无期都对不起那个掏鸟蛋的大学生,5,0
,4797447295993773,Mon Aug 01 00:13:50 +0800 2022,Ayi小意,https://weibo.com//u/7582497116,但是有没有可能她也不知道那个是大白鲨呢🙊那些违法捕杀野生濒危动物的来源渠道要好好查一下吧,4,2
,4797447162043133,Mon Aug 01 00:13:18 +0800 2022,ritouba,https://weibo.com//u/3639878123,"大白鲨，还美食<img alt=""[挖鼻]"" title=""[挖鼻]"" src=""https://face.t.sinajs.cn/t4/appstyle/expression/ext/normal/9a/2018new_wabi_thumb.png"" />",0,0
,4797446260003451,Mon Aug 01 00:09:43 +0800 2022,HJD1688,https://weibo.com//u/7761350319,"<img alt=""[666]"" title=""[666]"" src=""https://face.t.sinajs.cn/t4/appstyle/expression/ext/normal/6c/2022_666_org.png"" /><img alt=""[666]"" title=""[666]"" src=""https://face.t.sinajs.cn/t4/appstyle/expression/ext/normal/6c/2022_666_org.png"" /><img alt=""[666]"" title=""[666]"" src=""https://face.t.sinajs.cn/t4/appstyle/expression/ext/normal/6c/2022_666_org.png"" />刑",0,0
,4797446054482954,Mon Aug 01 00:08:54 +0800 2022,一树桃花圧海棠,https://weibo.com//u/5635428777,确实有一些养殖的保护动物，所以不是她撒谎就是商家撒谎了,0,0
,4797445697181605,Mon Aug 01 00:07:29 +0800 2022,别说话脑壳疼,https://weibo.com//u/2424560661,"各种网红管一管吧 <img alt=""[黑线]"" title=""[黑线]"" src=""https://face.t.sinajs.cn/t4/appstyle/expression/ext/normal/a3/2018new_heixian_org.png"" /><img alt=""[黑线]"" title=""[黑线]"" src=""https://face.t.sinajs.cn/t4/appstyle/expression/ext/normal/a3/2018new_heixian_org.png"" /><img alt=""[黑线]"" title=""[黑线]"" src=""https://face.t.sinajs.cn/t4/appstyle/expression/ext/normal/a3/2018new_heixian_org.png"" /> 各种无下限",0,0
,4797438689548880,Sun Jul 31 23:39:38 +0800 2022,话痨派大蚌,https://weibo.com//u/5104433591,"<img alt=""[泪]"" title=""[泪]"" src=""https://face.t.sinajs.cn/t4/appstyle/expression/ext/normal/6e/2018new_leimu_org.png"" /><a href=/n/ttkxhhxxylym>@ttkxhhxxylym</a>",0,0
,4797435513930078,Sun Jul 31 23:27:00 +0800 2022,资深地表生态维护师呵呵,https://weibo.com//u/5951348818,"为了火，坐牢也不顾了<img alt=""[笑cry]"" title=""[笑cry]"" src=""https://face.t.sinajs.cn/t4/appstyle/expression/ext/normal/4a/2018new_xiaoku_thumb.png"" /><img alt=""[笑cry]"" title=""[笑cry]"" src=""https://face.t.sinajs.cn/t4/appstyle/expression/ext/normal/4a/2018new_xiaoku_thumb.png"" />",0,0
,4797434414762108,Sun Jul 31 23:22:39 +0800 2022,评论事实员,https://weibo.com//u/7526295719,"如果这样也不判刑，那么更多的保护动物会被吃掉。<img alt=""[泪]"" title=""[泪]"" src=""https://face.t.sinajs.cn/t4/appstyle/expression/ext/normal/6e/2018new_leimu_org.png"" />",0,0
,4797430035386210,Sun Jul 31 23:05:15 +0800 2022,雷配提,https://weibo.com//u/1864112980,南充警方还是第一时间积极侦查的，点个赞,0,0
,4797430015723822,Sun Jul 31 23:05:10 +0800 2022,咱就是说有点离谱了啊,https://weibo.com//u/7470433173,这可真刑,0,0
,4797429839301481,Sun Jul 31 23:04:28 +0800 2022,光希3756493,https://weibo.com//u/6665386550,赶紧去坐牢,0,0
,4797428912099323,Sun Jul 31 23:00:47 +0800 2022,萝莉音5635194260,https://weibo.com//u/5635194260,网红直播是不是要管管了,0,0
,4797428902920383,Sun Jul 31 23:00:44 +0800 2022,月亮是冤种,https://weibo.com//u/7719238935,"吃相好反胃<img alt=""[挖鼻]"" title=""[挖鼻]"" src=""https://face.t.sinajs.cn/t4/appstyle/expression/ext/normal/9a/2018new_wabi_thumb.png"" />",0,0
,4797425481158199,Sun Jul 31 22:47:09 +0800 2022,教堂中一片残存的暮光,https://weibo.com//u/7725343954,怎么能买到的,0,0
,4797425396746701,Sun Jul 31 22:46:49 +0800 2022,脸脸cibyd,https://weibo.com//u/6504122615,见死了,0,0
,4797425270653060,Sun Jul 31 22:46:18 +0800 2022,kazu酱是nino桑,https://weibo.com//u/5911230147,哦豁,0,0
,4797424025210240,Sun Jul 31 22:41:22 +0800 2022,Jam江江,https://weibo.com//u/2214939211,严惩,0,0
,4797423047937270,Sun Jul 31 22:37:29 +0800 2022,是小妍儿1,https://weibo.com//u/7524052791,进局子喽,0,0
,4797422826161930,Sun Jul 31 22:36:36 +0800 2022,我要闹了202206,https://weibo.com//u/7764102380,"啥你也敢吃<img alt=""[doge]"" title=""[doge]"" src=""https://face.t.sinajs.cn/t4/appstyle/expression/ext/normal/a1/2018new_doge02_org.png"" />",0,0
,4797422422986724,Sun Jul 31 22:34:59 +0800 2022,521我爱兮,https://weibo.com//u/5707006428,牛皮直播，吧自己播进去了监狱,0,0
