﻿parent_comment_id,comment_id,comment_time,comment_user_name,comment_user_link,comment_content,comment_like_num,child_comment_num
,4798312265552179,Wed Aug 03 09:30:55 +0800 2022,123猜不着,https://weibo.com//u/6001819482,"<img alt=""[话筒]"" title=""[话筒]"" src=""https://face.t.sinajs.cn/t4/appstyle/expression/ext/normal/48/2018new_huatong_org.png"" /><img alt=""[话筒]"" title=""[话筒]"" src=""https://face.t.sinajs.cn/t4/appstyle/expression/ext/normal/48/2018new_huatong_org.png"" /><img alt=""[话筒]"" title=""[话筒]"" src=""https://face.t.sinajs.cn/t4/appstyle/expression/ext/normal/48/2018new_huatong_org.png"" />",0,0
,4797792994197921,Mon Aug 01 23:07:30 +0800 2022,小刘莓烦恼a,https://weibo.com//u/5911079574,"关注<img alt=""[浪]"" title=""[浪]"" src=""https://face.t.sinajs.cn/t4/appstyle/expression/ext/normal/46/2018new_xinlang_org.png"" />",0,0
,4797792968514864,Mon Aug 01 23:07:25 +0800 2022,小刘莓烦恼a,https://weibo.com//u/5911079574,"<img alt=""[话筒]"" title=""[话筒]"" src=""https://face.t.sinajs.cn/t4/appstyle/expression/ext/normal/48/2018new_huatong_org.png"" /><img alt=""[浪]"" title=""[浪]"" src=""https://face.t.sinajs.cn/t4/appstyle/expression/ext/normal/46/2018new_xinlang_org.png"" />",0,0
,4797792935481616,Mon Aug 01 23:07:17 +0800 2022,小刘莓烦恼a,https://weibo.com//u/5911079574,"<img alt=""[话筒]"" title=""[话筒]"" src=""https://face.t.sinajs.cn/t4/appstyle/expression/ext/normal/48/2018new_huatong_org.png"" />",0,0
,4797792922637164,Mon Aug 01 23:07:14 +0800 2022,小刘莓烦恼a,https://weibo.com//u/5911079574,"<img alt=""[浪]"" title=""[浪]"" src=""https://face.t.sinajs.cn/t4/appstyle/expression/ext/normal/46/2018new_xinlang_org.png"" />",0,0
,4797792905593237,Mon Aug 01 23:07:09 +0800 2022,小刘莓烦恼a,https://weibo.com//u/5911079574,"<img alt=""[浪]"" title=""[浪]"" src=""https://face.t.sinajs.cn/t4/appstyle/expression/ext/normal/46/2018new_xinlang_org.png"" /><img alt=""[浪]"" title=""[浪]"" src=""https://face.t.sinajs.cn/t4/appstyle/expression/ext/normal/46/2018new_xinlang_org.png"" />",0,0
,4797792888817657,Mon Aug 01 23:07:06 +0800 2022,小刘莓烦恼a,https://weibo.com//u/5911079574,"<img alt=""[话筒]"" title=""[话筒]"" src=""https://face.t.sinajs.cn/t4/appstyle/expression/ext/normal/48/2018new_huatong_org.png"" /><img alt=""[话筒]"" title=""[话筒]"" src=""https://face.t.sinajs.cn/t4/appstyle/expression/ext/normal/48/2018new_huatong_org.png"" />",0,0
,4797776510849816,Mon Aug 01 22:02:01 +0800 2022,mystrangers,https://weibo.com//u/7492324208,"<img alt=""[话筒]"" title=""[话筒]"" src=""https://face.t.sinajs.cn/t4/appstyle/expression/ext/normal/48/2018new_huatong_org.png"" /><img alt=""[话筒]"" title=""[话筒]"" src=""https://face.t.sinajs.cn/t4/appstyle/expression/ext/normal/48/2018new_huatong_org.png"" />",0,0
,4797754230702812,Mon Aug 01 20:33:28 +0800 2022,变成了小钻风的孙悟空,https://weibo.com//u/6163607892,"<img alt=""[话筒]"" title=""[话筒]"" src=""https://face.t.sinajs.cn/t4/appstyle/expression/ext/normal/48/2018new_huatong_org.png"" />",0,0
,4797723222739785,Mon Aug 01 18:30:16 +0800 2022,谢金黎,https://weibo.com//u/2025219431,"<img alt=""[话筒]"" title=""[话筒]"" src=""https://face.t.sinajs.cn/t4/appstyle/expression/ext/normal/48/2018new_huatong_org.png"" /><img alt=""[话筒]"" title=""[话筒]"" src=""https://face.t.sinajs.cn/t4/appstyle/expression/ext/normal/48/2018new_huatong_org.png"" /><img alt=""[话筒]"" title=""[话筒]"" src=""https://face.t.sinajs.cn/t4/appstyle/expression/ext/normal/48/2018new_huatong_org.png"" />",0,0
,4797713700625761,Mon Aug 01 17:52:26 +0800 2022,追梦的sophia,https://weibo.com//u/2150601072,关注关注,0,0
,4797709346674357,Mon Aug 01 17:35:08 +0800 2022,我是小小c_,https://weibo.com//u/7739954042,"<img alt=""[话筒]"" title=""[话筒]"" src=""https://face.t.sinajs.cn/t4/appstyle/expression/ext/normal/48/2018new_huatong_org.png"" />",0,0
,4797700963566652,Mon Aug 01 17:01:49 +0800 2022,菏泽巨野县法院,https://weibo.com//u/2359162503,"<img alt=""[话筒]"" title=""[话筒]"" src=""https://face.t.sinajs.cn/t4/appstyle/expression/ext/normal/48/2018new_huatong_org.png"" /><img alt=""[话筒]"" title=""[话筒]"" src=""https://face.t.sinajs.cn/t4/appstyle/expression/ext/normal/48/2018new_huatong_org.png"" /><img alt=""[话筒]"" title=""[话筒]"" src=""https://face.t.sinajs.cn/t4/appstyle/expression/ext/normal/48/2018new_huatong_org.png"" />",0,0
,4797699734374993,Mon Aug 01 16:56:56 +0800 2022,马猴烧酒Sora,https://weibo.com//u/5864331962,"传递正能量新闻<img alt=""[蜡烛]"" title=""[蜡烛]"" src=""https://face.t.sinajs.cn/t4/appstyle/expression/ext/normal/16/2018new_lazhu_org.png"" /><img alt=""[微风]"" title=""[微风]"" src=""https://face.t.sinajs.cn/t4/appstyle/expression/ext/normal/c7/2018new_weifeng_thumb.png"" /><img alt=""[浪]"" title=""[浪]"" src=""https://face.t.sinajs.cn/t4/appstyle/expression/ext/normal/46/2018new_xinlang_org.png"" /> 关注时事与热点<img alt=""[赞啊]"" title=""[赞啊]"" src=""https://face.t.sinajs.cn/t4/appstyle/expression/ext/normal/00/lxhzan_thumb.gif"" /><img alt=""[音乐]"" title=""[音乐]"" src=""https://face.t.sinajs.cn/t4/appstyle/expression/ext/normal/1f/2018new_yinyue_org.png"" /><img alt=""[给力]"" title=""[给力]"" src=""https://face.t.sinajs.cn/t4/appstyle/expression/ext/normal/36/2018new_geili_org.png"" />",0,0
,4797666108899905,Mon Aug 01 14:43:18 +0800 2022,随县检察,https://weibo.com//u/5154690841,"<img alt=""[话筒]"" title=""[话筒]"" src=""https://face.t.sinajs.cn/t4/appstyle/expression/ext/normal/48/2018new_huatong_org.png"" /><img alt=""[话筒]"" title=""[话筒]"" src=""https://face.t.sinajs.cn/t4/appstyle/expression/ext/normal/48/2018new_huatong_org.png"" /><img alt=""[话筒]"" title=""[话筒]"" src=""https://face.t.sinajs.cn/t4/appstyle/expression/ext/normal/48/2018new_huatong_org.png"" />",0,0
,4797621133118015,Mon Aug 01 11:44:36 +0800 2022,紫色百合2543,https://weibo.com//u/6492272067,"<img alt=""[浪]"" title=""[浪]"" src=""https://face.t.sinajs.cn/t4/appstyle/expression/ext/normal/46/2018new_xinlang_org.png"" />",0,0
,4797617076175874,Mon Aug 01 11:28:29 +0800 2022,潇湘竹径秋月明,https://weibo.com//u/2380100155,"<img alt=""[吃惊]"" title=""[吃惊]"" src=""https://face.t.sinajs.cn/t4/appstyle/expression/ext/normal/49/2018new_chijing_org.png"" /><img alt=""[吃惊]"" title=""[吃惊]"" src=""https://face.t.sinajs.cn/t4/appstyle/expression/ext/normal/49/2018new_chijing_org.png"" /><img alt=""[吃惊]"" title=""[吃惊]"" src=""https://face.t.sinajs.cn/t4/appstyle/expression/ext/normal/49/2018new_chijing_org.png"" />",0,0
,4797612845176681,Mon Aug 01 11:11:40 +0800 2022,知足常乐的我haha,https://weibo.com//u/5327194147,关注,0,0
,4797609309373507,Mon Aug 01 10:57:37 +0800 2022,小小小fa朵_,https://weibo.com//u/7366522406,"<img alt=""[浪]"" title=""[浪]"" src=""https://face.t.sinajs.cn/t4/appstyle/expression/ext/normal/46/2018new_xinlang_org.png"" />",0,0
,4797607052312903,Mon Aug 01 10:48:38 +0800 2022,宁园一号,https://weibo.com//u/2376729170,<a href=/n/正义随州>@正义随州</a>,0,0
,4797597703999991,Mon Aug 01 10:11:30 +0800 2022,天选之子-tony,https://weibo.com//u/7735340749,"<img alt=""[话筒]"" title=""[话筒]"" src=""https://face.t.sinajs.cn/t4/appstyle/expression/ext/normal/48/2018new_huatong_org.png"" /><img alt=""[话筒]"" title=""[话筒]"" src=""https://face.t.sinajs.cn/t4/appstyle/expression/ext/normal/48/2018new_huatong_org.png"" /><img alt=""[话筒]"" title=""[话筒]"" src=""https://face.t.sinajs.cn/t4/appstyle/expression/ext/normal/48/2018new_huatong_org.png"" />",0,0
,4797593664620532,Mon Aug 01 09:55:27 +0800 2022,柘月初霜-BX,https://weibo.com//u/3899581519,"<img alt=""[话筒]"" title=""[话筒]"" src=""https://face.t.sinajs.cn/t4/appstyle/expression/ext/normal/48/2018new_huatong_org.png"" /><img alt=""[话筒]"" title=""[话筒]"" src=""https://face.t.sinajs.cn/t4/appstyle/expression/ext/normal/48/2018new_huatong_org.png"" /><img alt=""[话筒]"" title=""[话筒]"" src=""https://face.t.sinajs.cn/t4/appstyle/expression/ext/normal/48/2018new_huatong_org.png"" />",0,0
,4797589783838937,Mon Aug 01 09:40:01 +0800 2022,枣庄市中区检察院,https://weibo.com//u/5465305079,"<img alt=""[浪]"" title=""[浪]"" src=""https://face.t.sinajs.cn/t4/appstyle/expression/ext/normal/46/2018new_xinlang_org.png"" /><img alt=""[浪]"" title=""[浪]"" src=""https://face.t.sinajs.cn/t4/appstyle/expression/ext/normal/46/2018new_xinlang_org.png"" />",0,0
,4797587993922653,Mon Aug 01 09:32:55 +0800 2022,有栖真的超大只的,https://weibo.com//u/6084634104,"<img alt=""[浪]"" title=""[浪]"" src=""https://face.t.sinajs.cn/t4/appstyle/expression/ext/normal/46/2018new_xinlang_org.png"" />",0,0
,4797585808691357,Mon Aug 01 09:24:14 +0800 2022,TOS_xc,https://weibo.com//u/3638057172,"<img alt=""[话筒]"" title=""[话筒]"" src=""https://face.t.sinajs.cn/t4/appstyle/expression/ext/normal/48/2018new_huatong_org.png"" />",0,0
,4797578187114423,Mon Aug 01 08:53:57 +0800 2022,曾都检察,https://weibo.com//u/5174377668,"<img alt=""[话筒]"" title=""[话筒]"" src=""https://face.t.sinajs.cn/t4/appstyle/expression/ext/normal/48/2018new_huatong_org.png"" /><img alt=""[话筒]"" title=""[话筒]"" src=""https://face.t.sinajs.cn/t4/appstyle/expression/ext/normal/48/2018new_huatong_org.png"" />",0,0
,4797577985524056,Mon Aug 01 08:53:08 +0800 2022,暖心0向阳,https://weibo.com//u/1936713467,关注,0,0
,4797577050197428,Mon Aug 01 08:49:26 +0800 2022,小骨头1004,https://weibo.com//u/7281714809,"<img alt=""[话筒]"" title=""[话筒]"" src=""https://face.t.sinajs.cn/t4/appstyle/expression/ext/normal/48/2018new_huatong_org.png"" /><img alt=""[话筒]"" title=""[话筒]"" src=""https://face.t.sinajs.cn/t4/appstyle/expression/ext/normal/48/2018new_huatong_org.png"" />",0,0
,4797576601146114,Mon Aug 01 08:47:39 +0800 2022,天天快乐永远快乐,https://weibo.com//u/7340764303,关注,0,0
,4797570490830306,Mon Aug 01 08:23:22 +0800 2022,小晶晶Princess,https://weibo.com//u/5849316980,"<img alt=""[话筒]"" title=""[话筒]"" src=""https://face.t.sinajs.cn/t4/appstyle/expression/ext/normal/48/2018new_huatong_org.png"" />",0,0
,4797559153362883,Mon Aug 01 07:38:19 +0800 2022,天高夜色凉如水,https://weibo.com//u/5456309953,"<img alt=""[并不简单]"" title=""[并不简单]"" src=""https://face.t.sinajs.cn/t4/appstyle/expression/ext/normal/aa/2018new_bingbujiandan_org.png"" /><img alt=""[并不简单]"" title=""[并不简单]"" src=""https://face.t.sinajs.cn/t4/appstyle/expression/ext/normal/aa/2018new_bingbujiandan_org.png"" />",0,0
,4797553009232607,Mon Aug 01 07:13:54 +0800 2022,悠优8868,https://weibo.com//u/6678188114,关注,0,0
