﻿parent_comment_id,comment_id,comment_time,comment_user_name,comment_user_link,comment_content,comment_like_num,child_comment_num
,4797492270465270,Mon Aug 01 03:12:33 +0800 2022,芝士莓莓uuuu_,https://weibo.com//u/2651606857,她吃东西的时候就像个丧尸一样，吓死人,0,0
,4797470468736238,Mon Aug 01 01:45:55 +0800 2022,无人区最后一朵玫瑰,https://weibo.com//u/7376321848,为了写作业 看了很多遍 就感觉丧尸片吧,0,0
,4797465951732710,Mon Aug 01 01:27:58 +0800 2022,ttttatay,https://weibo.com//u/5313101164,看过很多食生肉的吃播这个还好吧，除了比较浮夸做作吃的东西匪夷所思。只能说努力的方向错了。,0,0
,4797462076197173,Mon Aug 01 01:12:34 +0800 2022,Andrea_xuanxuan,https://weibo.com//u/5558440123,我很好奇这样吃是不是有流量，我关注的一正常吃相吃播博主也是有一天开始，视频全变成了这种卖丑的吃相，看的人很不适,8,2
4797462076197173.0,4797466325287617,Mon Aug 01 01:29:27 +0800 2022,今天消失的她定档了吗,https://weibo.com//u/5528479466,"不是很能理解<img alt=""[哆啦A梦害怕]"" title=""[哆啦A梦害怕]"" src=""https://face.t.sinajs.cn/t4/appstyle/expression/ext/normal/c7/dorahaipa_org.gif"" />",0,0
4797462076197173.0,4797464336400466,Mon Aug 01 01:21:32 +0800 2022,刘三金1986,https://weibo.com//u/5790123145,真的很不适，她快手七百多万粉丝，不知道是不是买的，我完全看不了这种吃的脏兮兮的吃播，但是有时候还是会给我推，可能也是买了流量这个人,1,0
,4797461853897584,Mon Aug 01 01:11:40 +0800 2022,刘三金1986,https://weibo.com//u/5790123145,她的吃播真的很恶心，丧尸一样的，吃一些奇奇怪怪的东西，真的是博眼球，还七百多万粉丝，真的会有人喜欢看这种吃播吗,4,0
,4797459090639730,Mon Aug 01 01:00:42 +0800 2022,竹若溪,https://weibo.com//u/2521671824,"丧尸一样<img alt=""[二哈]"" title=""[二哈]"" src=""https://face.t.sinajs.cn/t4/appstyle/expression/ext/normal/22/2018new_erha_org.png"" />",3,0
