﻿parent_comment_id,comment_id,comment_time,comment_user_name,comment_user_link,comment_content,comment_like_num,child_comment_num
,4797974145664715,Tue Aug 02 11:07:20 +0800 2022,·小怡爱荆樱剔透·旺仔牛奶养乐多,https://weibo.com//u/6347472822,"<img alt=""[抱一抱]"" title=""[抱一抱]"" src=""https://face.t.sinajs.cn/t4/appstyle/expression/ext/normal/af/2020_hug_org.png"" />",1,1
4797974145664715.0,4797982589847401,Tue Aug 02 11:40:54 +0800 2022,著名摆烂学家,https://weibo.com//u/6616905041,"<img alt=""[举手]"" title=""[举手]"" src=""https://face.t.sinajs.cn/t4/appstyle/expression/ext/normal/fd/2022_raisehand_org.png"" />",1,0
,4797610576057182,Mon Aug 01 11:02:39 +0800 2022,许佳琪的信徒,https://weibo.com//u/7477039041,不难受吗,2,1
4797610576057182.0,4797610659152573,Mon Aug 01 11:02:58 +0800 2022,著名摆烂学家,https://weibo.com//u/6616905041,"看着就……<img alt=""[融化]"" title=""[融化]"" src=""https://face.t.sinajs.cn/t4/appstyle/expression/ext/normal/53/2022_melt_org.png"" />",2,0
