﻿parent_comment_id,comment_id,comment_time,comment_user_name,comment_user_link,comment_content,comment_like_num,child_comment_num
,4797585737125477,Mon Aug 01 09:23:57 +0800 2022,德州同城会,https://weibo.com//u/2024260507,"我们都要把自己照顾好 好到遗憾都无法打扰<img alt=""[互粉]"" title=""[互粉]"" src=""https://face.t.sinajs.cn/t4/appstyle/expression/ext/normal/86/2018new_hufen02_org.png"" />",0,0
,4797585767006646,Mon Aug 01 09:24:03 +0800 2022,微美食德州,https://weibo.com//u/2707844392,一生绵长无他。[许愿虎],0,0
,4797585712222770,Mon Aug 01 09:23:51 +0800 2022,天源时尚,https://weibo.com//u/3158710915,"凡是过往，皆为序章。新年快乐！<img alt=""[睡]"" title=""[睡]"" src=""https://face.t.sinajs.cn/t4/appstyle/expression/ext/normal/e2/2018new_shuijiao_thumb.png"" />",0,0
,4797585686006835,Mon Aug 01 09:23:45 +0800 2022,朝娱,https://weibo.com//u/3939456271,"星河滚烫 你是人间理想<img alt=""[红灯笼]"" title=""[红灯笼]"" src=""https://face.t.sinajs.cn/t4/appstyle/expression/ext/normal/e8/2021_lantern_org.png"" />",0,0
,4797585662152078,Mon Aug 01 09:23:38 +0800 2022,视觉小伙伴,https://weibo.com//u/2880312281,"听到一些事，明明不相干，也会在心中拐好几个弯想到你     ——张爱玲<img alt=""[裂开]"" title=""[裂开]"" src=""https://face.t.sinajs.cn/t4/appstyle/expression/ext/normal/1b/202011_liekai_org.png"" />",0,0
,4797585581148208,Mon Aug 01 09:23:19 +0800 2022,百娱汇,https://weibo.com//u/3428100010,"不奇怪,曾用心对待过的人本就会成为一辈子在意的存在<img alt=""[可怜]"" title=""[可怜]"" src=""https://face.t.sinajs.cn/t4/appstyle/expression/ext/normal/96/2018new_kelian_org.png"" />",0,0
,4797585539207564,Mon Aug 01 09:23:10 +0800 2022,热侃,https://weibo.com//u/5229228597,"人间烟火气 最抚凡人心<img alt=""[裂开]"" title=""[裂开]"" src=""https://face.t.sinajs.cn/t4/appstyle/expression/ext/normal/1b/202011_liekai_org.png"" />",0,0
,4797585527934177,Mon Aug 01 09:23:07 +0800 2022,娱之控,https://weibo.com//u/5095216162,"小云朵被你腾云驾雾的，疼不疼啊？<img alt=""[衰]"" title=""[衰]"" src=""https://face.t.sinajs.cn/t4/appstyle/expression/ext/normal/a2/2018new_shuai_org.png"" />",0,0
,4797585514042284,Mon Aug 01 09:23:04 +0800 2022,搜娱圈,https://weibo.com//u/2782931251,"纵然生活上诸事不顺  还是得保持自己可爱<img alt=""[生病]"" title=""[生病]"" src=""https://face.t.sinajs.cn/t4/appstyle/expression/ext/normal/3b/2018new_shengbing_org.png"" />",0,0
,4797585502767305,Mon Aug 01 09:23:00 +0800 2022,搜罗圈,https://weibo.com//u/5261788457,"我的每一只笔都知道你的名字<img alt=""[可爱]"" title=""[可爱]"" src=""https://face.t.sinajs.cn/t4/appstyle/expression/ext/normal/09/2018new_keai_org.png"" />",0,0
,4797585464492661,Mon Aug 01 09:22:51 +0800 2022,疯转网,https://weibo.com//u/5243672728,"我在熬夜，熟了叫你<img alt=""[污]"" title=""[污]"" src=""https://face.t.sinajs.cn/t4/appstyle/expression/ext/normal/10/2018new_wu_org.png"" />",0,0
