﻿parent_comment_id,comment_id,comment_time,comment_user_name,comment_user_link,comment_content,comment_like_num,child_comment_num
,4797450559161837,Mon Aug 01 00:26:48 +0800 2022,见国超当然要跑着去,https://weibo.com//u/6434440306,不怕烫嘴,0,0
,4797448348765201,Mon Aug 01 00:18:01 +0800 2022,坠星湾_果果,https://weibo.com//u/5263503758,捞,6,0
,4797447936675343,Mon Aug 01 00:16:23 +0800 2022,叶可爱·,https://weibo.com//u/5159240533,捞,6,0
,4797447690260690,Mon Aug 01 00:15:24 +0800 2022,·星辰島·,https://weibo.com//u/7650981833,"<img alt=""[哆啦A梦害怕]"" title=""[哆啦A梦害怕]"" src=""https://face.t.sinajs.cn/t4/appstyle/expression/ext/normal/c7/dorahaipa_org.gif"" /><img alt=""[哆啦A梦害怕]"" title=""[哆啦A梦害怕]"" src=""https://face.t.sinajs.cn/t4/appstyle/expression/ext/normal/c7/dorahaipa_org.gif"" />",6,0
,4797447676887964,Mon Aug 01 00:15:20 +0800 2022,爱超超的涵涵,https://weibo.com//u/7767790251,"<img alt=""[喵喵]"" title=""[喵喵]"" src=""https://face.t.sinajs.cn/t4/appstyle/expression/ext/normal/7b/2018new_miaomiao_org.png"" />",4,0
,4797447660899428,Mon Aug 01 00:15:17 +0800 2022,超超家的汐颜吖,https://weibo.com//u/7392662109,"<img alt=""[吃瓜]"" title=""[吃瓜]"" src=""https://face.t.sinajs.cn/t4/appstyle/expression/ext/normal/01/2018new_chigua_org.png"" /><img alt=""[吃瓜]"" title=""[吃瓜]"" src=""https://face.t.sinajs.cn/t4/appstyle/expression/ext/normal/01/2018new_chigua_org.png"" /><img alt=""[吃瓜]"" title=""[吃瓜]"" src=""https://face.t.sinajs.cn/t4/appstyle/expression/ext/normal/01/2018new_chigua_org.png"" />",4,0
,4797447655658313,Mon Aug 01 00:15:16 +0800 2022,嘉伦会发光RJL,https://weibo.com//u/7199845113,这下安逸了,6,0
