﻿parent_comment_id,comment_id,comment_time,comment_user_name,comment_user_link,comment_content,comment_like_num,child_comment_num
,4798464850660146,Wed Aug 03 19:37:14 +0800 2022,无问东西aa,https://weibo.com//u/7370131147,持续关注,0,0
,4797596445183323,Mon Aug 01 10:06:30 +0800 2022,1986星期六,https://weibo.com//u/7377588112,改革后三十年留下的成果，主张法律合规，在很多小微公司里，甚至是大中企业，代表着浪费，笨拙，没有闯劲，工作能力不足。,0,0
,4797594063342390,Mon Aug 01 09:57:02 +0800 2022,流星032,https://weibo.com//u/3860086230,关注,0,0
,4797586479778921,Mon Aug 01 09:26:54 +0800 2022,懂你的人an,https://weibo.com//u/7461666214,关注,0,0
,4797561535465362,Mon Aug 01 07:47:47 +0800 2022,下雨天就会困,https://weibo.com//u/7737691424,关注,0,0
