﻿parent_comment_id,comment_id,comment_time,comment_user_name,comment_user_link,comment_content,comment_like_num,child_comment_num
,4797598127620431,Mon Aug 01 10:13:10 +0800 2022,蛋的痛楚,https://weibo.com//u/2853276824,歪果仁不是随便吃么,0,0
,4797580539859844,Mon Aug 01 09:03:18 +0800 2022,专杀大灰狼的小红帽,https://weibo.com//u/5565139428,我估计这妹子根本都不晓得是不是濒危动物，后面团队喊她吃就吃呗,1,0
,4797562311936279,Mon Aug 01 07:50:52 +0800 2022,口与米,https://weibo.com//u/3161132447,说是人工养殖的,0,0
,4797552920102093,Mon Aug 01 07:13:33 +0800 2022,sdrym,https://weibo.com//u/5917170907,枪毙她,0,0
,4797543073186929,Mon Aug 01 06:34:25 +0800 2022,洪州都督,https://weibo.com//u/5345548446,"看了评论，感觉这是一起大案<img alt=""[允悲]"" title=""[允悲]"" src=""https://face.t.sinajs.cn/t4/appstyle/expression/ext/normal/83/2018new_kuxiao_org.png"" />",0,0
,4797480636515272,Mon Aug 01 02:26:19 +0800 2022,龍爺號魯豫1968,https://weibo.com//u/2316309511,关键看鲨鱼的源头！,0,0
,4797463586145725,Mon Aug 01 01:18:34 +0800 2022,小琪叫may,https://weibo.com//u/7765614555,<a href=/n/Diikc_xx>@Diikc_xx</a>,0,0
,4797458176278859,Mon Aug 01 00:57:03 +0800 2022,干干白菜,https://weibo.com//u/1865526845,她还是个孩子，晚上睡觉会害怕，请关8人间,1,0
,4797457277650737,Mon Aug 01 00:53:30 +0800 2022,莫宝咯洗洗睡了,https://weibo.com//u/6860740079,《刑法》第三百四十一条【非法猎捕、杀害珍贵、濒危野生动物罪；非法收购、运输、出售珍贵濒危野生动物、珍贵、濒危野生动物制品罪】非法猎捕、杀害国家重点保护的珍贵、濒危野生动物的，或者非法收购、运输、出售国家重点保护的珍贵、濒危野生动物及其制品的，处五年以下有期徒刑或者拘役，并处罚金；,5,1
4797457277650737.0,4797457295215040,Mon Aug 01 00:53:34 +0800 2022,莫宝咯洗洗睡了,https://weibo.com//u/6860740079,情节严重的，处五年以上十年以下有期徒刑，并处罚金；情节特别严重的，处十年以上有期徒刑，并处罚金或者没收财产。,1,0
,4797449325511464,Mon Aug 01 00:21:53 +0800 2022,闲人吴哥,https://weibo.com//u/6909863960,"<img alt=""[挖鼻]"" title=""[挖鼻]"" src=""https://face.t.sinajs.cn/t4/appstyle/expression/ext/normal/9a/2018new_wabi_thumb.png"" /><img alt=""[挖鼻]"" title=""[挖鼻]"" src=""https://face.t.sinajs.cn/t4/appstyle/expression/ext/normal/9a/2018new_wabi_thumb.png"" /><img alt=""[挖鼻]"" title=""[挖鼻]"" src=""https://face.t.sinajs.cn/t4/appstyle/expression/ext/normal/9a/2018new_wabi_thumb.png"" />",0,0
,4798065443340602,Tue Aug 02 17:10:07 +0800 2022,少林延融,https://weibo.com//u/1657761863,严查,0,0
,4797662233366611,Mon Aug 01 14:27:55 +0800 2022,至人无己00885,https://weibo.com//u/5906561523,得看她哪里买的，怎么买的？,0,0
,4797642510435759,Mon Aug 01 13:09:33 +0800 2022,被丑陋追逐的神,https://weibo.com//u/1701011524,"养殖，露脸媒体有风险，<img alt=""[二哈]"" title=""[二哈]"" src=""https://face.t.sinajs.cn/t4/appstyle/expression/ext/normal/22/2018new_erha_org.png"" />",0,0
,4797597858926150,Mon Aug 01 10:12:07 +0800 2022,布灵布灵董,https://weibo.com//u/3265271252,这个得判多久,0,0
,4797575590579152,Mon Aug 01 08:43:38 +0800 2022,Lanlande0214,https://weibo.com//u/2029504435,"所以为了博流量，一定不要太出格，不要听别人说什么正规渠道，一般不常见的动物植物还是不要碰<img alt=""[允悲]"" title=""[允悲]"" src=""https://face.t.sinajs.cn/t4/appstyle/expression/ext/normal/83/2018new_kuxiao_org.png"" />",0,0
,4797574814368423,Mon Aug 01 08:40:32 +0800 2022,茶山与行,https://weibo.com//u/2374096113,"<img alt=""[思考]"" title=""[思考]"" src=""https://face.t.sinajs.cn/t4/appstyle/expression/ext/normal/30/2018new_sikao_org.png"" />",0,0
,4797562203145719,Mon Aug 01 07:50:26 +0800 2022,mars_62531,https://weibo.com//u/1423536593,牢饭吃定了。,0,0
,4797559896542269,Mon Aug 01 07:41:16 +0800 2022,奇迹张宇,https://weibo.com//u/1195555451,这孩子很刑！,0,0
,4797557900050960,Mon Aug 01 07:33:20 +0800 2022,Skimmer_blog,https://weibo.com//u/2250523724,"鲨鱼能人工养殖<img alt=""[允悲]"" title=""[允悲]"" src=""https://face.t.sinajs.cn/t4/appstyle/expression/ext/normal/83/2018new_kuxiao_org.png"" />第一次听到这样的疯话，就问智商能不能养殖",0,6
4797557900050960.0,4797564816459823,Mon Aug 01 08:00:49 +0800 2022,微市民,https://weibo.com//u/1403182431,那海洋馆里的是啥？其实小型鲨也是有水族玩家饲养的。,0,0
4797557900050960.0,4797935700676495,Tue Aug 02 08:34:35 +0800 2022,微市民,https://weibo.com//u/1403182431,"回复<a href=/n/Skimmer_blog>@Skimmer_blog</a>:养殖包括饲养，繁殖，野生驯化等内容，就你懂汉语吗<img alt=""[挖鼻]"" title=""[挖鼻]"" src=""https://face.t.sinajs.cn/t4/appstyle/expression/ext/normal/9a/2018new_wabi_thumb.png"" />",0,0
4797557900050960.0,4797903044608818,Tue Aug 02 06:24:49 +0800 2022,Skimmer_blog,https://weibo.com//u/2250523724,回复<a href=/n/微市民>@微市民</a>:你懂汉语？什么叫养殖？什么叫饲养？,0,0
4797557900050960.0,4797568498011695,Mon Aug 01 08:15:27 +0800 2022,宮小路姬舞,https://weibo.com//u/5593598472,回复<a href=/n/微市民>@微市民</a>:小型的有，但是这种是没法人工养殖的,1,0
,4797469068362906,Mon Aug 01 01:40:21 +0800 2022,贵州精神卫生中心精神科医生,https://weibo.com//u/7340072980,"是人工养殖的<img alt=""[笑哈哈]"" title=""[笑哈哈]"" src=""https://face.t.sinajs.cn/t4/appstyle/expression/ext/normal/32/lxhwahaha_org.gif"" /><img alt=""[笑哈哈]"" title=""[笑哈哈]"" src=""https://face.t.sinajs.cn/t4/appstyle/expression/ext/normal/32/lxhwahaha_org.gif"" /><img alt=""[笑哈哈]"" title=""[笑哈哈]"" src=""https://face.t.sinajs.cn/t4/appstyle/expression/ext/normal/32/lxhwahaha_org.gif"" /><img alt=""[doge]"" title=""[doge]"" src=""https://face.t.sinajs.cn/t4/appstyle/expression/ext/normal/a1/2018new_doge02_org.png"" />",0,0
,4797462680439115,Mon Aug 01 01:14:58 +0800 2022,狐尾音乐节,https://weibo.com//u/7515259883,"大白鲨：你把我搞锅里头，我把你搞牢里头。<img alt=""[doge]"" title=""[doge]"" src=""https://face.t.sinajs.cn/t4/appstyle/expression/ext/normal/a1/2018new_doge02_org.png"" /><img alt=""[doge]"" title=""[doge]"" src=""https://face.t.sinajs.cn/t4/appstyle/expression/ext/normal/a1/2018new_doge02_org.png"" /><img alt=""[doge]"" title=""[doge]"" src=""https://face.t.sinajs.cn/t4/appstyle/expression/ext/normal/a1/2018new_doge02_org.png"" />",7,1
4797462680439115.0,4797577037614022,Mon Aug 01 08:49:23 +0800 2022,止于唇齿H掩于岁月,https://weibo.com//u/7526540421,不死 多少还是亏了,0,0
,4797451719934219,Mon Aug 01 00:31:24 +0800 2022,阿惟_学习中,https://weibo.com//u/1828593391,该啊,1,0
,4797451548754173,Mon Aug 01 00:30:43 +0800 2022,公知幼稚园,https://weibo.com//u/3651731110,"这，要坐牢的<img alt=""[弱]"" title=""[弱]"" src=""https://face.t.sinajs.cn/t4/appstyle/expression/ext/normal/3d/2018new_ruo_org.png"" />",0,0
,4797450680275710,Mon Aug 01 00:27:17 +0800 2022,穿越相位差空间门的RedTail_,https://weibo.com//u/2234252840,什么孩子👶🏻 ，不是说话💬 做作就叫做孩子，是践踏其他动物生命的老怪物吧。。,20,1
,4797449720303630,Mon Aug 01 00:23:28 +0800 2022,Vulovic,https://weibo.com//u/7619371071,比较好奇她哪儿搞到的大白鲨，好像没听过中国近海有这种鲨啊,4,0
,4797446423319700,Mon Aug 01 00:10:21 +0800 2022,咲桑啊,https://weibo.com//u/5330829507,"一般都是一两年，最多也就是五年，而且是女性估计会给个缓刑不用真的坐牢<img alt=""[吃瓜]"" title=""[吃瓜]"" src=""https://face.t.sinajs.cn/t4/appstyle/expression/ext/normal/01/2018new_chigua_org.png"" />",14,22
4797446423319700.0,4797448659404731,Mon Aug 01 00:19:15 +0800 2022,佑见青山,https://weibo.com//u/6972781249,怎么就“女性估计会缓刑”了,44,0
4797446423319700.0,4797462952282665,Mon Aug 01 01:16:03 +0800 2022,一念净心一世界,https://weibo.com//u/2248237781,"全网皆知，还不来个典型<img alt=""[笑而不语]"" title=""[笑而不语]"" src=""https://face.t.sinajs.cn/t4/appstyle/expression/ext/normal/2d/2018new_xiaoerbuyu_org.png"" />",12,0
4797446423319700.0,4797462600222905,Mon Aug 01 01:14:39 +0800 2022,讲你都唔信啊,https://weibo.com//u/6252855621,"开玩笑，别说她一个女生会不会缓刑，就公众人物就加重罪了，起码5年起步<img alt=""[挖鼻]"" title=""[挖鼻]"" src=""https://face.t.sinajs.cn/t4/appstyle/expression/ext/normal/9a/2018new_wabi_thumb.png"" />",18,0
4797446423319700.0,4797579499931899,Mon Aug 01 08:59:10 +0800 2022,不愿透露姓名的网友oO,https://weibo.com//u/5380299327,好家伙原来这就是男女平等,3,0
4797446423319700.0,4797530254868603,Mon Aug 01 05:43:28 +0800 2022,潇亦寒35775,https://weibo.com//u/7123094652,"她现在怀孕就不会坐牢了<img alt=""[doge]"" title=""[doge]"" src=""https://face.t.sinajs.cn/t4/appstyle/expression/ext/normal/a1/2018new_doge02_org.png"" />",0,0
4797446423319700.0,4797646651526297,Mon Aug 01 13:26:00 +0800 2022,熟读兵书马参军,https://weibo.com//u/6176734111,回复<a href=/n/佑见青山>@佑见青山</a>:因为女拳报会发：警惕个案，然后警察腿就软了，连夜把人送回家，顺带赔偿1500块。,1,0
4797446423319700.0,4797584995256457,Mon Aug 01 09:21:00 +0800 2022,咲桑啊,https://weibo.com//u/5330829507,回复<a href=/n/就叫绿子的绿子>@就叫绿子的绿子</a>:这是客观事实，刑法只是给一个量刑范围，具体判多久法官说了算。通过大量样本研究结果就是在中犯罪和轻犯罪中女性的量刑强度比男性低30个点，至于为什么你去问法官,3,0
4797446423319700.0,4797568599725100,Mon Aug 01 08:15:51 +0800 2022,碎步买灌饼,https://weibo.com//u/2405961364,咋 法律还分女性和男性版？,0,0
4797446423319700.0,4797549301727313,Mon Aug 01 06:59:09 +0800 2022,-如何试吃吃到饱,https://weibo.com//u/3597462023,回复<a href=/n/chaosdong>@chaosdong</a>:这个是有调查过的，百度搜一搜很多资料,1,0
4797446423319700.0,4797495815439003,Mon Aug 01 03:26:38 +0800 2022,丁小跳跳跳糖,https://weibo.com//u/2968579214,回复<a href=/n/台州小鲜肉丶>@台州小鲜肉丶</a>:还爆了1500金币呢,0,0
4797446423319700.0,4797489175855551,Mon Aug 01 03:00:15 +0800 2022,就叫绿子的绿子,https://weibo.com//u/6269925174,回复<a href=/n/咲桑啊>@咲桑啊</a>:根本没这种规定好嘛 你写的刑法典？,5,0
4797446423319700.0,4797487057732413,Mon Aug 01 02:51:50 +0800 2022,台州小鲜肉丶,https://weibo.com//u/6069180037,"回复<a href=/n/佑见青山>@佑见青山</a>:女的一刀扎出租车司机脖子 没扎到动脉 警察来了哭哭啼啼 然后安慰她给他送回家了<img alt=""[太开心]"" title=""[太开心]"" src=""https://face.t.sinajs.cn/t4/appstyle/expression/ext/normal/1e/2018new_taikaixin_org.png"" />",8,0
4797446423319700.0,4797474612709107,Mon Aug 01 02:02:23 +0800 2022,1903H,https://weibo.com//u/2214588651,回复<a href=/n/佑见青山>@佑见青山</a>:虽然他说的夸张了，但是之前微博看过，同样的情况，女性会比男性判的轻，忘记从哪看的了,3,0
4797446423319700.0,4797471019238641,Mon Aug 01 01:48:06 +0800 2022,魔法使之夜2,https://weibo.com//u/5765355989,"回复<a href=/n/佑见青山>@佑见青山</a>:<img alt=""[doge]"" title=""[doge]"" src=""https://face.t.sinajs.cn/t4/appstyle/expression/ext/normal/a1/2018new_doge02_org.png"" />他脑补的<img alt=""[doge]"" title=""[doge]"" src=""https://face.t.sinajs.cn/t4/appstyle/expression/ext/normal/a1/2018new_doge02_org.png"" />",1,0
4797446423319700.0,4797451888493851,Mon Aug 01 00:32:05 +0800 2022,咲桑啊,https://weibo.com//u/5330829507,回复<a href=/n/chaosdong>@chaosdong</a>:刑罚裁量权在法官手里，法律只是给一个范围，只要在范围里判多久都可以,7,0
4797446423319700.0,4797451469591317,Mon Aug 01 00:30:25 +0800 2022,咲桑啊,https://weibo.com//u/5330829507,回复<a href=/n/来自卡冈图亚>@来自卡冈图亚</a>:结果来自《被告人身份差异对量刑的影响》——《清华法学》2018年第4期,12,0
4797446423319700.0,4797451020276685,Mon Aug 01 00:28:38 +0800 2022,chaosdong,https://weibo.com//u/1977869765,回复<a href=/n/咲桑啊>@咲桑啊</a>:没有这一条，你说自首认罪悔过这个可以适当减点，男女没有减的。未满十八可以减一点可以减,6,0
4797446423319700.0,4797450935865216,Mon Aug 01 00:28:18 +0800 2022,咲桑啊,https://weibo.com//u/5330829507,回复<a href=/n/终景2016>@终景2016</a>:客观事实而已，在中犯罪和轻犯罪中女性的量刑强度比男性低30个点,13,0
4797446423319700.0,4797450222569602,Mon Aug 01 00:25:27 +0800 2022,咲桑啊,https://weibo.com//u/5330829507,回复<a href=/n/佑见青山>@佑见青山</a>:因为量刑的时候会根据性别适当减轻,13,0
4797446423319700.0,4797449808380968,Mon Aug 01 00:23:49 +0800 2022,终景2016,https://weibo.com//u/5659592815,"回复<a href=/n/佑见青山>@佑见青山</a>:他脑补的<img alt=""[doge]"" title=""[doge]"" src=""https://face.t.sinajs.cn/t4/appstyle/expression/ext/normal/a1/2018new_doge02_org.png"" />",6,0
,4797446070733713,Mon Aug 01 00:08:57 +0800 2022,不取了好烦,https://weibo.com//u/6047374943,这种吃播为什么还能播,15,0
,4797445895362655,Mon Aug 01 00:08:16 +0800 2022,siminghualong,https://weibo.com//u/1268511595,"可以，这很刑！估计得去监狱里吃美食了！<img alt=""[doge]"" title=""[doge]"" src=""https://face.t.sinajs.cn/t4/appstyle/expression/ext/normal/a1/2018new_doge02_org.png"" /><img alt=""[doge]"" title=""[doge]"" src=""https://face.t.sinajs.cn/t4/appstyle/expression/ext/normal/a1/2018new_doge02_org.png"" /><img alt=""[doge]"" title=""[doge]"" src=""https://face.t.sinajs.cn/t4/appstyle/expression/ext/normal/a1/2018new_doge02_org.png"" />",12,0
,4797445847913405,Mon Aug 01 00:08:05 +0800 2022,一一名名默默无闻,https://weibo.com//u/5196442611,关键她买的时候，是不是知情？她一直说的是合法购买的,4,0
,4797445249434199,Mon Aug 01 00:05:41 +0800 2022,六米阳光六米阳光,https://weibo.com//u/2056190561,牢底坐穿吧,1,0
,4797444611380730,Mon Aug 01 00:03:10 +0800 2022,飞翔的虎兔,https://weibo.com//u/7444137214,"在监狱继续开吃播，牢饭吃播<img alt=""[笑cry]"" title=""[笑cry]"" src=""https://face.t.sinajs.cn/t4/appstyle/expression/ext/normal/4a/2018new_xiaoku_thumb.png"" />",27,2
4797444611380730.0,4797552656124346,Mon Aug 01 07:12:30 +0800 2022,桂林颜慕白,https://weibo.com//u/5404045446,"狱警不在，小播一会？<img alt=""[doge]"" title=""[doge]"" src=""https://face.t.sinajs.cn/t4/appstyle/expression/ext/normal/a1/2018new_doge02_org.png"" />",0,0
4797444611380730.0,4797460093076337,Mon Aug 01 01:04:41 +0800 2022,Payton_SUN,https://weibo.com//u/1760526052,"还可以播播踩缝纫机<img alt=""[二哈]"" title=""[二哈]"" src=""https://face.t.sinajs.cn/t4/appstyle/expression/ext/normal/22/2018new_erha_org.png"" />",0,0
,4797444396685607,Mon Aug 01 00:02:19 +0800 2022,美酒节耍酒疯,https://weibo.com//u/5837568904,东西是哪来的？,0,0
,4797444342679883,Mon Aug 01 00:02:06 +0800 2022,偶得星光,https://weibo.com//u/6098027937,不会只判她自己的，你看周围一群吃的，还有怎么买的，卖家是啥，得深挖。,103,13
4797444342679883.0,4797446372464813,Mon Aug 01 00:10:10 +0800 2022,云天卷,https://weibo.com//u/7760174046,反正购买运送一个链条都跑不掉,11,0
4797444342679883.0,4797581521847333,Mon Aug 01 09:07:12 +0800 2022,城九建,https://weibo.com//u/2944310973,是养殖鲨鱼，吃就没事,0,0
4797444342679883.0,4797568309005657,Mon Aug 01 08:14:42 +0800 2022,看到我请喊我去运动啊啊啊,https://weibo.com//u/1909914382,真心求教:如果周围看的人都听她说不是保护鲨鱼，就买了一小块尝尝鲜，这样会不会判,0,0
4797444342679883.0,4797804742182622,Mon Aug 01 23:54:11 +0800 2022,偶不系僵尸号,https://weibo.com//u/5788713618,回复<a href=/n/看到我请喊我去运动啊啊啊>@看到我请喊我去运动啊啊啊</a>:我觉得应该不会，主观根本意识不到且没有意识到的必要，就像之前也有过把人肉做给路人或者家人吃的情况，不可能让家人也坐牢,0,0
4797444342679883.0,4797721657219582,Mon Aug 01 18:24:03 +0800 2022,不遑启居0,https://weibo.com//u/7484633964,回复<a href=/n/城九建>@城九建</a>:大白鲨就没有人工养殖的,0,0
4797444342679883.0,4797637302421065,Mon Aug 01 12:48:50 +0800 2022,最爱薄荷味,https://weibo.com//u/2733255957,回复<a href=/n/城九建>@城九建</a>:没有人工养殖的大白鲨 这网红肯定要进去蹲,1,0
4797444342679883.0,4797605337633997,Mon Aug 01 10:41:50 +0800 2022,黑色丿郁金香,https://weibo.com//u/1565389401,回复<a href=/n/城九建>@城九建</a>:大白鲨目前不可能人工养殖，全球都没有。所以～,1,0
4797444342679883.0,4797601008064469,Mon Aug 01 10:24:38 +0800 2022,真美好哇,https://weibo.com//u/7329170755,"回复<a href=/n/城九建>@城九建</a>:是的是的，你说的是对的，人工养殖的自然可以用作商用。之前还看过一个博主去养殖场买合法的人工养殖海马。但是这种鲨鱼官方已经盖章定论，就是野生的<img alt=""[允悲]"" title=""[允悲]"" src=""https://face.t.sinajs.cn/t4/appstyle/expression/ext/normal/83/2018new_kuxiao_org.png"" />所以只能怪他自己倒霉<img alt=""[喵喵]"" title=""[喵喵]"" src=""https://face.t.sinajs.cn/t4/appstyle/expression/ext/normal/7b/2018new_miaomiao_org.png"" />",1,0
4797444342679883.0,4797598496721082,Mon Aug 01 10:14:39 +0800 2022,城九建,https://weibo.com//u/2944310973,回复<a href=/n/真美好哇>@真美好哇</a>:看种类吧，应该也有养殖品种，是保护的肯定不能吃,0,0
4797444342679883.0,4797595295678582,Mon Aug 01 10:01:55 +0800 2022,真美好哇,https://weibo.com//u/7329170755,"回复<a href=/n/城九建>@城九建</a>:额！专家说这个鲨鱼目前没有条件养殖，所以可能是野生的<img alt=""[黑线]"" title=""[黑线]"" src=""https://face.t.sinajs.cn/t4/appstyle/expression/ext/normal/a3/2018new_heixian_org.png"" />",1,0
4797444342679883.0,4797452517118078,Mon Aug 01 00:34:35 +0800 2022,iearlybird,https://weibo.com//u/2090886217,回复<a href=/n/偶得星光>@偶得星光</a>:坐实了是一样的罪，运输的司机都可以判，比拐卖妇女儿童都严,6,0
4797444342679883.0,4797447353670587,Mon Aug 01 00:14:04 +0800 2022,偶得星光,https://weibo.com//u/6098027937,回复<a href=/n/云天卷>@云天卷</a>:买家可能不会判的多，但是卖家就得好好挖了，他什么渠道来的，要是真成交易链了。重判没跑了。,5,0
,4797444230224720,Mon Aug 01 00:01:39 +0800 2022,网事随风1698,https://weibo.com//u/5834720312,从此凉凉。,1,2
4797444230224720.0,4797449015135602,Mon Aug 01 00:20:40 +0800 2022,钓鱼从不戴头盔,https://weibo.com//u/5445426189,"一顿鲨鱼肉换几年大白菜<img alt=""[doge]"" title=""[doge]"" src=""https://face.t.sinajs.cn/t4/appstyle/expression/ext/normal/a1/2018new_doge02_org.png"" />",0,0
4797444230224720.0,4797444484770068,Mon Aug 01 00:02:40 +0800 2022,还我伍角钱199033,https://weibo.com//u/7744223801,"不仅是凉了，还要踩几年缝纫机<img alt=""[打call]"" title=""[打call]"" src=""https://face.t.sinajs.cn/t4/appstyle/expression/ext/normal/39/moren_dacall02_org.png"" />",0,0
