﻿parent_comment_id,comment_id,comment_time,comment_user_name,comment_user_link,comment_content,comment_like_num,child_comment_num
,4797563800914230,Mon Aug 01 07:56:47 +0800 2022,怡个花仙子,https://weibo.com//u/6340689179,"找到你啦<img alt=""[打call]"" title=""[打call]"" src=""https://face.t.sinajs.cn/t4/appstyle/expression/ext/normal/39/moren_dacall02_org.png"" /><img alt=""[打call]"" title=""[打call]"" src=""https://face.t.sinajs.cn/t4/appstyle/expression/ext/normal/39/moren_dacall02_org.png"" /><img alt=""[打call]"" title=""[打call]"" src=""https://face.t.sinajs.cn/t4/appstyle/expression/ext/normal/39/moren_dacall02_org.png"" /><img alt=""[打call]"" title=""[打call]"" src=""https://face.t.sinajs.cn/t4/appstyle/expression/ext/normal/39/moren_dacall02_org.png"" />",1,1
4797563800914230.0,4797728041469145,Mon Aug 01 18:49:24 +0800 2022,汪秀华77,https://weibo.com//u/5400501139,"<img alt=""[心]"" title=""[心]"" src=""https://face.t.sinajs.cn/t4/appstyle/expression/ext/normal/8a/2018new_xin_org.png"" /><img alt=""[心]"" title=""[心]"" src=""https://face.t.sinajs.cn/t4/appstyle/expression/ext/normal/8a/2018new_xin_org.png"" /><img alt=""[心]"" title=""[心]"" src=""https://face.t.sinajs.cn/t4/appstyle/expression/ext/normal/8a/2018new_xin_org.png"" />",0,0
,4797559530850713,Mon Aug 01 07:39:49 +0800 2022,执笔写心·笑看花开88,https://weibo.com//u/6194598083,"早<img alt=""[鲜花]"" title=""[鲜花]"" src=""https://face.t.sinajs.cn/t4/appstyle/expression/ext/normal/d4/2018new_xianhua_org.png"" />",1,1
4797559530850713.0,4797727864522416,Mon Aug 01 18:48:43 +0800 2022,汪秀华77,https://weibo.com//u/5400501139,"晚好<img alt=""[心]"" title=""[心]"" src=""https://face.t.sinajs.cn/t4/appstyle/expression/ext/normal/8a/2018new_xin_org.png"" />",0,0
,4797557751942091,Mon Aug 01 07:32:45 +0800 2022,媛伤不浅,https://weibo.com//u/5850371517,网红为了红什么事干不出来啊,1,1
4797557751942091.0,4797727835690605,Mon Aug 01 18:48:36 +0800 2022,汪秀华77,https://weibo.com//u/5400501139,是的,0,0
,4797551196504447,Mon Aug 01 07:06:42 +0800 2022,a若狭·,https://weibo.com//u/6912098909,"<img alt=""[悲伤]"" title=""[悲伤]"" src=""https://face.t.sinajs.cn/t4/appstyle/expression/ext/normal/ee/2018new_beishang_org.png"" /><img alt=""[悲伤]"" title=""[悲伤]"" src=""https://face.t.sinajs.cn/t4/appstyle/expression/ext/normal/ee/2018new_beishang_org.png"" /><img alt=""[伤心]"" title=""[伤心]"" src=""https://face.t.sinajs.cn/t4/appstyle/expression/ext/normal/6c/2018new_xinsui_org.png"" /><img alt=""[伤心]"" title=""[伤心]"" src=""https://face.t.sinajs.cn/t4/appstyle/expression/ext/normal/6c/2018new_xinsui_org.png"" />",1,1
4797551196504447.0,4797727894148219,Mon Aug 01 18:48:50 +0800 2022,汪秀华77,https://weibo.com//u/5400501139,"<img alt=""[伤心]"" title=""[伤心]"" src=""https://face.t.sinajs.cn/t4/appstyle/expression/ext/normal/6c/2018new_xinsui_org.png"" /><img alt=""[伤心]"" title=""[伤心]"" src=""https://face.t.sinajs.cn/t4/appstyle/expression/ext/normal/6c/2018new_xinsui_org.png"" /><img alt=""[伤心]"" title=""[伤心]"" src=""https://face.t.sinajs.cn/t4/appstyle/expression/ext/normal/6c/2018new_xinsui_org.png"" />",0,0
,4797550659371087,Mon Aug 01 07:04:33 +0800 2022,谓我读尊,https://weibo.com//u/7442839464,超级无语,1,1
4797550659371087.0,4797727923243282,Mon Aug 01 18:48:56 +0800 2022,汪秀华77,https://weibo.com//u/5400501139,"是的<img alt=""[摊手]"" title=""[摊手]"" src=""https://face.t.sinajs.cn/t4/appstyle/expression/ext/normal/62/2018new_tanshou_org.png"" />",0,0
,4797549770179397,Mon Aug 01 07:01:02 +0800 2022,无双公子0918,https://weibo.com//u/7442833570,无语了,1,1
4797549770179397.0,4797727944213936,Mon Aug 01 18:49:02 +0800 2022,汪秀华77,https://weibo.com//u/5400501139,无语😑,0,0
,4797537137197317,Mon Aug 01 06:10:50 +0800 2022,半成熟_半幼稚,https://weibo.com//u/7549029980,早安,1,1
4797537137197317.0,4797539889710016,Mon Aug 01 06:21:46 +0800 2022,汪秀华77,https://weibo.com//u/5400501139,"早安<img alt=""[心]"" title=""[心]"" src=""https://face.t.sinajs.cn/t4/appstyle/expression/ext/normal/8a/2018new_xin_org.png"" />",0,0
,4797536793264192,Mon Aug 01 06:09:27 +0800 2022,尼脏色和,https://weibo.com//u/5055112012,快手的网红好好治一下有些直播想演戏是的,1,1
4797536793264192.0,4797539867427105,Mon Aug 01 06:21:40 +0800 2022,汪秀华77,https://weibo.com//u/5400501139,"是的<img alt=""[抱抱]"" title=""[抱抱]"" src=""https://face.t.sinajs.cn/t4/appstyle/expression/ext/normal/42/2018new_baobao_org.png"" />",0,0
,4797507622666545,Mon Aug 01 04:13:33 +0800 2022,顾一行_,https://weibo.com//u/6641327334,"<img alt=""[怒]"" title=""[怒]"" src=""https://face.t.sinajs.cn/t4/appstyle/expression/ext/normal/f6/2018new_nu_org.png"" /><img alt=""[怒]"" title=""[怒]"" src=""https://face.t.sinajs.cn/t4/appstyle/expression/ext/normal/f6/2018new_nu_org.png"" /><img alt=""[怒]"" title=""[怒]"" src=""https://face.t.sinajs.cn/t4/appstyle/expression/ext/normal/f6/2018new_nu_org.png"" />",1,1
4797507622666545.0,4797539838591550,Mon Aug 01 06:21:34 +0800 2022,汪秀华77,https://weibo.com//u/5400501139,"<img alt=""[顶]"" title=""[顶]"" src=""https://face.t.sinajs.cn/t4/appstyle/expression/ext/normal/ae/2018new_ding_org.png"" /><img alt=""[顶]"" title=""[顶]"" src=""https://face.t.sinajs.cn/t4/appstyle/expression/ext/normal/ae/2018new_ding_org.png"" />",0,0
,4797486608417753,Mon Aug 01 02:50:03 +0800 2022,蓝胖的日光浴,https://weibo.com//u/5848085227,"<img alt=""[允悲]"" title=""[允悲]"" src=""https://face.t.sinajs.cn/t4/appstyle/expression/ext/normal/83/2018new_kuxiao_org.png"" />",1,1
4797486608417753.0,4797539818406808,Mon Aug 01 06:21:29 +0800 2022,汪秀华77,https://weibo.com//u/5400501139,"<img alt=""[心]"" title=""[心]"" src=""https://face.t.sinajs.cn/t4/appstyle/expression/ext/normal/8a/2018new_xin_org.png"" /><img alt=""[抱抱]"" title=""[抱抱]"" src=""https://face.t.sinajs.cn/t4/appstyle/expression/ext/normal/42/2018new_baobao_org.png"" />",0,0
,4797459999490385,Mon Aug 01 01:04:18 +0800 2022,汪秀华77,https://weibo.com//u/5400501139,"<img alt=""[心]"" title=""[心]"" src=""https://face.t.sinajs.cn/t4/appstyle/expression/ext/normal/8a/2018new_xin_org.png"" /><img alt=""[心]"" title=""[心]"" src=""https://face.t.sinajs.cn/t4/appstyle/expression/ext/normal/8a/2018new_xin_org.png"" /><img alt=""[心]"" title=""[心]"" src=""https://face.t.sinajs.cn/t4/appstyle/expression/ext/normal/8a/2018new_xin_org.png"" />",1,1
4797459999490385.0,4797539910680819,Mon Aug 01 06:21:51 +0800 2022,汪秀华77,https://weibo.com//u/5400501139,"<img alt=""[心]"" title=""[心]"" src=""https://face.t.sinajs.cn/t4/appstyle/expression/ext/normal/8a/2018new_xin_org.png"" /><img alt=""[心]"" title=""[心]"" src=""https://face.t.sinajs.cn/t4/appstyle/expression/ext/normal/8a/2018new_xin_org.png"" />",0,0
,4797459911934169,Mon Aug 01 01:03:57 +0800 2022,汪秀华77,https://weibo.com//u/5400501139,"<img alt=""[心]"" title=""[心]"" src=""https://face.t.sinajs.cn/t4/appstyle/expression/ext/normal/8a/2018new_xin_org.png"" /><img alt=""[心]"" title=""[心]"" src=""https://face.t.sinajs.cn/t4/appstyle/expression/ext/normal/8a/2018new_xin_org.png"" /><img alt=""[心]"" title=""[心]"" src=""https://face.t.sinajs.cn/t4/appstyle/expression/ext/normal/8a/2018new_xin_org.png"" />",1,0
,4797459833030952,Mon Aug 01 01:03:39 +0800 2022,·番茄饺子·,https://weibo.com//u/6118544007,对,1,1
4797459833030952.0,4797539779346909,Mon Aug 01 06:21:20 +0800 2022,汪秀华77,https://weibo.com//u/5400501139,"<img alt=""[抱抱]"" title=""[抱抱]"" src=""https://face.t.sinajs.cn/t4/appstyle/expression/ext/normal/42/2018new_baobao_org.png"" /><img alt=""[抱抱]"" title=""[抱抱]"" src=""https://face.t.sinajs.cn/t4/appstyle/expression/ext/normal/42/2018new_baobao_org.png"" /><img alt=""[抱抱]"" title=""[抱抱]"" src=""https://face.t.sinajs.cn/t4/appstyle/expression/ext/normal/42/2018new_baobao_org.png"" />",0,0
,4797458922867184,Mon Aug 01 01:00:02 +0800 2022,我们站在高高的谷堆旁边,https://weibo.com//u/2791795355,蛮好，23岁到30岁生日，要在里面过了,2,1
4797458922867184.0,4797460071318933,Mon Aug 01 01:04:36 +0800 2022,汪秀华77,https://weibo.com//u/5400501139,"<img alt=""[摊手]"" title=""[摊手]"" src=""https://face.t.sinajs.cn/t4/appstyle/expression/ext/normal/62/2018new_tanshou_org.png"" /><img alt=""[摊手]"" title=""[摊手]"" src=""https://face.t.sinajs.cn/t4/appstyle/expression/ext/normal/62/2018new_tanshou_org.png"" />",0,0
,4797457819765712,Mon Aug 01 00:55:39 +0800 2022,左慈大仙儿,https://weibo.com//u/7015182426,"<img alt=""[笑cry]"" title=""[笑cry]"" src=""https://face.t.sinajs.cn/t4/appstyle/expression/ext/normal/4a/2018new_xiaoku_thumb.png"" /><img alt=""[笑cry]"" title=""[笑cry]"" src=""https://face.t.sinajs.cn/t4/appstyle/expression/ext/normal/4a/2018new_xiaoku_thumb.png"" />",1,1
4797457819765712.0,4797459966460822,Mon Aug 01 01:04:11 +0800 2022,汪秀华77,https://weibo.com//u/5400501139,"<img alt=""[爱你]"" title=""[爱你]"" src=""https://face.t.sinajs.cn/t4/appstyle/expression/ext/normal/f6/2018new_aini_org.png"" /><img alt=""[爱你]"" title=""[爱你]"" src=""https://face.t.sinajs.cn/t4/appstyle/expression/ext/normal/f6/2018new_aini_org.png"" />",0,0
,4797456024603405,Mon Aug 01 00:48:31 +0800 2022,开心果晓菁,https://weibo.com//u/2504921743,"她小浩子小提提子前天还在直播<img alt=""[怒骂]"" title=""[怒骂]"" src=""https://face.t.sinajs.cn/t4/appstyle/expression/ext/normal/87/2018new_zhouma_org.png"" />",1,1
4797456024603405.0,4797539725607337,Mon Aug 01 06:21:07 +0800 2022,汪秀华77,https://weibo.com//u/5400501139,"<img alt=""[顶]"" title=""[顶]"" src=""https://face.t.sinajs.cn/t4/appstyle/expression/ext/normal/ae/2018new_ding_org.png"" /><img alt=""[顶]"" title=""[顶]"" src=""https://face.t.sinajs.cn/t4/appstyle/expression/ext/normal/ae/2018new_ding_org.png"" /><img alt=""[顶]"" title=""[顶]"" src=""https://face.t.sinajs.cn/t4/appstyle/expression/ext/normal/ae/2018new_ding_org.png"" />",0,0
,4797455146946125,Mon Aug 01 00:45:02 +0800 2022,kkyeol-,https://weibo.com//u/6818222658,找到了,1,1
4797455146946125.0,4797459949947030,Mon Aug 01 01:04:07 +0800 2022,汪秀华77,https://weibo.com//u/5400501139,"<img alt=""[心]"" title=""[心]"" src=""https://face.t.sinajs.cn/t4/appstyle/expression/ext/normal/8a/2018new_xin_org.png"" /><img alt=""[心]"" title=""[心]"" src=""https://face.t.sinajs.cn/t4/appstyle/expression/ext/normal/8a/2018new_xin_org.png"" />",0,0
,4797454555809320,Mon Aug 01 00:42:41 +0800 2022,小小小吕,https://weibo.com//u/5233835792,嗯呢,1,1
4797454555809320.0,4797459983761566,Mon Aug 01 01:04:14 +0800 2022,汪秀华77,https://weibo.com//u/5400501139,"<img alt=""[允悲]"" title=""[允悲]"" src=""https://face.t.sinajs.cn/t4/appstyle/expression/ext/normal/83/2018new_kuxiao_org.png"" /><img alt=""[允悲]"" title=""[允悲]"" src=""https://face.t.sinajs.cn/t4/appstyle/expression/ext/normal/83/2018new_kuxiao_org.png"" />",0,0
,4797454480573373,Mon Aug 01 00:42:22 +0800 2022,·残雪·,https://weibo.com//u/6478526806,"<img alt=""[二哈]"" title=""[二哈]"" src=""https://face.t.sinajs.cn/t4/appstyle/expression/ext/normal/22/2018new_erha_org.png"" /><img alt=""[二哈]"" title=""[二哈]"" src=""https://face.t.sinajs.cn/t4/appstyle/expression/ext/normal/22/2018new_erha_org.png"" /><img alt=""[二哈]"" title=""[二哈]"" src=""https://face.t.sinajs.cn/t4/appstyle/expression/ext/normal/22/2018new_erha_org.png"" /><img alt=""[二哈]"" title=""[二哈]"" src=""https://face.t.sinajs.cn/t4/appstyle/expression/ext/normal/22/2018new_erha_org.png"" />",1,1
4797454480573373.0,4797539934799324,Mon Aug 01 06:21:57 +0800 2022,汪秀华77,https://weibo.com//u/5400501139,"<img alt=""[抱抱]"" title=""[抱抱]"" src=""https://face.t.sinajs.cn/t4/appstyle/expression/ext/normal/42/2018new_baobao_org.png"" /><img alt=""[抱抱]"" title=""[抱抱]"" src=""https://face.t.sinajs.cn/t4/appstyle/expression/ext/normal/42/2018new_baobao_org.png"" />",0,0
,4797454475854894,Mon Aug 01 00:42:21 +0800 2022,-奶熊奶熊-,https://weibo.com//u/7186371785,"<img alt=""[心]"" title=""[心]"" src=""https://face.t.sinajs.cn/t4/appstyle/expression/ext/normal/8a/2018new_xin_org.png"" />",1,1
4797454475854894.0,4797539796385913,Mon Aug 01 06:21:23 +0800 2022,汪秀华77,https://weibo.com//u/5400501139,"<img alt=""[心]"" title=""[心]"" src=""https://face.t.sinajs.cn/t4/appstyle/expression/ext/normal/8a/2018new_xin_org.png"" /><img alt=""[心]"" title=""[心]"" src=""https://face.t.sinajs.cn/t4/appstyle/expression/ext/normal/8a/2018new_xin_org.png"" />",0,0
,4797453990101497,Mon Aug 01 00:40:26 +0800 2022,坠星湾_果果,https://weibo.com//u/5263503758,捞,1,1
4797453990101497.0,4797539749987183,Mon Aug 01 06:21:13 +0800 2022,汪秀华77,https://weibo.com//u/5400501139,"<img alt=""[抱抱]"" title=""[抱抱]"" src=""https://face.t.sinajs.cn/t4/appstyle/expression/ext/normal/42/2018new_baobao_org.png"" /><img alt=""[抱抱]"" title=""[抱抱]"" src=""https://face.t.sinajs.cn/t4/appstyle/expression/ext/normal/42/2018new_baobao_org.png"" />",0,0
,4797453843038291,Mon Aug 01 00:39:50 +0800 2022,汪秀华77,https://weibo.com//u/5400501139,"<img alt=""[抱抱]"" title=""[抱抱]"" src=""https://face.t.sinajs.cn/t4/appstyle/expression/ext/normal/42/2018new_baobao_org.png"" /><img alt=""[抱抱]"" title=""[抱抱]"" src=""https://face.t.sinajs.cn/t4/appstyle/expression/ext/normal/42/2018new_baobao_org.png"" />",2,1
4797453843038291.0,4797727986158086,Mon Aug 01 18:49:11 +0800 2022,汪秀华77,https://weibo.com//u/5400501139,"<img alt=""[摊手]"" title=""[摊手]"" src=""https://face.t.sinajs.cn/t4/appstyle/expression/ext/normal/62/2018new_tanshou_org.png"" /><img alt=""[摊手]"" title=""[摊手]"" src=""https://face.t.sinajs.cn/t4/appstyle/expression/ext/normal/62/2018new_tanshou_org.png"" />",0,0
,4797453700960916,Mon Aug 01 00:39:17 +0800 2022,超话社区,https://weibo.com//u/5878659096,"你好，你感兴趣的“提子[超话]”已开通了超话社区～ 超话社区是微博旗下兴趣互动社区，快来与志同道合的小伙伴们一起交流互动吧！ 戳我进入&gt;&gt; <a target=""_blank"" href=""https://weibo.com/p/100808e080eb421ad89a0aebe42cad6a5733c1""><img class=""icon-link"" src=""https://h5.sinaimg.cn/upload/100/959/2020/05/09/timeline_card_small_super_default.png""/>提子超话</a>",1,0
