﻿parent_comment_id,comment_id,comment_time,comment_user_name,comment_user_link,comment_content,comment_like_num,child_comment_num
,4797468237365439,Mon Aug 01 01:37:02 +0800 2022,兔子毛发的底端,https://weibo.com//u/6541861616,图片评论 ,0,1
4797468237365439.0,4797468489549417,Mon Aug 01 01:38:03 +0800 2022,福西西专用号,https://weibo.com//u/7724275359,这情节很严重吧 还传播📣了,0,0
,4797462763802302,Mon Aug 01 01:15:18 +0800 2022,怎么起名才能可用,https://weibo.com//u/7319061579,"五年（我猜的我也不知道<img alt=""[doge]"" title=""[doge]"" src=""https://face.t.sinajs.cn/t4/appstyle/expression/ext/normal/a1/2018new_doge02_org.png"" />",0,7
4797462763802302.0,4797463154131246,Mon Aug 01 01:16:51 +0800 2022,福西西专用号,https://weibo.com//u/7724275359,居然这么少吗,0,0
4797462763802302.0,4797466057377113,Mon Aug 01 01:28:23 +0800 2022,福西西专用号,https://weibo.com//u/7724275359,"回复<a href=/n/北海海北_>@北海海北_</a>:同情是不可能同情的 我多希望评论区有人告诉我是死刑<img alt=""[doge]"" title=""[doge]"" src=""https://face.t.sinajs.cn/t4/appstyle/expression/ext/normal/a1/2018new_doge02_org.png"" />",0,0
4797462763802302.0,4797465868633999,Mon Aug 01 01:27:38 +0800 2022,北海海北_,https://weibo.com//u/6973254817,"回复<a href=/n/福西西专用号>@福西西专用号</a>:在学校还是个小太妹呢，不要可怜这种人<img alt=""[喵喵]"" title=""[喵喵]"" src=""https://face.t.sinajs.cn/t4/appstyle/expression/ext/normal/7b/2018new_miaomiao_org.png"" /><img alt=""[喵喵]"" title=""[喵喵]"" src=""https://face.t.sinajs.cn/t4/appstyle/expression/ext/normal/7b/2018new_miaomiao_org.png"" />",0,0
4797462763802302.0,4797463858514768,Mon Aug 01 01:19:39 +0800 2022,怎么起名才能可用,https://weibo.com//u/7319061579,"回复<a href=/n/福西西专用号>@福西西专用号</a>:下辈子别当人了，好晦气嗷<img alt=""[跪了]"" title=""[跪了]"" src=""https://face.t.sinajs.cn/t4/appstyle/expression/ext/normal/75/2018new_gui_org.png"" />",0,0
4797462763802302.0,4797463501996562,Mon Aug 01 01:18:14 +0800 2022,福西西专用号,https://weibo.com//u/7724275359,"回复<a href=/n/怎么起名才能可用>@怎么起名才能可用</a>:<img alt=""[失望]"" title=""[失望]"" src=""https://face.t.sinajs.cn/t4/appstyle/expression/ext/normal/aa/2018new_shiwang_org.png"" />真刑啊 希望她下辈子能多读点书",0,0
4797462763802302.0,4797463305127088,Mon Aug 01 01:17:27 +0800 2022,怎么起名才能可用,https://weibo.com//u/7319061579,回复<a href=/n/福西西专用号>@福西西专用号</a>:5-10应该是，他这种属于情节严重了吧，还发网上，咋也得十年,0,0
