﻿parent_comment_id,comment_id,comment_time,comment_user_name,comment_user_link,comment_content,comment_like_num,child_comment_num
,4797538165850243,Mon Aug 01 06:14:55 +0800 2022,·逾期潮汐·,https://weibo.com//u/6628665791,"这个都一个月前的了好像<img alt=""[打call]"" title=""[打call]"" src=""https://face.t.sinajs.cn/t4/appstyle/expression/ext/normal/39/moren_dacall02_org.png"" />",0,1
4797538165850243.0,4797789320779535,Mon Aug 01 22:52:55 +0800 2022,·春樱野里,https://weibo.com//u/7385656271,今天才上的rs。,0,0
,4797480493121742,Mon Aug 01 02:25:44 +0800 2022,理科盲人韩筱妍,https://weibo.com//u/7583900674,真的6,1,3
4797480493121742.0,4797480565211422,Mon Aug 01 02:26:01 +0800 2022,·春樱野里,https://weibo.com//u/7385656271,好恐怖啊,0,0
4797480493121742.0,4797480997487850,Mon Aug 01 02:27:45 +0800 2022,·春樱野里,https://weibo.com//u/7385656271,"回复<a href=/n/理科盲人韩筱妍>@理科盲人韩筱妍</a>:但是鲨鱼肉看着就好吓人<img alt=""[苦涩]"" title=""[苦涩]"" src=""https://face.t.sinajs.cn/t4/appstyle/expression/ext/normal/7e/2021_bitter_org.png"" />",0,0
4797480493121742.0,4797480677672191,Mon Aug 01 02:26:29 +0800 2022,理科盲人韩筱妍,https://weibo.com//u/7583900674,回复<a href=/n/·春樱野里>@·春樱野里</a>:这么多辣椒她有没有拉个几天,0,0
