﻿parent_comment_id,comment_id,comment_time,comment_user_name,comment_user_link,comment_content,comment_like_num,child_comment_num
,4797454534577019,Mon Aug 01 00:42:36 +0800 2022,克拉拉酱婶儿,https://weibo.com//u/3176987847,而且事情刚出来的时候她还狡辩 说做的是另外一种 就很离谱,0,1
4797454534577019.0,4797459794757707,Mon Aug 01 01:03:30 +0800 2022,什么时候能收,https://weibo.com//u/6570623105,无语死了她,0,0
,4797451020534238,Mon Aug 01 00:28:37 +0800 2022,春日部防衛隊2001,https://weibo.com//u/2951689651,"她的视频真的会让人感到生理性不适<img alt=""[跪了]"" title=""[跪了]"" src=""https://face.t.sinajs.cn/t4/appstyle/expression/ext/normal/75/2018new_gui_org.png"" />",0,1
4797451020534238.0,4797459756483139,Mon Aug 01 01:03:20 +0800 2022,什么时候能收,https://weibo.com//u/6570623105,已经看yue了,0,0
