﻿parent_comment_id,comment_id,comment_time,comment_user_name,comment_user_link,comment_content,comment_like_num,child_comment_num
,4797479940522601,Mon Aug 01 02:23:33 +0800 2022,脑袋不秃法律人,https://weibo.com//u/6439035159,为了尽可能实现打拐和解救之间的平衡，既要打击该类犯罪，又要能够有效地保护被拐妇女儿童的利益。如果对买方进行较重的刑罚处罚，那么一旦在面临妇女儿童将要被解救的时候，买方可能会铤而走险。不同罪的规定可以降低解救的难度，避免事态升级。不知道我解释清楚了没有,1,3
4797479940522601.0,4797662567597830,Mon Aug 01 14:29:15 +0800 2022,kk小茱,https://weibo.com//u/7055898333,那个我也不是很懂这个 就是单纯的有疑惑,0,0
4797479940522601.0,4797481952739883,Mon Aug 01 02:31:33 +0800 2022,脑袋不秃法律人,https://weibo.com//u/6439035159,这个法条的订立首先是立足于对被拐妇女儿童的保护，其次才是对收买者的惩罚。因为社会环境和群众观念还未成熟前，推行买拐同罪不仅无法达到立竿见影的效果，还极有可能将犯罪分子逼上绝路，对被拐妇女儿童作出无法预料到的过激行为，甚至危及到他们的生命安全。,0,0
,4797462432710733,Mon Aug 01 01:13:58 +0800 2022,-夜晚的灵魂,https://weibo.com//u/5527509509,买妇女和熊猫那个判的长,0,2
4797462432710733.0,4797662971040328,Mon Aug 01 14:30:51 +0800 2022,kk小茱,https://weibo.com//u/7055898333,熊猫好像是判十年 妇女最高好像才三年,0,0
4797462432710733.0,4797720898573822,Mon Aug 01 18:21:02 +0800 2022,-夜晚的灵魂,https://weibo.com//u/5527509509,回复<a href=/n/kk小茱>@kk小茱</a>:帮我查下，那买成年男的判几年,0,0
