﻿parent_comment_id,comment_id,comment_time,comment_user_name,comment_user_link,comment_content,comment_like_num,child_comment_num
,4797471342200114,Mon Aug 01 01:49:23 +0800 2022,呼求圣洁,https://weibo.com//u/7032401009,"<img alt=""[心]"" title=""[心]"" src=""https://face.t.sinajs.cn/t4/appstyle/expression/ext/normal/8a/2018new_xin_org.png"" /><img alt=""[心]"" title=""[心]"" src=""https://face.t.sinajs.cn/t4/appstyle/expression/ext/normal/8a/2018new_xin_org.png"" /><img alt=""[心]"" title=""[心]"" src=""https://face.t.sinajs.cn/t4/appstyle/expression/ext/normal/8a/2018new_xin_org.png"" />",0,0
,4797469055517887,Mon Aug 01 01:40:18 +0800 2022,呼求圣洁,https://weibo.com//u/7032401009,幺幺切克闹，煎饼果子来一套！,0,0
,4797630939662443,Mon Aug 01 12:23:34 +0800 2022,管不着我叫什么,https://weibo.com//u/5760961589,刑,1,0
,4797580070098513,Mon Aug 01 09:01:26 +0800 2022,政祺吖,https://weibo.com//u/1654173080,"这明明是快兽账号好吗<img alt=""[doge]"" title=""[doge]"" src=""https://face.t.sinajs.cn/t4/appstyle/expression/ext/normal/a1/2018new_doge02_org.png"" />",0,0
