﻿parent_comment_id,comment_id,comment_time,comment_user_name,comment_user_link,comment_content,comment_like_num,child_comment_num
,4797681761261107,Mon Aug 01 15:45:31 +0800 2022,荆门市东宝区人民检察院,https://weibo.com//u/2696964800,欢迎关注,1,0
,4797597082458406,Mon Aug 01 10:09:02 +0800 2022,金色羽翼-,https://weibo.com//u/1973525215,"<img alt=""[话筒]"" title=""[话筒]"" src=""https://face.t.sinajs.cn/t4/appstyle/expression/ext/normal/48/2018new_huatong_org.png"" />",1,0
,4797597070659313,Mon Aug 01 10:08:59 +0800 2022,金色羽翼-,https://weibo.com//u/1973525215,"<img alt=""[握手]"" title=""[握手]"" src=""https://face.t.sinajs.cn/t4/appstyle/expression/ext/normal/e9/2018new_woshou_org.png"" />",1,0
,4797597061745529,Mon Aug 01 10:08:57 +0800 2022,金色羽翼-,https://weibo.com//u/1973525215,关注呀,1,0
,4797597049161316,Mon Aug 01 10:08:54 +0800 2022,金色羽翼-,https://weibo.com//u/1973525215,上午好,1,0
,4797597015085604,Mon Aug 01 10:08:46 +0800 2022,金色羽翼-,https://weibo.com//u/1973525215,<a href=/n/荆门市东宝区人民检察院>@荆门市东宝区人民检察院</a>,1,0
