﻿parent_comment_id,comment_id,comment_time,comment_user_name,comment_user_link,comment_content,comment_like_num,child_comment_num
,4797496330813524,Mon Aug 01 03:28:41 +0800 2022,爱飞的XL,https://weibo.com//u/6452847296,"<img alt=""[哇]"" title=""[哇]"" src=""https://face.t.sinajs.cn/t4/appstyle/expression/ext/normal/3d/2022_wow_org.png"" />",0,0
,4797456665806063,Mon Aug 01 00:51:04 +0800 2022,kkyeol-,https://weibo.com//u/6818222658,"<img alt=""[允悲]"" title=""[允悲]"" src=""https://face.t.sinajs.cn/t4/appstyle/expression/ext/normal/83/2018new_kuxiao_org.png"" /><img alt=""[允悲]"" title=""[允悲]"" src=""https://face.t.sinajs.cn/t4/appstyle/expression/ext/normal/83/2018new_kuxiao_org.png"" /><img alt=""[允悲]"" title=""[允悲]"" src=""https://face.t.sinajs.cn/t4/appstyle/expression/ext/normal/83/2018new_kuxiao_org.png"" />",0,0
,4797456053177301,Mon Aug 01 00:48:38 +0800 2022,眼睛有星星,https://weibo.com//u/6140609837,"麻烦回新的一条<img alt=""[抱一抱]"" title=""[抱一抱]"" src=""https://face.t.sinajs.cn/t4/appstyle/expression/ext/normal/af/2020_hug_org.png"" />",0,0
,4797451594894608,Mon Aug 01 00:30:55 +0800 2022,遨游十八星系,https://weibo.com//u/6426834432,"<img alt=""[哆啦A梦吃惊]"" title=""[哆啦A梦吃惊]"" src=""https://face.t.sinajs.cn/t4/appstyle/expression/ext/normal/f0/dorachijing_org.gif"" />",0,0
,4797450121910377,Mon Aug 01 00:25:04 +0800 2022,半面妆7050,https://weibo.com//u/7725658605,"<img alt=""[开学季]"" title=""[开学季]"" src=""https://face.t.sinajs.cn/t4/appstyle/expression/ext/normal/72/2021_kaixueji_org.png"" />",0,0
