﻿parent_comment_id,comment_id,comment_time,comment_user_name,comment_user_link,comment_content,comment_like_num,child_comment_num
,4797556099648428,Mon Aug 01 07:26:11 +0800 2022,明眸嘟嘟,https://weibo.com//u/7045022329,"真的是什么事都能干出来<img alt=""[二哈]"" title=""[二哈]"" src=""https://face.t.sinajs.cn/t4/appstyle/expression/ext/normal/22/2018new_erha_org.png"" />",2,0
,4797556044858777,Mon Aug 01 07:25:58 +0800 2022,明眸嘟嘟,https://weibo.com//u/7045022329,🙉🙉,2,0
,4797554765596674,Mon Aug 01 07:20:53 +0800 2022,小星星870504,https://weibo.com//u/6980917079,"真无语了<img alt=""[二哈]"" title=""[二哈]"" src=""https://face.t.sinajs.cn/t4/appstyle/expression/ext/normal/22/2018new_erha_org.png"" />",3,0
,4797554695605486,Mon Aug 01 07:20:36 +0800 2022,小星星870504,https://weibo.com//u/6980917079,"<img alt=""[苦涩]"" title=""[苦涩]"" src=""https://face.t.sinajs.cn/t4/appstyle/expression/ext/normal/7e/2021_bitter_org.png"" /><img alt=""[苦涩]"" title=""[苦涩]"" src=""https://face.t.sinajs.cn/t4/appstyle/expression/ext/normal/7e/2021_bitter_org.png"" /><img alt=""[苦涩]"" title=""[苦涩]"" src=""https://face.t.sinajs.cn/t4/appstyle/expression/ext/normal/7e/2021_bitter_org.png"" />",3,0
