﻿parent_comment_id,comment_id,comment_time,comment_user_name,comment_user_link,comment_content,comment_like_num,child_comment_num
,4797952956305282,Tue Aug 02 09:43:09 +0800 2022,嘉荫检察,https://weibo.com//u/5596616064,关注热点，传递正能量!,0,0
,4797683427181178,Mon Aug 01 15:52:07 +0800 2022,绩溪法院,https://weibo.com//u/3186325344,"<img alt=""[话筒]"" title=""[话筒]"" src=""https://face.t.sinajs.cn/t4/appstyle/expression/ext/normal/48/2018new_huatong_org.png"" /><img alt=""[话筒]"" title=""[话筒]"" src=""https://face.t.sinajs.cn/t4/appstyle/expression/ext/normal/48/2018new_huatong_org.png"" />",0,0
,4797597753018569,Mon Aug 01 10:11:42 +0800 2022,大渡口区法院,https://weibo.com//u/3919670933,"<img alt=""[话筒]"" title=""[话筒]"" src=""https://face.t.sinajs.cn/t4/appstyle/expression/ext/normal/48/2018new_huatong_org.png"" /><img alt=""[话筒]"" title=""[话筒]"" src=""https://face.t.sinajs.cn/t4/appstyle/expression/ext/normal/48/2018new_huatong_org.png"" /><img alt=""[话筒]"" title=""[话筒]"" src=""https://face.t.sinajs.cn/t4/appstyle/expression/ext/normal/48/2018new_huatong_org.png"" />",0,0
,4797985399508261,Tue Aug 02 11:52:04 +0800 2022,綦江法院,https://weibo.com//u/3916135466,"<img alt=""[话筒]"" title=""[话筒]"" src=""https://face.t.sinajs.cn/t4/appstyle/expression/ext/normal/48/2018new_huatong_org.png"" /><img alt=""[话筒]"" title=""[话筒]"" src=""https://face.t.sinajs.cn/t4/appstyle/expression/ext/normal/48/2018new_huatong_org.png"" /><img alt=""[话筒]"" title=""[话筒]"" src=""https://face.t.sinajs.cn/t4/appstyle/expression/ext/normal/48/2018new_huatong_org.png"" /><img alt=""[话筒]"" title=""[话筒]"" src=""https://face.t.sinajs.cn/t4/appstyle/expression/ext/normal/48/2018new_huatong_org.png"" />",0,0
,4797982001860014,Tue Aug 02 11:38:34 +0800 2022,重庆两江自贸法院,https://weibo.com//u/7181215996,"<img alt=""[话筒]"" title=""[话筒]"" src=""https://face.t.sinajs.cn/t4/appstyle/expression/ext/normal/48/2018new_huatong_org.png"" />",0,0
,4797977396517242,Tue Aug 02 11:20:16 +0800 2022,开州法院,https://weibo.com//u/3940583453,"<img alt=""[话筒]"" title=""[话筒]"" src=""https://face.t.sinajs.cn/t4/appstyle/expression/ext/normal/48/2018new_huatong_org.png"" />",0,0
,4797964469932694,Tue Aug 02 10:28:54 +0800 2022,菏泽中院,https://weibo.com//u/2156372723,"关注<img alt=""[话筒]"" title=""[话筒]"" src=""https://face.t.sinajs.cn/t4/appstyle/expression/ext/normal/48/2018new_huatong_org.png"" /><img alt=""[话筒]"" title=""[话筒]"" src=""https://face.t.sinajs.cn/t4/appstyle/expression/ext/normal/48/2018new_huatong_org.png"" />",0,0
,4797953149241076,Tue Aug 02 09:43:55 +0800 2022,武汉城郊检察,https://weibo.com//u/3931109898,"关注<img alt=""[太阳]"" title=""[太阳]"" src=""https://face.t.sinajs.cn/t4/appstyle/expression/ext/normal/cd/2018new_taiyang_org.png"" />",0,0
,4797771029152271,Mon Aug 01 21:40:13 +0800 2022,平安绵阳,https://weibo.com//u/1900412195,"<img alt=""[话筒]"" title=""[话筒]"" src=""https://face.t.sinajs.cn/t4/appstyle/expression/ext/normal/48/2018new_huatong_org.png"" />",0,0
,4797748983892399,Mon Aug 01 20:12:38 +0800 2022,双流发布,https://weibo.com//u/1909250714,和<a href=/n/双流发布>@双流发布</a> 共同关注,0,0
,4797710030604818,Mon Aug 01 17:37:51 +0800 2022,菏泽市人民检察院,https://weibo.com//u/5455970373,"关注<img alt=""[话筒]"" title=""[话筒]"" src=""https://face.t.sinajs.cn/t4/appstyle/expression/ext/normal/48/2018new_huatong_org.png"" />关注<img alt=""[话筒]"" title=""[话筒]"" src=""https://face.t.sinajs.cn/t4/appstyle/expression/ext/normal/48/2018new_huatong_org.png"" />",0,0
,4797684776964459,Mon Aug 01 15:57:30 +0800 2022,绥阳检察院,https://weibo.com//u/6159318611,"<img alt=""[话筒]"" title=""[话筒]"" src=""https://face.t.sinajs.cn/t4/appstyle/expression/ext/normal/48/2018new_huatong_org.png"" /><img alt=""[话筒]"" title=""[话筒]"" src=""https://face.t.sinajs.cn/t4/appstyle/expression/ext/normal/48/2018new_huatong_org.png"" />",0,0
,4797682809834551,Mon Aug 01 15:49:41 +0800 2022,济南市中检察,https://weibo.com//u/5486700955,关注,0,0
,4797681911727539,Mon Aug 01 15:46:07 +0800 2022,游仙公安,https://weibo.com//u/1920901005,"<img alt=""[话筒]"" title=""[话筒]"" src=""https://face.t.sinajs.cn/t4/appstyle/expression/ext/normal/48/2018new_huatong_org.png"" /><img alt=""[话筒]"" title=""[话筒]"" src=""https://face.t.sinajs.cn/t4/appstyle/expression/ext/normal/48/2018new_huatong_org.png"" /><img alt=""[话筒]"" title=""[话筒]"" src=""https://face.t.sinajs.cn/t4/appstyle/expression/ext/normal/48/2018new_huatong_org.png"" />",0,0
,4797666468823668,Mon Aug 01 14:44:44 +0800 2022,单县人民检察院,https://weibo.com//u/5323597140,关注热点信息，传递法治资讯,0,0
,4797622319056841,Mon Aug 01 11:49:19 +0800 2022,綦江法院,https://weibo.com//u/3916135466,"<img alt=""[话筒]"" title=""[话筒]"" src=""https://face.t.sinajs.cn/t4/appstyle/expression/ext/normal/48/2018new_huatong_org.png"" /><img alt=""[话筒]"" title=""[话筒]"" src=""https://face.t.sinajs.cn/t4/appstyle/expression/ext/normal/48/2018new_huatong_org.png"" /><img alt=""[话筒]"" title=""[话筒]"" src=""https://face.t.sinajs.cn/t4/appstyle/expression/ext/normal/48/2018new_huatong_org.png"" />",0,0
,4797615193719396,Mon Aug 01 11:20:59 +0800 2022,重庆江津法院,https://weibo.com//u/3918556037,关注,0,0
,4797613142704366,Mon Aug 01 11:12:50 +0800 2022,江北检察,https://weibo.com//u/2972503342,"关注<img alt=""[话筒]"" title=""[话筒]"" src=""https://face.t.sinajs.cn/t4/appstyle/expression/ext/normal/48/2018new_huatong_org.png"" /><img alt=""[话筒]"" title=""[话筒]"" src=""https://face.t.sinajs.cn/t4/appstyle/expression/ext/normal/48/2018new_huatong_org.png"" />",0,0
,4797612156261656,Mon Aug 01 11:08:56 +0800 2022,重庆两江自贸法院,https://weibo.com//u/7181215996,"<img alt=""[话筒]"" title=""[话筒]"" src=""https://face.t.sinajs.cn/t4/appstyle/expression/ext/normal/48/2018new_huatong_org.png"" />",0,0
,4797603839219154,Mon Aug 01 10:35:53 +0800 2022,槐荫检察,https://weibo.com//u/5541405531,关注热点信息<a href=/n/槐荫检察>@槐荫检察</a>,0,0
,4797597677521731,Mon Aug 01 10:11:24 +0800 2022,菏泽中院,https://weibo.com//u/2156372723,"关注<img alt=""[话筒]"" title=""[话筒]"" src=""https://face.t.sinajs.cn/t4/appstyle/expression/ext/normal/48/2018new_huatong_org.png"" /><img alt=""[话筒]"" title=""[话筒]"" src=""https://face.t.sinajs.cn/t4/appstyle/expression/ext/normal/48/2018new_huatong_org.png"" />",0,0
