﻿parent_comment_id,comment_id,comment_time,comment_user_name,comment_user_link,comment_content,comment_like_num,child_comment_num
,4797564387328598,Mon Aug 01 07:59:06 +0800 2022,lonely的色彩,https://weibo.com//u/2135033793,背后的团队没人挖？,1,0
,4798019621094558,Tue Aug 02 14:08:02 +0800 2022,尔非蝶efd,https://weibo.com//u/1219445991,牠是谁？,0,0
,4797587548543478,Mon Aug 01 09:31:09 +0800 2022,安酱不是羊羊羊,https://weibo.com//u/3777757541,"恶鬼<img alt=""[衰]"" title=""[衰]"" src=""https://face.t.sinajs.cn/t4/appstyle/expression/ext/normal/a2/2018new_shuai_org.png"" />",0,0
,4797587046270963,Mon Aug 01 09:29:09 +0800 2022,真的砖家,https://weibo.com//u/5639596372,网上鸡鸭,0,0
