﻿parent_comment_id,comment_id,comment_time,comment_user_name,comment_user_link,comment_content,comment_like_num,child_comment_num
,4797546356539632,Mon Aug 01 06:47:27 +0800 2022,微美食德州,https://weibo.com//u/2707844392,"大道理人人都懂 小情绪难以自控<img alt=""[思考]"" title=""[思考]"" src=""https://face.t.sinajs.cn/t4/appstyle/expression/ext/normal/30/2018new_sikao_org.png"" />",0,0
,4797546302801989,Mon Aug 01 06:47:15 +0800 2022,天源时尚,https://weibo.com//u/3158710915,"平安喜乐，万事胜意。<img alt=""[笑而不语]"" title=""[笑而不语]"" src=""https://face.t.sinajs.cn/t4/appstyle/expression/ext/normal/2d/2018new_xiaoerbuyu_org.png"" />",0,0
,4797546277373352,Mon Aug 01 06:47:09 +0800 2022,朝娱,https://weibo.com//u/3939456271,"吾双九又一而志于学。<img alt=""[舔屏]"" title=""[舔屏]"" src=""https://face.t.sinajs.cn/t4/appstyle/expression/ext/normal/3e/2018new_tianping_org.png"" />",0,0
,4797546251420287,Mon Aug 01 06:47:03 +0800 2022,视觉小伙伴,https://weibo.com//u/2880312281,"世不遇你，生无可喜<img alt=""[右哼哼]"" title=""[右哼哼]"" src=""https://face.t.sinajs.cn/t4/appstyle/expression/ext/normal/c1/2018new_youhengheng_org.png"" />",0,0
,4797546171728592,Mon Aug 01 06:46:44 +0800 2022,百娱汇,https://weibo.com//u/3428100010,"抱歉 月亮今天忙着营业，所以中秋快乐我来对你说。<img alt=""[爱你]"" title=""[爱你]"" src=""https://face.t.sinajs.cn/t4/appstyle/expression/ext/normal/f6/2018new_aini_org.png"" />",0,0
,4797546159931954,Mon Aug 01 06:46:41 +0800 2022,榜谈,https://weibo.com//u/3712929233,"余生很长，有你足以<img alt=""[太开心]"" title=""[太开心]"" src=""https://face.t.sinajs.cn/t4/appstyle/expression/ext/normal/1e/2018new_taikaixin_org.png"" />",0,0
,4797546133717197,Mon Aug 01 06:46:34 +0800 2022,热侃,https://weibo.com//u/5229228597,春风秋叶轮转，山南水北走遍，你一眼万物不见，你一笑心跳骤变。[金牌],0,0
,4797546104620314,Mon Aug 01 06:46:28 +0800 2022,搜娱圈,https://weibo.com//u/2782931251,"不染尘埃的清澈，世间少有的温柔。<img alt=""[雪花]"" title=""[雪花]"" src=""https://face.t.sinajs.cn/t4/appstyle/expression/ext/normal/13/yunying2020_snowflakes_org.png"" />",0,0
,4797546092299490,Mon Aug 01 06:46:25 +0800 2022,搜罗圈,https://weibo.com//u/5261788457,"上了生活的贼船，就要做一个快乐的海盗<img alt=""[悲伤]"" title=""[悲伤]"" src=""https://face.t.sinajs.cn/t4/appstyle/expression/ext/normal/ee/2018new_beishang_org.png"" />",0,0
,4797546067133034,Mon Aug 01 06:46:19 +0800 2022,秘谈,https://weibo.com//u/5942328508,"想你的眉目，想到模糊。<img alt=""[哈哈]"" title=""[哈哈]"" src=""https://face.t.sinajs.cn/t4/appstyle/expression/ext/normal/8f/2018new_haha_org.png"" />",0,0
,4797546054025828,Mon Aug 01 06:46:15 +0800 2022,疯转网,https://weibo.com//u/5243672728,你不会一直喜欢我的 你会嫌我烦 会觉得我敏感多疑 莫名其妙没安全感 小事情小细节就觉得我在无理取闹[暴发虎],0,0
,4797546330849697,Mon Aug 01 06:47:21 +0800 2022,德州同城会,https://weibo.com//u/2024260507,"一生绵长无他。<img alt=""[汤姆]"" title=""[汤姆]"" src=""https://face.t.sinajs.cn/t4/appstyle/expression/ext/normal/31/2021_tom_org.png"" />",0,0
