﻿parent_comment_id,comment_id,comment_time,comment_user_name,comment_user_link,comment_content,comment_like_num,child_comment_num
,4797581416991166,Mon Aug 01 09:06:47 +0800 2022,Vinono0,https://weibo.com//u/2072762921,看科普博主说按照新法规如果一开始说不知道道歉不会很严重，但是她的团队一开始说造谣诬赖就[允悲],4,0
,4797565780885942,Mon Aug 01 08:04:38 +0800 2022,迢星皎月,https://weibo.com//u/7732729415,好讨厌吃这些东西的 而且吃的画面还很可怕,3,0
,4797567281662245,Mon Aug 01 08:10:37 +0800 2022,山崩地裂可爱猪,https://weibo.com//u/5556527514,不仅仅是这个博主 背后的产业链也应该好好查查，相信警方,37,0
,4797564882520825,Mon Aug 01 08:01:05 +0800 2022,克己守予,https://weibo.com//u/2727334280,五年起步,4,0
,4797564492450354,Mon Aug 01 07:59:32 +0800 2022,白船夜航,https://weibo.com//u/6159019149,上次吃娃娃鱼的是不是她,6,1
4797564492450354.0,4797588924534636,Mon Aug 01 09:36:37 +0800 2022,奶油永远是我宝贝乖乖,https://weibo.com//u/5643932847,娃娃鱼可以吃啊，人工养殖的菜市场都能买到,1,0
,4797564422195366,Mon Aug 01 07:59:15 +0800 2022,周也的夏天,https://weibo.com//u/7597008390,这女的早就该被抓了，天天吃一些稀奇古怪的东西。,18,0
