﻿parent_comment_id,comment_id,comment_time,comment_user_name,comment_user_link,comment_content,comment_like_num,child_comment_num
,4797450303308149,Mon Aug 01 00:25:46 +0800 2022,爱超超的小十二,https://weibo.com//u/7495451141,捞捞,4,1
4797450303308149.0,4797450956836710,Mon Aug 01 00:28:23 +0800 2022,嘉伦会发光RJL,https://weibo.com//u/7199845113,"<img alt=""[交税]"" title=""[交税]"" src=""https://face.t.sinajs.cn/t4/appstyle/expression/ext/normal/8e/2022_jiaoshui_org.png"" /><img alt=""[交税]"" title=""[交税]"" src=""https://face.t.sinajs.cn/t4/appstyle/expression/ext/normal/8e/2022_jiaoshui_org.png"" />",3,0
,4797450063708347,Mon Aug 01 00:24:49 +0800 2022,汐颜is嘉人吖,https://weibo.com//u/7456696852,"<img alt=""[吃瓜]"" title=""[吃瓜]"" src=""https://face.t.sinajs.cn/t4/appstyle/expression/ext/normal/01/2018new_chigua_org.png"" /><img alt=""[吃瓜]"" title=""[吃瓜]"" src=""https://face.t.sinajs.cn/t4/appstyle/expression/ext/normal/01/2018new_chigua_org.png"" /><img alt=""[吃瓜]"" title=""[吃瓜]"" src=""https://face.t.sinajs.cn/t4/appstyle/expression/ext/normal/01/2018new_chigua_org.png"" />",5,1
4797450063708347.0,4797450180630650,Mon Aug 01 00:25:18 +0800 2022,嘉伦会发光RJL,https://weibo.com//u/7199845113,"<img alt=""[抱一抱]"" title=""[抱一抱]"" src=""https://face.t.sinajs.cn/t4/appstyle/expression/ext/normal/af/2020_hug_org.png"" /><img alt=""[抱一抱]"" title=""[抱一抱]"" src=""https://face.t.sinajs.cn/t4/appstyle/expression/ext/normal/af/2020_hug_org.png"" />",3,0
,4797449451344409,Mon Aug 01 00:22:24 +0800 2022,任嘉伦周生如故周生辰,https://weibo.com//u/6469919438,捞,4,1
4797449451344409.0,4797450197664242,Mon Aug 01 00:25:21 +0800 2022,嘉伦会发光RJL,https://weibo.com//u/7199845113,"<img alt=""[鲜花]"" title=""[鲜花]"" src=""https://face.t.sinajs.cn/t4/appstyle/expression/ext/normal/d4/2018new_xianhua_org.png"" />",4,0
,4797448491369856,Mon Aug 01 00:18:35 +0800 2022,喜欢藏在月亮里,https://weibo.com//u/7563589709,我看见那个图我要吐了真的,4,3
4797448491369856.0,4797448650230600,Mon Aug 01 00:19:13 +0800 2022,嘉伦会发光RJL,https://weibo.com//u/7199845113,为了红真的没底线了,4,0
4797448491369856.0,4797450315633613,Mon Aug 01 00:25:50 +0800 2022,嘉伦会发光RJL,https://weibo.com//u/7199845113,"回复<a href=/n/喜欢藏在月亮里>@喜欢藏在月亮里</a>:<img alt=""[允悲]"" title=""[允悲]"" src=""https://face.t.sinajs.cn/t4/appstyle/expression/ext/normal/83/2018new_kuxiao_org.png"" />么想了，越想越睡不着",3,0
4797448491369856.0,4797449694347874,Mon Aug 01 00:23:21 +0800 2022,喜欢藏在月亮里,https://weibo.com//u/7563589709,"回复<a href=/n/嘉伦会发光RJL>@嘉伦会发光RJL</a>:不行了我本来要睡觉的<img alt=""[微笑]"" title=""[微笑]"" src=""https://face.t.sinajs.cn/t4/appstyle/expression/ext/normal/e3/2018new_weixioa02_org.png"" />结果一下子给我恶心的",3,0
,4797447496538734,Mon Aug 01 00:14:38 +0800 2022,胡欣欣·,https://weibo.com//u/7710208388,这种人希望严惩！,4,1
4797447496538734.0,4797447933004678,Mon Aug 01 00:16:22 +0800 2022,嘉伦会发光RJL,https://weibo.com//u/7199845113,就是。么出来了,3,0
,4797447429426192,Mon Aug 01 00:14:22 +0800 2022,·星辰島·,https://weibo.com//u/7650981833,"<img alt=""[哆啦A梦害怕]"" title=""[哆啦A梦害怕]"" src=""https://face.t.sinajs.cn/t4/appstyle/expression/ext/normal/c7/dorahaipa_org.gif"" /><img alt=""[哆啦A梦害怕]"" title=""[哆啦A梦害怕]"" src=""https://face.t.sinajs.cn/t4/appstyle/expression/ext/normal/c7/dorahaipa_org.gif"" />",6,1
4797447429426192.0,4797447908623497,Mon Aug 01 00:16:16 +0800 2022,嘉伦会发光RJL,https://weibo.com//u/7199845113,"<img alt=""[抱一抱]"" title=""[抱一抱]"" src=""https://face.t.sinajs.cn/t4/appstyle/expression/ext/normal/af/2020_hug_org.png"" /><img alt=""[抱一抱]"" title=""[抱一抱]"" src=""https://face.t.sinajs.cn/t4/appstyle/expression/ext/normal/af/2020_hug_org.png"" /><img alt=""[抱一抱]"" title=""[抱一抱]"" src=""https://face.t.sinajs.cn/t4/appstyle/expression/ext/normal/af/2020_hug_org.png"" />",4,0
,4797446959663041,Mon Aug 01 00:12:29 +0800 2022,叶可爱·,https://weibo.com//u/5159240533,捞捞,6,1
4797446959663041.0,4797447274497502,Mon Aug 01 00:13:45 +0800 2022,嘉伦会发光RJL,https://weibo.com//u/7199845113,"<img alt=""[抱一抱]"" title=""[抱一抱]"" src=""https://face.t.sinajs.cn/t4/appstyle/expression/ext/normal/af/2020_hug_org.png"" /><img alt=""[抱一抱]"" title=""[抱一抱]"" src=""https://face.t.sinajs.cn/t4/appstyle/expression/ext/normal/af/2020_hug_org.png"" />",4,0
,4797446893604951,Mon Aug 01 00:12:14 +0800 2022,坠星湾_果果,https://weibo.com//u/5263503758,无语,6,1
,4797446410997865,Mon Aug 01 00:10:19 +0800 2022,见国超当然要跑着去,https://weibo.com//u/6434440306,为了红没底线了,4,1
4797446410997865.0,4797446905659608,Mon Aug 01 00:12:16 +0800 2022,嘉伦会发光RJL,https://weibo.com//u/7199845113,就是,4,0
