﻿parent_comment_id,comment_id,comment_time,comment_user_name,comment_user_link,comment_content,comment_like_num,child_comment_num
,4797452618305435,Mon Aug 01 00:34:59 +0800 2022,周生辰嘉的小十二,https://weibo.com//u/7750044350,"<img alt=""[喵喵]"" title=""[喵喵]"" src=""https://face.t.sinajs.cn/t4/appstyle/expression/ext/normal/7b/2018new_miaomiao_org.png"" />",2,0
,4797451398022606,Mon Aug 01 00:30:08 +0800 2022,吃个任嘉伦,https://weibo.com//u/7397613231,"<img alt=""[喵喵]"" title=""[喵喵]"" src=""https://face.t.sinajs.cn/t4/appstyle/expression/ext/normal/7b/2018new_miaomiao_org.png"" />",9,0
,4797451732519067,Mon Aug 01 00:31:28 +0800 2022,叶可爱·,https://weibo.com//u/5159240533,捞捞,0,0
,4797451259084963,Mon Aug 01 00:29:34 +0800 2022,爱超超的小十二,https://weibo.com//u/7495451141,"<img alt=""[二哈]"" title=""[二哈]"" src=""https://face.t.sinajs.cn/t4/appstyle/expression/ext/normal/22/2018new_erha_org.png"" />",10,0
