﻿parent_comment_id,comment_id,comment_time,comment_user_name,comment_user_link,comment_content,comment_like_num,child_comment_num
,4798041825477878,Tue Aug 02 15:36:17 +0800 2022,王一凡哟,https://weibo.com//u/6166802912,回复<a href=/n/小鲸鱼Qearl>@小鲸鱼Qearl</a> 的表态:吃鸵鸟，还有吃娃娃鱼，这个女的是怎么做出来的呀？怎么吃得下去啊？,4,1
4798041825477878.0,4798061791151474,Tue Aug 02 16:55:36 +0800 2022,小鲸鱼Qearl,https://weibo.com//u/3733362734,可能就是脑子不太正常吧,0,0
,4798075790693191,Tue Aug 02 17:51:15 +0800 2022,旅行摄影看世界,https://weibo.com//u/5794058382,"像鬼一样<img alt=""[费解]"" title=""[费解]"" src=""https://face.t.sinajs.cn/t4/appstyle/expression/ext/normal/2a/2018new_wenhao_org.png"" />",4,0
,4797775538033167,Mon Aug 01 21:58:09 +0800 2022,橙一点,https://weibo.com//u/2956493477,<a href=/n/Blade孤芳不自赏>@Blade孤芳不自赏</a> 她为啥一直要吼着说话,4,0
,4797757859302414,Mon Aug 01 20:47:54 +0800 2022,小嘟加油,https://weibo.com//u/7278131113,好恶心,4,0
,4798526279649158,Wed Aug 03 23:41:20 +0800 2022,香蕉咘娜娜吖,https://weibo.com//u/5711473402,像饕餮！,0,0
,4798134532968340,Tue Aug 02 21:44:39 +0800 2022,皮皮虹酱,https://weibo.com//u/2832172384,"好像鬼<img alt=""[衰]"" title=""[衰]"" src=""https://face.t.sinajs.cn/t4/appstyle/expression/ext/normal/a2/2018new_shuai_org.png"" />",0,0
,4797993208778765,Tue Aug 02 12:23:06 +0800 2022,小施姐姐192O,https://weibo.com//u/6635986071,"<img alt=""[喵喵]"" title=""[喵喵]"" src=""https://face.t.sinajs.cn/t4/appstyle/expression/ext/normal/7b/2018new_miaomiao_org.png"" /><img alt=""[喵喵]"" title=""[喵喵]"" src=""https://face.t.sinajs.cn/t4/appstyle/expression/ext/normal/7b/2018new_miaomiao_org.png"" /><img alt=""[喵喵]"" title=""[喵喵]"" src=""https://face.t.sinajs.cn/t4/appstyle/expression/ext/normal/7b/2018new_miaomiao_org.png"" />’ 吃过最香的鱼🐠？？？不能比牢饭更好吃？？？？？？<img alt=""[doge]"" title=""[doge]"" src=""https://face.t.sinajs.cn/t4/appstyle/expression/ext/normal/a1/2018new_doge02_org.png"" /><img alt=""[doge]"" title=""[doge]"" src=""https://face.t.sinajs.cn/t4/appstyle/expression/ext/normal/a1/2018new_doge02_org.png"" />",0,0
,4798713849446728,Thu Aug 04 12:06:39 +0800 2022,换个名字吧hhh,https://weibo.com//u/3241988374,"好像有那个大病 网络真的不整治这种不良风气么<img alt=""[怒]"" title=""[怒]"" src=""https://face.t.sinajs.cn/t4/appstyle/expression/ext/normal/f6/2018new_nu_org.png"" />",0,0
,4798090504311931,Tue Aug 02 18:49:43 +0800 2022,只一眼便是心动,https://weibo.com//u/5758498563,吐了,3,0
,4798089652606388,Tue Aug 02 18:46:20 +0800 2022,_countingstars_,https://weibo.com//u/1725311444,<a href=/n/从不正常交流>@从不正常交流</a>,0,0
,4798002768381131,Tue Aug 02 13:01:04 +0800 2022,小君子爱发呆,https://weibo.com//u/1686165264,封杀了。给这年轻人一个教训,6,0
,4797985281804375,Tue Aug 02 11:51:36 +0800 2022,仙人掌肉肉喆,https://weibo.com//u/3120313062,真不明白这种人怎么会有人喜欢有人关注。,10,0
,4797808265138537,Tue Aug 02 00:08:12 +0800 2022,王一凡哟,https://weibo.com//u/6166802912,我靠，看到他吃鲨鱼就很恶心,11,0
,4797749658390036,Mon Aug 01 20:15:19 +0800 2022,香蕉咘娜娜吖,https://weibo.com//u/5711473402,“丧尸啃肉”这个词太形象了！！！,25,0
,4797715344524241,Mon Aug 01 17:58:58 +0800 2022,春浔Cgetier,https://weibo.com//u/7684736330,"啃鲨鱼肉的时候感觉好恐怖<img alt=""[衰]"" title=""[衰]"" src=""https://face.t.sinajs.cn/t4/appstyle/expression/ext/normal/a2/2018new_shuai_org.png"" />",1,0
,4797707519263549,Mon Aug 01 17:27:51 +0800 2022,紫月九冬,https://weibo.com//u/5993248862,<a href=/n/Emeti>@Emeti</a>,1,0
,4797677479395505,Mon Aug 01 15:28:29 +0800 2022,WiTch925,https://weibo.com//u/2411212071,哗众取丑,16,0
,4797674124216611,Mon Aug 01 15:15:10 +0800 2022,江齐子,https://weibo.com//u/7747854607,我好像看到丧尸在啃人肉……,13,1
4797674124216611.0,4797708353145105,Mon Aug 01 17:31:11 +0800 2022,何老师看电影,https://weibo.com//u/2533150493,"<img alt=""[偷乐]"" title=""[偷乐]"" src=""https://face.t.sinajs.cn/t4/appstyle/expression/ext/normal/fa/lxhtouxiao_thumb.gif"" />",0,0
,4797668712776679,Mon Aug 01 14:53:39 +0800 2022,最爱榴莲QAQ,https://weibo.com//u/5647512031,看着蛮好吃的，哪里有卖鲨鱼的,2,15
4797668712776679.0,4798074884724970,Tue Aug 02 17:47:39 +0800 2022,何老师看电影,https://weibo.com//u/2533150493,"<img alt=""[允悲]"" title=""[允悲]"" src=""https://face.t.sinajs.cn/t4/appstyle/expression/ext/normal/83/2018new_kuxiao_org.png"" />",0,0
4797668712776679.0,4797948007284798,Tue Aug 02 09:23:28 +0800 2022,余珺大哥,https://weibo.com//u/5722819458,真行呀，沿海地区也许有。不过你可得五年牢狱,10,0
4797668712776679.0,4798418583819619,Wed Aug 03 16:33:23 +0800 2022,五官好难,https://weibo.com//u/6006367656,"？二臂吧<img alt=""[汗]"" title=""[汗]"" src=""https://face.t.sinajs.cn/t4/appstyle/expression/ext/normal/28/2018new_han_org.png"" />我看刑。。",1,0
4797668712776679.0,4798051888401290,Tue Aug 02 16:16:15 +0800 2022,最爱榴莲QAQ,https://weibo.com//u/5647512031,回复<a href=/n/沉暮云雨>@沉暮云雨</a>:我很害怕,0,0
4797668712776679.0,4798050839564352,Tue Aug 02 16:12:06 +0800 2022,最爱榴莲QAQ,https://weibo.com//u/5647512031,回复<a href=/n/哆啦A梦小丸子202007>@哆啦A梦小丸子202007</a>:是啊是啊，没有我这样的人，怎么体现你这样的人,0,0
4797668712776679.0,4798044971472232,Tue Aug 02 15:48:47 +0800 2022,沉暮云雨,https://weibo.com//u/5482300763,"回复<a href=/n/最爱榴莲QAQ>@最爱榴莲QAQ</a>:6，举报了哈，让大家都知道知道<img alt=""[心]"" title=""[心]"" src=""https://face.t.sinajs.cn/t4/appstyle/expression/ext/normal/8a/2018new_xin_org.png"" /><img alt=""[笑哈哈]"" title=""[笑哈哈]"" src=""https://face.t.sinajs.cn/t4/appstyle/expression/ext/normal/32/lxhwahaha_org.gif"" />",0,0
4797668712776679.0,4798043847919705,Tue Aug 02 15:44:18 +0800 2022,心属饭饭,https://weibo.com//u/7484422770,回复<a href=/n/最爱榴莲QAQ>@最爱榴莲QAQ</a>:都21世纪了，还有这样的人,0,0
4797668712776679.0,4798043419053070,Tue Aug 02 15:42:37 +0800 2022,心属饭饭,https://weibo.com//u/7484422770,回复<a href=/n/最爱榴莲QAQ>@最爱榴莲QAQ</a>:都21世纪了，还有这样的人,0,0
4797668712776679.0,4797961063897479,Tue Aug 02 10:15:22 +0800 2022,最爱榴莲QAQ,https://weibo.com//u/5647512031,"回复<a href=/n/余珺大哥>@余珺大哥</a>:我不是网红，自己偷偷吃有几个人能知道<img alt=""[挖鼻]"" title=""[挖鼻]"" src=""https://face.t.sinajs.cn/t4/appstyle/expression/ext/normal/9a/2018new_wabi_thumb.png"" />",0,0
4797668712776679.0,4797712475884052,Mon Aug 01 17:47:34 +0800 2022,迪迦峮·,https://weibo.com//u/7532349999,你真刑,4,0
4797668712776679.0,4797673943602819,Mon Aug 01 15:14:27 +0800 2022,江齐子,https://weibo.com//u/7747854607,？？？,0,0
,4797652032295114,Mon Aug 01 13:47:23 +0800 2022,成就就亲妈,https://weibo.com//u/5765570555,"<img alt=""[裂开]"" title=""[裂开]"" src=""https://face.t.sinajs.cn/t4/appstyle/expression/ext/normal/1b/202011_liekai_org.png"" />演得也是很尴尬",15,0
,4797651696486309,Mon Aug 01 13:46:02 +0800 2022,西北盖片,https://weibo.com//u/5190076569,鲨鱼不是靠皮肤排尿的嘛 怎么可能好吃,45,0
,4797644381361365,Mon Aug 01 13:16:59 +0800 2022,mhxc315,https://weibo.com//u/1612100633,多判几年,28,1
,4797641152793254,Mon Aug 01 13:04:09 +0800 2022,對不起祝你快樂,https://weibo.com//u/5780680892,恶心,13,0
,4797616346368649,Mon Aug 01 11:25:34 +0800 2022,最深的孤独17,https://weibo.com//u/1671678022,酒肉穿肠过流量号上留,2,0
,4797614446870982,Mon Aug 01 11:18:01 +0800 2022,安喜丶,https://weibo.com//u/5708084791,"真是坑了其他人了，一起吃<img alt=""[doge]"" title=""[doge]"" src=""https://face.t.sinajs.cn/t4/appstyle/expression/ext/normal/a1/2018new_doge02_org.png"" />",1,0
,4797582847511179,Mon Aug 01 09:12:28 +0800 2022,寒寒一直爱凯凯,https://weibo.com//u/7507280867,真的是无语了,15,0
,4797582729025458,Mon Aug 01 09:12:00 +0800 2022,拜她所赐啊,https://weibo.com//u/6619066763,"吃的真好<img alt=""[doge]"" title=""[doge]"" src=""https://face.t.sinajs.cn/t4/appstyle/expression/ext/normal/a1/2018new_doge02_org.png"" />",4,0
,4797580661755981,Mon Aug 01 09:03:47 +0800 2022,我未来男友是你的粉丝,https://weibo.com//u/7730249590,"确实如此<img alt=""[汗]"" title=""[汗]"" src=""https://face.t.sinajs.cn/t4/appstyle/expression/ext/normal/28/2018new_han_org.png"" />",3,0
