﻿parent_comment_id,comment_id,comment_time,comment_user_name,comment_user_link,comment_content,comment_like_num,child_comment_num
,4797672731182917,Mon Aug 01 15:09:38 +0800 2022,内江高新公安,https://weibo.com//u/6568416443,"<img alt=""[话筒]"" title=""[话筒]"" src=""https://face.t.sinajs.cn/t4/appstyle/expression/ext/normal/48/2018new_huatong_org.png"" /><img alt=""[话筒]"" title=""[话筒]"" src=""https://face.t.sinajs.cn/t4/appstyle/expression/ext/normal/48/2018new_huatong_org.png"" /><img alt=""[话筒]"" title=""[话筒]"" src=""https://face.t.sinajs.cn/t4/appstyle/expression/ext/normal/48/2018new_huatong_org.png"" />",0,0
,4797604137536476,Mon Aug 01 10:37:04 +0800 2022,看成都,https://weibo.com//u/7216381483,"<img alt=""[话筒]"" title=""[话筒]"" src=""https://face.t.sinajs.cn/t4/appstyle/expression/ext/normal/48/2018new_huatong_org.png"" /><img alt=""[话筒]"" title=""[话筒]"" src=""https://face.t.sinajs.cn/t4/appstyle/expression/ext/normal/48/2018new_huatong_org.png"" /><a href=/n/看成都>@看成都</a>",0,0
,4797596961344614,Mon Aug 01 10:08:33 +0800 2022,平安苍溪,https://weibo.com//u/1967993381,"<img alt=""[话筒]"" title=""[话筒]"" src=""https://face.t.sinajs.cn/t4/appstyle/expression/ext/normal/48/2018new_huatong_org.png"" />",0,0
,4797592376443974,Mon Aug 01 09:50:20 +0800 2022,江北检察,https://weibo.com//u/2972503342,"关注<img alt=""[话筒]"" title=""[话筒]"" src=""https://face.t.sinajs.cn/t4/appstyle/expression/ext/normal/48/2018new_huatong_org.png"" /><img alt=""[话筒]"" title=""[话筒]"" src=""https://face.t.sinajs.cn/t4/appstyle/expression/ext/normal/48/2018new_huatong_org.png"" />",0,0
,4797588799491449,Mon Aug 01 09:36:07 +0800 2022,汉南检察,https://weibo.com//u/2709638094,"<img alt=""[话筒]"" title=""[话筒]"" src=""https://face.t.sinajs.cn/t4/appstyle/expression/ext/normal/48/2018new_huatong_org.png"" /><img alt=""[话筒]"" title=""[话筒]"" src=""https://face.t.sinajs.cn/t4/appstyle/expression/ext/normal/48/2018new_huatong_org.png"" /><img alt=""[话筒]"" title=""[话筒]"" src=""https://face.t.sinajs.cn/t4/appstyle/expression/ext/normal/48/2018new_huatong_org.png"" />",0,0
,4797584193094149,Mon Aug 01 09:17:48 +0800 2022,华阴检察,https://weibo.com//u/5345420764,网红博主“提子”拍摄水煮鲨鱼和烧烤鲨鱼的视频引发关注。 7月31日，记者获悉，南充警方认定网红用濒危大白鲨做美食。销售、购买、食用国家二级保护动物需要承担什么责任？,0,0
,4797584101346153,Mon Aug 01 09:17:27 +0800 2022,连云港市海州区法院,https://weibo.com//u/3897718076,"<img alt=""[话筒]"" title=""[话筒]"" src=""https://face.t.sinajs.cn/t4/appstyle/expression/ext/normal/48/2018new_huatong_org.png"" /><img alt=""[话筒]"" title=""[话筒]"" src=""https://face.t.sinajs.cn/t4/appstyle/expression/ext/normal/48/2018new_huatong_org.png"" />",0,0
,4797577289533297,Mon Aug 01 08:50:23 +0800 2022,萧山检察,https://weibo.com//u/3658029810,关注!,0,0
,4797558705360043,Mon Aug 01 07:36:32 +0800 2022,合肥检察,https://weibo.com//u/3425523364,"<img alt=""[话筒]"" title=""[话筒]"" src=""https://face.t.sinajs.cn/t4/appstyle/expression/ext/normal/48/2018new_huatong_org.png"" /><img alt=""[话筒]"" title=""[话筒]"" src=""https://face.t.sinajs.cn/t4/appstyle/expression/ext/normal/48/2018new_huatong_org.png"" />",0,0
