﻿parent_comment_id,comment_id,comment_time,comment_user_name,comment_user_link,comment_content,comment_like_num,child_comment_num
,4797598742872083,Mon Aug 01 10:15:37 +0800 2022,买醉秀才,https://weibo.com//u/7557996598,"是红色有手脚的的吗，那个是娃娃鱼，又名中国大鲵，她吃的是变异个体<img alt=""[doge]"" title=""[doge]"" src=""https://face.t.sinajs.cn/t4/appstyle/expression/ext/normal/a1/2018new_doge02_org.png"" />",0,8
4797598742872083.0,4797603503409346,Mon Aug 01 10:34:33 +0800 2022,一口就吃饱了,https://weibo.com//u/6572054364,"不不不，她有一次吃了一个可大的，就是像泥鳅鳗鱼一类的生物，两米多，可粗了<img alt=""[泪]"" title=""[泪]"" src=""https://face.t.sinajs.cn/t4/appstyle/expression/ext/normal/6e/2018new_leimu_org.png"" />可吓人了",0,0
4797598742872083.0,4797749205139623,Mon Aug 01 20:13:30 +0800 2022,买醉秀才,https://weibo.com//u/7557996598,"回复<a href=/n/一口就吃饱了>@一口就吃饱了</a>:<img alt=""[哆啦A梦吃惊]"" title=""[哆啦A梦吃惊]"" src=""https://face.t.sinajs.cn/t4/appstyle/expression/ext/normal/f0/dorachijing_org.gif"" />",0,0
4797598742872083.0,4797738246478517,Mon Aug 01 19:29:58 +0800 2022,一口就吃饱了,https://weibo.com//u/6572054364,回复<a href=/n/买醉秀才>@买醉秀才</a>:老吓人了,0,0
4797598742872083.0,4797737251376750,Mon Aug 01 19:26:01 +0800 2022,买醉秀才,https://weibo.com//u/7557996598,"回复<a href=/n/一口就吃饱了>@一口就吃饱了</a>:大补的那条鱼<img alt=""[喵喵]"" title=""[喵喵]"" src=""https://face.t.sinajs.cn/t4/appstyle/expression/ext/normal/7b/2018new_miaomiao_org.png"" />",0,0
4797598742872083.0,4797684169577819,Mon Aug 01 15:55:05 +0800 2022,一口就吃饱了,https://weibo.com//u/6572054364,"回复<a href=/n/买醉秀才>@买醉秀才</a>:可大了，两米，我当时觉得可吓人了<img alt=""[泪]"" title=""[泪]"" src=""https://face.t.sinajs.cn/t4/appstyle/expression/ext/normal/6e/2018new_leimu_org.png"" /><img alt=""[泪]"" title=""[泪]"" src=""https://face.t.sinajs.cn/t4/appstyle/expression/ext/normal/6e/2018new_leimu_org.png"" />",0,0
4797598742872083.0,4797624337828106,Mon Aug 01 11:57:20 +0800 2022,买醉秀才,https://weibo.com//u/7557996598,"回复<a href=/n/一口就吃饱了>@一口就吃饱了</a>:喔喔好像是一种鳗鱼，不便宜的<img alt=""[喵喵]"" title=""[喵喵]"" src=""https://face.t.sinajs.cn/t4/appstyle/expression/ext/normal/7b/2018new_miaomiao_org.png"" />",0,0
4797598742872083.0,4797623314154351,Mon Aug 01 11:53:16 +0800 2022,一口就吃饱了,https://weibo.com//u/6572054364,回复<a href=/n/买醉秀才>@买醉秀才</a>:她说叫大土龙，我觉得好吓人,0,0
4797598742872083.0,4797620076416482,Mon Aug 01 11:40:24 +0800 2022,买醉秀才,https://weibo.com//u/7557996598,"回复<a href=/n/一口就吃饱了>@一口就吃饱了</a>:啊这真没见识过<img alt=""[允悲]"" title=""[允悲]"" src=""https://face.t.sinajs.cn/t4/appstyle/expression/ext/normal/83/2018new_kuxiao_org.png"" />",0,0
