﻿parent_comment_id,comment_id,comment_time,comment_user_name,comment_user_link,comment_content,comment_like_num,child_comment_num
,4797428558994380,Sun Jul 31 22:59:23 +0800 2022,在逃星星_,https://weibo.com//u/7085364186,不理解不过真的刑,1,1
4797428558994380.0,4797428631342989,Sun Jul 31 22:59:40 +0800 2022,走到未来有光的地方_,https://weibo.com//u/5994499568,不理解,0,0
,4797428052790559,Sun Jul 31 22:57:22 +0800 2022,没了退路i,https://weibo.com//u/5511894610,太刑了  真不理解为什么这么多人追捧,2,1
4797428052790559.0,4797428656768613,Sun Jul 31 22:59:46 +0800 2022,走到未来有光的地方_,https://weibo.com//u/5994499568,很刑,0,0
