﻿parent_comment_id,comment_id,comment_time,comment_user_name,comment_user_link,comment_content,comment_like_num,child_comment_num
,4797446745757756,Mon Aug 01 00:11:39 +0800 2022,·枳落·,https://weibo.com//u/6199844365,2,0,0
,4797446720324692,Mon Aug 01 00:11:32 +0800 2022,·枳落·,https://weibo.com//u/6199844365,1,0,0
,4797446704858959,Mon Aug 01 00:11:29 +0800 2022,·枳落·,https://weibo.com//u/6199844365,这种网红能不能封杀,0,0
,4797446662130669,Mon Aug 01 00:11:19 +0800 2022,·枳落·,https://weibo.com//u/6199844365,我真的无语死,0,0
,4797446641945409,Mon Aug 01 00:11:14 +0800 2022,·枳落·,https://weibo.com//u/6199844365,"<img alt=""[吐]"" title=""[吐]"" src=""https://face.t.sinajs.cn/t4/appstyle/expression/ext/normal/08/2018new_tu_org.png"" />",0,0
