﻿parent_comment_id,comment_id,comment_time,comment_user_name,comment_user_link,comment_content,comment_like_num,child_comment_num
,4797580430544707,Mon Aug 01 09:02:52 +0800 2022,这么米多无聊,https://weibo.com//u/6549397631,因为当网红真挣钱啊。卖一穗玉米六块钱，一斤大米十块钱，赚飞了都。,0,8
4797580430544707.0,4797588684936580,Mon Aug 01 09:35:40 +0800 2022,一只小鱼弄池塘,https://weibo.com//u/6700351680,"可濒危的犯法……这不是常识<img alt=""[汗]"" title=""[汗]"" src=""https://face.t.sinajs.cn/t4/appstyle/expression/ext/normal/28/2018new_han_org.png"" />还大张旗鼓上网播……",0,0
4797580430544707.0,4797636224225887,Mon Aug 01 12:44:34 +0800 2022,一只小鱼弄池塘,https://weibo.com//u/6700351680,"回复<a href=/n/这么米多无聊>@这么米多无聊</a>:不认识这两人<img alt=""[笑cry]"" title=""[笑cry]"" src=""https://face.t.sinajs.cn/t4/appstyle/expression/ext/normal/4a/2018new_xiaoku_thumb.png"" />我都不看这些东西。",0,0
4797580430544707.0,4797595538948426,Mon Aug 01 10:02:53 +0800 2022,这么米多无聊,https://weibo.com//u/6549397631,回复 <a href=/n/一只小鱼弄池塘>@一只小鱼弄池塘</a>:老八和郭老师在B站非常火的，和蔡徐坤肖战一样火,0,0
4797580430544707.0,4797594197557642,Mon Aug 01 09:57:33 +0800 2022,一只小鱼弄池塘,https://weibo.com//u/6700351680,"回复<a href=/n/这么米多无聊>@这么米多无聊</a>:！！！我……口吐芬芳<img alt=""[允悲]"" title=""[允悲]"" src=""https://face.t.sinajs.cn/t4/appstyle/expression/ext/normal/83/2018new_kuxiao_org.png"" /><img alt=""[允悲]"" title=""[允悲]"" src=""https://face.t.sinajs.cn/t4/appstyle/expression/ext/normal/83/2018new_kuxiao_org.png"" /><img alt=""[允悲]"" title=""[允悲]"" src=""https://face.t.sinajs.cn/t4/appstyle/expression/ext/normal/83/2018new_kuxiao_org.png"" />天",0,0
4797580430544707.0,4797593274025676,Mon Aug 01 09:53:54 +0800 2022,这么米多无聊,https://weibo.com//u/6549397631,回复 <a href=/n/一只小鱼弄池塘>@一只小鱼弄池塘</a>:你没见过之前有个人为了能火，直播吃屎💩💩💩💩，之后还带过货呢，也赚了不少钱，四五千万应该有，后来封杀了，和郭老师一起封杀的，郭老师也赚了不少钱，也是博眼球没底线哪种,0,0
4797580430544707.0,4797590963751077,Mon Aug 01 09:44:43 +0800 2022,一只小鱼弄池塘,https://weibo.com//u/6700351680,"回复<a href=/n/这么米多无聊>@这么米多无聊</a>:<img alt=""[裂开]"" title=""[裂开]"" src=""https://face.t.sinajs.cn/t4/appstyle/expression/ext/normal/1b/202011_liekai_org.png"" />服了",0,0
4797580430544707.0,4797589931952995,Mon Aug 01 09:40:37 +0800 2022,这么米多无聊,https://weibo.com//u/6549397631,回复 <a href=/n/一只小鱼弄池塘>@一只小鱼弄池塘</a>:当利益足够大的时候，很多人选择冒险。当足够有钱的时候，洗白可太容易了，捐一千万不够捐一个亿。,0,0
