﻿parent_comment_id,comment_id,comment_time,comment_user_name,comment_user_link,comment_content,comment_like_num,child_comment_num
,4797428404849123,Sun Jul 31 22:58:46 +0800 2022,孟婆手中梨花酿,https://weibo.com//u/1974733650,为什么之前没有人举报，这货赚了多少黑心钱,0,0
,4797573372841917,Mon Aug 01 08:34:49 +0800 2022,我真的真的不吃芒果阿,https://weibo.com//u/6311344686,"真的很恶心特别是娃娃鱼  刷到以后恶心的好几天吃不下东西<img alt=""[泪]"" title=""[泪]"" src=""https://face.t.sinajs.cn/t4/appstyle/expression/ext/normal/6e/2018new_leimu_org.png"" />",0,0
,4797434275825413,Sun Jul 31 23:22:06 +0800 2022,重生之我是超级学霸,https://weibo.com//u/7282254506,"还有鸵鸟和娃娃鱼<img alt=""[哆啦A梦害怕]"" title=""[哆啦A梦害怕]"" src=""https://face.t.sinajs.cn/t4/appstyle/expression/ext/normal/c7/dorahaipa_org.gif"" /><img alt=""[哆啦A梦害怕]"" title=""[哆啦A梦害怕]"" src=""https://face.t.sinajs.cn/t4/appstyle/expression/ext/normal/c7/dorahaipa_org.gif"" /><img alt=""[哆啦A梦害怕]"" title=""[哆啦A梦害怕]"" src=""https://face.t.sinajs.cn/t4/appstyle/expression/ext/normal/c7/dorahaipa_org.gif"" />",1,0
,4797427032524214,Sun Jul 31 22:53:18 +0800 2022,-雾里寻kun,https://weibo.com//u/7622195121,"弄的满身 满嘴都是脏的<img alt=""[doge]"" title=""[doge]"" src=""https://face.t.sinajs.cn/t4/appstyle/expression/ext/normal/a1/2018new_doge02_org.png"" />看着就没食欲 更别说吃了",4,0
