﻿parent_comment_id,comment_id,comment_time,comment_user_name,comment_user_link,comment_content,comment_like_num,child_comment_num
,4797642250912880,Mon Aug 01 13:08:31 +0800 2022,雪雪的橙汁糖,https://weibo.com//u/7139998387,很不理解,0,0
,4797612816075283,Mon Aug 01 11:11:33 +0800 2022,薄荷味的浪漫夏,https://weibo.com//u/3199049260,"真能吃，这回吃进去了<img alt=""[二哈]"" title=""[二哈]"" src=""https://face.t.sinajs.cn/t4/appstyle/expression/ext/normal/22/2018new_erha_org.png"" />",1,0
,4797554368448252,Mon Aug 01 07:19:18 +0800 2022,册汗,https://weibo.com//u/7771663921,"<img alt=""[嘻嘻]"" title=""[嘻嘻]"" src=""https://face.t.sinajs.cn/t4/appstyle/expression/ext/normal/33/2018new_xixi_org.png"" /><img alt=""[嘻嘻]"" title=""[嘻嘻]"" src=""https://face.t.sinajs.cn/t4/appstyle/expression/ext/normal/33/2018new_xixi_org.png"" /><img alt=""[嘻嘻]"" title=""[嘻嘻]"" src=""https://face.t.sinajs.cn/t4/appstyle/expression/ext/normal/33/2018new_xixi_org.png"" />",2,0
,4797554074060706,Mon Aug 01 07:18:08 +0800 2022,张檀悦,https://weibo.com//u/7742838437,"网红为了红真是无底线<img alt=""[二哈]"" title=""[二哈]"" src=""https://face.t.sinajs.cn/t4/appstyle/expression/ext/normal/22/2018new_erha_org.png"" />",3,0
,4797553826595412,Mon Aug 01 07:17:08 +0800 2022,远方De阿楚姑娘,https://weibo.com//u/5702289091,我好奇这鲨鱼哪儿来的渠道买的。,3,0
