﻿parent_comment_id,comment_id,comment_time,comment_user_name,comment_user_link,comment_content,comment_like_num,child_comment_num
,4797601684392899,Mon Aug 01 10:27:18 +0800 2022,QiuDN娜娜,https://weibo.com//u/2746897517,"不要放过她<img alt=""[doge]"" title=""[doge]"" src=""https://face.t.sinajs.cn/t4/appstyle/expression/ext/normal/a1/2018new_doge02_org.png"" />",0,0
,4797599821860150,Mon Aug 01 10:19:55 +0800 2022,昨夜秋风天气凉,https://weibo.com//u/1229907957,活该  这条路就不对,0,0
,4797573335091878,Mon Aug 01 08:34:39 +0800 2022,1976双子,https://weibo.com//u/5871726918,"想钱想疯了<img alt=""[怒]"" title=""[怒]"" src=""https://face.t.sinajs.cn/t4/appstyle/expression/ext/normal/f6/2018new_nu_org.png"" />",0,0
,4797571413574172,Mon Aug 01 08:27:01 +0800 2022,Ki松果1991v,https://weibo.com//u/3490834825,"判刑<img alt=""[怒]"" title=""[怒]"" src=""https://face.t.sinajs.cn/t4/appstyle/expression/ext/normal/f6/2018new_nu_org.png"" />",0,0
