﻿parent_comment_id,comment_id,comment_time,comment_user_name,comment_user_link,comment_content,comment_like_num,child_comment_num
,4797617215112771,Mon Aug 01 11:29:01 +0800 2022,用户k36rzwrhg4,https://weibo.com//u/2293820653,恶心-_-||有没有(&gt;﹏&lt;)  做作到恶心。。。💩💩💩,1,1
4797617215112771.0,4797620800979540,Mon Aug 01 11:43:16 +0800 2022,曾毅200511,https://weibo.com//u/6619688649,"是的，真的没恶心到了！如此做作<img alt=""[吐]"" title=""[吐]"" src=""https://face.t.sinajs.cn/t4/appstyle/expression/ext/normal/08/2018new_tu_org.png"" /><img alt=""[吐]"" title=""[吐]"" src=""https://face.t.sinajs.cn/t4/appstyle/expression/ext/normal/08/2018new_tu_org.png"" /><img alt=""[吐]"" title=""[吐]"" src=""https://face.t.sinajs.cn/t4/appstyle/expression/ext/normal/08/2018new_tu_org.png"" />",0,0
,4797633351390038,Mon Aug 01 12:33:09 +0800 2022,异世界的熊熊,https://weibo.com//u/7512248242,建议买卖同罪,1,0
,4797615768079185,Mon Aug 01 11:23:17 +0800 2022,曼珠沙华稀里哗啦,https://weibo.com//u/5664424029,"一看就是装天真<img alt=""[怒]"" title=""[怒]"" src=""https://face.t.sinajs.cn/t4/appstyle/expression/ext/normal/f6/2018new_nu_org.png"" /><img alt=""[怒]"" title=""[怒]"" src=""https://face.t.sinajs.cn/t4/appstyle/expression/ext/normal/f6/2018new_nu_org.png"" /><img alt=""[怒]"" title=""[怒]"" src=""https://face.t.sinajs.cn/t4/appstyle/expression/ext/normal/f6/2018new_nu_org.png"" />",1,3
4797615768079185.0,4797620676203877,Mon Aug 01 11:42:47 +0800 2022,曾毅200511,https://weibo.com//u/6619688649,你是不是对天真有什么误解？？！,0,0
4797615768079185.0,4797624777706575,Mon Aug 01 11:59:05 +0800 2022,曼珠沙华稀里哗啦,https://weibo.com//u/5664424029,"回复<a href=/n/曾毅200511>@曾毅200511</a>:误解啥了<img alt=""[怒]"" title=""[怒]"" src=""https://face.t.sinajs.cn/t4/appstyle/expression/ext/normal/f6/2018new_nu_org.png"" />",0,0
