﻿parent_comment_id,comment_id,comment_time,comment_user_name,comment_user_link,comment_content,comment_like_num,child_comment_num
,4797473456129273,Mon Aug 01 01:57:47 +0800 2022,无关五六,https://weibo.com//u/6583683596,她好像那个。。。丧尸啊🧟‍♂️,1128,11
4797473456129273.0,4797631186341462,Mon Aug 01 12:24:33 +0800 2022,冬雪夏柳,https://weibo.com//u/6312132340,她吃大白鲨大快朵颐的模样，像吸血鬼，让人生理性不适！,102,0
4797473456129273.0,4797632863798005,Mon Aug 01 12:31:12 +0800 2022,吃了饼干就跑,https://weibo.com//u/6272255283,<a href=/n/可爱才不饿呢>@可爱才不饿呢</a> 真的丧尸。。,10,0
4797473456129273.0,4797790213637456,Mon Aug 01 22:56:27 +0800 2022,songrnetou,https://weibo.com//u/7609122082,<a href=/n/Christinasmallzha>@Christinasmallzha</a> 好恐怖,1,0
4797473456129273.0,4797819724498001,Tue Aug 02 00:53:44 +0800 2022,MarianaTrench-01,https://weibo.com//u/6603782895,我还觉得她的某些词汇，比如好大，好长在打擦边球。,0,0
4797473456129273.0,4797790390322982,Mon Aug 01 22:57:09 +0800 2022,黯·无漆夜-月神之势,https://weibo.com//u/6761187500,"那些调料沾脸上确实一股僵尸🧟‍♂️既视感<img alt=""[泪]"" title=""[泪]"" src=""https://face.t.sinajs.cn/t4/appstyle/expression/ext/normal/6e/2018new_leimu_org.png"" /><img alt=""[泪]"" title=""[泪]"" src=""https://face.t.sinajs.cn/t4/appstyle/expression/ext/normal/6e/2018new_leimu_org.png"" />",0,0
4797473456129273.0,4797962946877074,Tue Aug 02 10:22:51 +0800 2022,Christinasmallzha,https://weibo.com//u/7071067370,"回复<a href=/n/songrnetou>@songrnetou</a>:<img alt=""[衰]"" title=""[衰]"" src=""https://face.t.sinajs.cn/t4/appstyle/expression/ext/normal/a2/2018new_shuai_org.png"" /><img alt=""[衰]"" title=""[衰]"" src=""https://face.t.sinajs.cn/t4/appstyle/expression/ext/normal/a2/2018new_shuai_org.png"" /><img alt=""[衰]"" title=""[衰]"" src=""https://face.t.sinajs.cn/t4/appstyle/expression/ext/normal/a2/2018new_shuai_org.png"" />",0,0
4797473456129273.0,4797661666610229,Mon Aug 01 14:25:40 +0800 2022,Yment-,https://weibo.com//u/5637387731,回复<a href=/n/nc唯粉麻烦离我远一点>@nc唯粉麻烦离我远一点</a>:太恐怖了视频的结尾,2,0
4797473456129273.0,4797639092604155,Mon Aug 01 12:55:58 +0800 2022,吃了饼干就跑,https://weibo.com//u/6272255283,回复<a href=/n/肉肉-杨小肉>@肉肉-杨小肉</a>:看了真的恐怖。。。,2,0
4797473456129273.0,4797635338701224,Mon Aug 01 12:41:02 +0800 2022,nc唯粉麻烦离我远一点,https://weibo.com//u/3048137711,"回复<a href=/n/冬雪夏柳>@冬雪夏柳</a>:看起来跟鬼吃人一样<img alt=""[汗]"" title=""[汗]"" src=""https://face.t.sinajs.cn/t4/appstyle/expression/ext/normal/28/2018new_han_org.png"" />",25,0
4797473456129273.0,4797634890700924,Mon Aug 01 12:39:16 +0800 2022,肉肉-杨小肉,https://weibo.com//u/7588694427,回复<a href=/n/吃了饼干就跑>@吃了饼干就跑</a>:啃鲨鱼尾巴那儿超像丧尸,3,0
,4797474525676170,Mon Aug 01 02:02:02 +0800 2022,精神病分院高級VIP會員,https://weibo.com//u/1873130170,无底线……这种网红绝了，家人一起无底线无下限……,609,9
4797474525676170.0,4797563867497394,Mon Aug 01 07:57:02 +0800 2022,NII_j,https://weibo.com//u/3350460424,那些是不是家人还另说，给钱就上，她有那么多家人吗,89,0
4797474525676170.0,4797476706190204,Mon Aug 01 02:10:42 +0800 2022,明静_智远,https://weibo.com//u/2345471141,浪费资源，矫揉造作，哗众取宠，无下限！,75,0
4797474525676170.0,4797628896774810,Mon Aug 01 12:15:27 +0800 2022,努力努力再努力啊啊,https://weibo.com//u/6680808231,"这种都是请的演员<img alt=""[生病]"" title=""[生病]"" src=""https://face.t.sinajs.cn/t4/appstyle/expression/ext/normal/3b/2018new_shengbing_org.png"" />",44,0
4797474525676170.0,4797572570680394,Mon Aug 01 08:31:38 +0800 2022,呆dai的人,https://weibo.com//u/2120227145,一家人整整齐齐坐牢，多开心,15,0
4797474525676170.0,4797582595065885,Mon Aug 01 09:11:27 +0800 2022,醉奶的养乐多,https://weibo.com//u/2306361824,"鲨鱼的皮肤是拿来排尿的<img alt=""[doge]"" title=""[doge]"" src=""https://face.t.sinajs.cn/t4/appstyle/expression/ext/normal/a1/2018new_doge02_org.png"" />",13,0
4797474525676170.0,4797654250297109,Mon Aug 01 13:56:12 +0800 2022,化为乌有前的零号门牌,https://weibo.com//u/7566070331,家人就是她的团队,0,0
4797474525676170.0,4797636856780979,Mon Aug 01 12:47:05 +0800 2022,且听风吟拭梅妆,https://weibo.com//u/3861629901,回复<a href=/n/醉奶的养乐多>@醉奶的养乐多</a>:鲨鱼这么做很难吃的,2,0
4797474525676170.0,4797569430192506,Mon Aug 01 08:19:08 +0800 2022,不取了好烦,https://weibo.com//u/6047374943,"回复<a href=/n/NII_j>@NII_j</a>:我怀疑可能都是演戏<img alt=""[二哈]"" title=""[二哈]"" src=""https://face.t.sinajs.cn/t4/appstyle/expression/ext/normal/22/2018new_erha_org.png"" />",3,0
,4797546041705104,Mon Aug 01 06:46:12 +0800 2022,丸子_007,https://weibo.com//u/5952978171,"她说话不能站在地面上说吗？？！ 非得一蹦一跳的才能把话说出来 <img alt=""[费解]"" title=""[费解]"" src=""https://face.t.sinajs.cn/t4/appstyle/expression/ext/normal/2a/2018new_wenhao_org.png"" /><img alt=""[费解]"" title=""[费解]"" src=""https://face.t.sinajs.cn/t4/appstyle/expression/ext/normal/2a/2018new_wenhao_org.png"" /><img alt=""[费解]"" title=""[费解]"" src=""https://face.t.sinajs.cn/t4/appstyle/expression/ext/normal/2a/2018new_wenhao_org.png"" />",556,17
4797546041705104.0,4797606604049737,Mon Aug 01 10:46:52 +0800 2022,挂住你了呀,https://weibo.com//u/3102591580,她可能觉得自己这样很可爱 实际上做作的不行,120,0
4797546041705104.0,4797641126581650,Mon Aug 01 13:04:03 +0800 2022,甄秀儿41645,https://weibo.com//u/7302822820,"只有小孩子这样跳跳跳才可爱哇，她都几岁了<img alt=""[顶]"" title=""[顶]"" src=""https://face.t.sinajs.cn/t4/appstyle/expression/ext/normal/ae/2018new_ding_org.png"" /><img alt=""[顶]"" title=""[顶]"" src=""https://face.t.sinajs.cn/t4/appstyle/expression/ext/normal/ae/2018new_ding_org.png"" />",17,0
4797546041705104.0,4797651122392736,Mon Aug 01 13:43:46 +0800 2022,小仙女儿不吃饭,https://weibo.com//u/6718928944,真的是做作的要死,6,0
4797546041705104.0,4797770214936826,Mon Aug 01 21:37:00 +0800 2022,一只小王888,https://weibo.com//u/7291158693,原谅下，没文化，但凡念点书都不至于这么作，而且看她视频饭也不会做。妆画的跟女一样。走路扭来扭去的，站没站相，坐没坐相,2,0
4797546041705104.0,4797633853655478,Mon Aug 01 12:35:08 +0800 2022,ZIZIBONG,https://weibo.com//u/7734706921,夹子一个,2,0
4797546041705104.0,4797653743833537,Mon Aug 01 13:54:11 +0800 2022,啥都崩了微博都不会崩,https://weibo.com//u/7314436981,因为他是僵尸🧟‍♂️,5,0
4797546041705104.0,4797655932735332,Mon Aug 01 14:02:53 +0800 2022,微笑天空向你,https://weibo.com//u/5718289499,疯疯癫癫的，辣眼睛,3,0
4797546041705104.0,4797653470681619,Mon Aug 01 13:53:06 +0800 2022,豪杰012,https://weibo.com//u/5539835656,这么作的女的，没眼看,1,0
4797546041705104.0,4797642191936580,Mon Aug 01 13:08:17 +0800 2022,甄秀儿41645,https://weibo.com//u/7302822820,"回复<a href=/n/啁大喵>@啁大喵</a>:哈哈！是个正经的孩子<img alt=""[doge]"" title=""[doge]"" src=""https://face.t.sinajs.cn/t4/appstyle/expression/ext/normal/a1/2018new_doge02_org.png"" /><img alt=""[doge]"" title=""[doge]"" src=""https://face.t.sinajs.cn/t4/appstyle/expression/ext/normal/a1/2018new_doge02_org.png"" />",4,0
4797546041705104.0,4797642050376683,Mon Aug 01 13:07:43 +0800 2022,啁大喵,https://weibo.com//u/2043058205,"回复<a href=/n/甄秀儿41645>@甄秀儿41645</a>:我崽三岁 讲话的时候站着说 不蹦<img alt=""[doge]"" title=""[doge]"" src=""https://face.t.sinajs.cn/t4/appstyle/expression/ext/normal/a1/2018new_doge02_org.png"" />",9,0
4797546041705104.0,4797641353075918,Mon Aug 01 13:04:57 +0800 2022,丸子_007,https://weibo.com//u/5952978171,"回复<a href=/n/甄秀儿41645>@甄秀儿41645</a>:她可能在质疑地球引力<img alt=""[汗]"" title=""[汗]"" src=""https://face.t.sinajs.cn/t4/appstyle/expression/ext/normal/28/2018new_han_org.png"" />…….",2,0
4797546041705104.0,4797640762725303,Mon Aug 01 13:02:36 +0800 2022,李姐万岁-L,https://weibo.com//u/5659426237,"感觉她动作一惊一乍的，好浮夸<img alt=""[笑cry]"" title=""[笑cry]"" src=""https://face.t.sinajs.cn/t4/appstyle/expression/ext/normal/4a/2018new_xiaoku_thumb.png"" /><img alt=""[允悲]"" title=""[允悲]"" src=""https://face.t.sinajs.cn/t4/appstyle/expression/ext/normal/83/2018new_kuxiao_org.png"" />",4,0
4797546041705104.0,4797636630024398,Mon Aug 01 12:46:11 +0800 2022,大碗乌龙普洱茶,https://weibo.com//u/1974317595,浮夸,0,0
4797546041705104.0,4797632968923089,Mon Aug 01 12:31:38 +0800 2022,elfinTG,https://weibo.com//u/6903990611,回复<a href=/n/挂住你了呀>@挂住你了呀</a>:就是，好无语,0,0
4797546041705104.0,4797631832260740,Mon Aug 01 12:27:06 +0800 2022,挂住你了呀,https://weibo.com//u/3102591580,回复<a href=/n/杨羊羊杨杨m>@杨羊羊杨杨m</a>:猎奇吧,2,0
4797546041705104.0,4797631094850711,Mon Aug 01 12:24:10 +0800 2022,杨羊羊杨杨m,https://weibo.com//u/5668955158,回复<a href=/n/挂住你了呀>@挂住你了呀</a>:正常人一般真的会看这样的直播吗，我很疑惑。真就有那么闲的嘛。,20,0
,4797541818827123,Mon Aug 01 06:29:26 +0800 2022,一夜暴富·1640,https://weibo.com//u/1912016651,我看过她的视频，有一个吃大土龙的那个，还有娃娃鱼的那个。真的，我觉得一点都不香，看的我想吐。我不知道那么大的东西看着就吓人，怎么毫无负担的那么吃,317,9
4797541818827123.0,4797578975906848,Mon Aug 01 08:57:05 +0800 2022,伊凡儿Tracy,https://weibo.com//u/7495766964,"真的过于难受，就因为看了她吃鲨鱼那个视频导致我一段时间看到吃海鲜的都会生理不适<img alt=""[裂开]"" title=""[裂开]"" src=""https://face.t.sinajs.cn/t4/appstyle/expression/ext/normal/1b/202011_liekai_org.png"" />",47,0
4797541818827123.0,4797637187866696,Mon Aug 01 12:48:24 +0800 2022,狂野男孩小贾,https://weibo.com//u/3227872721,娃娃鱼那个应该调查一下，那种颜色很少见另外还长那么大,26,0
4797541818827123.0,4797547271422346,Mon Aug 01 06:51:06 +0800 2022,爱吃鱼的小火柴_,https://weibo.com//u/5347636546,是呀，看着好吓人，怎么敢的,13,0
4797541818827123.0,4797638871093130,Mon Aug 01 12:55:05 +0800 2022,yiboaboa,https://weibo.com//u/1249728364,大土龙是啥,1,0
4797541818827123.0,4797651172460909,Mon Aug 01 13:43:58 +0800 2022,笑看_云淡风轻,https://weibo.com//u/5519820926,"那些油看着就很不卫生的样子<img alt=""[允悲]"" title=""[允悲]"" src=""https://face.t.sinajs.cn/t4/appstyle/expression/ext/normal/83/2018new_kuxiao_org.png"" />",1,0
4797541818827123.0,4797631701714947,Mon Aug 01 12:26:36 +0800 2022,toeic800,https://weibo.com//u/6681395040,我刷到过她，不知道为什么就生理性不适,1,0
4797541818827123.0,4797544301069306,Mon Aug 01 06:39:18 +0800 2022,大头脑斧,https://weibo.com//u/2847981684,我甚至感觉生理性不适,13,0
4797541818827123.0,4797636790716596,Mon Aug 01 12:46:48 +0800 2022,大碗乌龙普洱茶,https://weibo.com//u/1974317595,这人变异了吧。专吃这个。,0,0
4797541818827123.0,4797749084297071,Mon Aug 01 20:13:02 +0800 2022,一夜暴富·1640,https://weibo.com//u/1912016651,回复<a href=/n/yiboaboa>@yiboaboa</a>:好像是一种鱼类吧，和蛇长得差不多，又大又长又粗。从水缸里抬头的时候，真的和蛇出洞差不多。我看的时候觉得这生灵长到这么大，没想到却被她吃了，做法还一点食欲都没有。真难为她怎么吃下去，应该是吃几口就扔了吧。,0,0
,4797505890418980,Mon Aug 01 04:06:40 +0800 2022,不同繁享,https://weibo.com//u/7214911400,"这人看着有点不正常吧<img alt=""[允悲]"" title=""[允悲]"" src=""https://face.t.sinajs.cn/t4/appstyle/expression/ext/normal/83/2018new_kuxiao_org.png"" />",379,5
4797505890418980.0,4797643668587343,Mon Aug 01 13:14:08 +0800 2022,看看我位置是哪里,https://weibo.com//u/7703048954,正常人谁那样吃东西啊,1,0
4797505890418980.0,4797641810253813,Mon Aug 01 13:06:46 +0800 2022,Ying塋,https://weibo.com//u/1760523734,同感,1,0
4797505890418980.0,4797638757585264,Mon Aug 01 12:54:38 +0800 2022,幻像之空,https://weibo.com//u/7722907954,确实,1,0
,4797481680634793,Mon Aug 01 02:30:28 +0800 2022,再来一杯奶茶XD,https://weibo.com//u/5622188525,"那她家里人也会被判吗<img alt=""[疑问]"" title=""[疑问]"" src=""https://face.t.sinajs.cn/t4/appstyle/expression/ext/normal/b8/2018new_ningwen_org.png"" />",152,9
4797481680634793.0,4797495614636335,Mon Aug 01 03:25:50 +0800 2022,路过的陆龟,https://weibo.com//u/2344112890,这些“家里人”估计就是农村找的群演…可能也不知道什么是保护动物，被坑惨了…,165,0
4797481680634793.0,4797636244407611,Mon Aug 01 12:44:39 +0800 2022,雨牛牛的小太阳,https://weibo.com//u/1236169897,希望所有与之有关的人都能得到法律的制裁,22,0
4797481680634793.0,4797646232095889,Mon Aug 01 13:24:20 +0800 2022,诗呓辰,https://weibo.com//u/6646738523,卖给她鲨鱼的老板也要判刑吧？,11,0
4797481680634793.0,4797554699534508,Mon Aug 01 07:20:36 +0800 2022,Fzk无为,https://weibo.com//u/3916101391,他们有一个团队，就看谁是主要策划购买的人。她家人完全不认识，不内知情的话可能不会受到处罚。把鲨鱼带到市场去摆拍掩盖非法购买的事实，说明她名字故犯,50,0
4797481680634793.0,4797838820902109,Tue Aug 02 02:09:37 +0800 2022,LucyMaryORNana,https://weibo.com//u/6063677563,"回复<a href=/n/路过的陆龟>@路过的陆龟</a>:感觉不会吧 群演谁还会心疼油?<img alt=""[doge]"" title=""[doge]"" src=""https://face.t.sinajs.cn/t4/appstyle/expression/ext/normal/a1/2018new_doge02_org.png"" />",0,0
4797481680634793.0,4797674135752261,Mon Aug 01 15:15:13 +0800 2022,我家塌塌睡着啦,https://weibo.com//u/5859253884,回复<a href=/n/路过的陆龟>@路过的陆龟</a>:哈哈哈哈哈，大孝女,0,0
4797481680634793.0,4797652552912454,Mon Aug 01 13:49:27 +0800 2022,再来一杯奶茶XD,https://weibo.com//u/5622188525,回复<a href=/n/诗呓辰>@诗呓辰</a>:那个老板好像是提供拍摄场地的，不是卖鲨鱼的，就是借他家的海鲜铺给人拍dy用的,1,0
4797481680634793.0,4797649398271589,Mon Aug 01 13:36:55 +0800 2022,letsgoluniaguns,https://weibo.com//u/5028071740,"回复<a href=/n/诗呓辰>@诗呓辰</a>:肯定的 不过她是到市场摆拍的 福建那边卖鱼给她的老板肯定会被判刑<img alt=""[开学季]"" title=""[开学季]"" src=""https://face.t.sinajs.cn/t4/appstyle/expression/ext/normal/72/2021_kaixueji_org.png"" />",1,0
4797481680634793.0,4797649167584359,Mon Aug 01 13:36:00 +0800 2022,北音执念51394,https://weibo.com//u/7613940176,回复<a href=/n/诗呓辰>@诗呓辰</a>:买卖同罪,0,0
,4797537259356878,Mon Aug 01 06:11:19 +0800 2022,吃个鸡头咯咯哒,https://weibo.com//u/1796800285,"太恶心了  做作了 <img alt=""[苦涩]"" title=""[苦涩]"" src=""https://face.t.sinajs.cn/t4/appstyle/expression/ext/normal/7e/2021_bitter_org.png"" /><img alt=""[苦涩]"" title=""[苦涩]"" src=""https://face.t.sinajs.cn/t4/appstyle/expression/ext/normal/7e/2021_bitter_org.png"" /><img alt=""[苦涩]"" title=""[苦涩]"" src=""https://face.t.sinajs.cn/t4/appstyle/expression/ext/normal/7e/2021_bitter_org.png"" /> 看的难受",152,0
,4797560457790297,Mon Aug 01 07:43:29 +0800 2022,山楂果茶派,https://weibo.com//u/3689108553,"我不明白为什么现在这样的视频有这么大流量……我们家这边有个网红就也是这样粗糙的风格<img alt=""[跪了]"" title=""[跪了]"" src=""https://face.t.sinajs.cn/t4/appstyle/expression/ext/normal/75/2018new_gui_org.png"" />感觉做出来的东西完全吃不下去",88,7
4797560457790297.0,4797628954448113,Mon Aug 01 12:15:41 +0800 2022,七八个星天外和两三点雨山前,https://weibo.com//u/3302421111,"瞄了一眼，这风格肯定不会做饭<img alt=""[允悲]"" title=""[允悲]"" src=""https://face.t.sinajs.cn/t4/appstyle/expression/ext/normal/83/2018new_kuxiao_org.png"" />",3,0
4797560457790297.0,4797570460685760,Mon Aug 01 08:23:15 +0800 2022,guo汁汁,https://weibo.com//u/6747212272,就有很多人看到这种稀奇的东西，有人吃就会好奇，然后有流量，但是我觉得这个太恐怖了吧？,1,0
4797560457790297.0,4797563449116407,Mon Aug 01 07:55:23 +0800 2022,小萱萱Candy,https://weibo.com//u/6293788973,胖龙吗哈哈哈,0,0
4797560457790297.0,4797609900769627,Mon Aug 01 10:59:57 +0800 2022,小萱萱Candy,https://weibo.com//u/6293788973,回复<a href=/n/山楂果茶派>@山楂果茶派</a>:嗯嗯,1,0
4797560457790297.0,4797605458220481,Mon Aug 01 10:42:19 +0800 2022,山楂果茶派,https://weibo.com//u/3689108553,"回复 <a href=/n/小萱萱Candy>@小萱萱Candy</a>:刚去搜了一下看 感觉胖龙的视频还算比较干净的<img alt=""[笑cry]"" title=""[笑cry]"" src=""https://face.t.sinajs.cn/t4/appstyle/expression/ext/normal/4a/2018new_xiaoku_thumb.png"" />",0,0
4797560457790297.0,4797604149331142,Mon Aug 01 10:37:06 +0800 2022,山楂果茶派,https://weibo.com//u/3689108553,"回复 <a href=/n/小萱萱Candy>@小萱萱Candy</a>:不是  这个风格的好像还挺多的<img alt=""[跪了]"" title=""[跪了]"" src=""https://face.t.sinajs.cn/t4/appstyle/expression/ext/normal/75/2018new_gui_org.png"" />",0,0
4797560457790297.0,4797603894264062,Mon Aug 01 10:36:05 +0800 2022,山楂果茶派,https://weibo.com//u/3689108553,"回复 <a href=/n/guo汁汁>@guo汁汁</a>:是的是的  我最接受不了的是做菜时候 一大盆一大盆特别潦草地往里倒<img alt=""[衰]"" title=""[衰]"" src=""https://face.t.sinajs.cn/t4/appstyle/expression/ext/normal/a2/2018new_shuai_org.png"" />",5,0
,4797564253897549,Mon Aug 01 07:58:35 +0800 2022,琳小川,https://weibo.com//u/1949419045,他们好像精神不太正常的样子,114,0
,4797554900863805,Mon Aug 01 07:21:25 +0800 2022,喝可乐的冰火人,https://weibo.com//u/6611436078,这样的人竟然还有700多万粉丝，看着她吃饭真没食欲,90,1
,4797574432689543,Mon Aug 01 08:39:02 +0800 2022,张美河_,https://weibo.com//u/1840550382,"先不说是不是濒危动物，这个做法能好吃就怪了，鲨鱼是通过皮肤排尿的，她都没焯水，吃得那么开心全是装出来的<img alt=""[二哈]"" title=""[二哈]"" src=""https://face.t.sinajs.cn/t4/appstyle/expression/ext/normal/22/2018new_erha_org.png"" />",63,3
4797574432689543.0,4797636593584206,Mon Aug 01 12:46:01 +0800 2022,香菇酱的西瓜瓜,https://weibo.com//u/1965926281,看样子做饭也是摆拍的吧，油都没老就把调料全扔进去。能好吃吗,11,0
4797574432689543.0,4797749386547453,Mon Aug 01 20:14:13 +0800 2022,-無糖星碎,https://weibo.com//u/5984924883,说不定就镜头前吃几嘴，拍完视频直接扔了,1,0
4797574432689543.0,4797578301147091,Mon Aug 01 08:54:23 +0800 2022,喜气洋洋的巨蟹,https://weibo.com//u/3503113975,"<img alt=""[允悲]"" title=""[允悲]"" src=""https://face.t.sinajs.cn/t4/appstyle/expression/ext/normal/83/2018new_kuxiao_org.png"" /><img alt=""[允悲]"" title=""[允悲]"" src=""https://face.t.sinajs.cn/t4/appstyle/expression/ext/normal/83/2018new_kuxiao_org.png"" /><img alt=""[允悲]"" title=""[允悲]"" src=""https://face.t.sinajs.cn/t4/appstyle/expression/ext/normal/83/2018new_kuxiao_org.png"" /><img alt=""[允悲]"" title=""[允悲]"" src=""https://face.t.sinajs.cn/t4/appstyle/expression/ext/normal/83/2018new_kuxiao_org.png"" />",0,0
,4797575321880312,Mon Aug 01 08:42:33 +0800 2022,么一嗷喵7,https://weibo.com//u/2386695092,她好像有多动症一样 非要摇头晃脑蹦蹦跳跳,50,1
,4797547270375067,Mon Aug 01 06:51:06 +0800 2022,丸子_007,https://weibo.com//u/5952978171,看到最后要吐了  真啥都敢吃啊🤮,43,0
,4797570490567786,Mon Aug 01 08:23:22 +0800 2022,今天又是emo的一天呢,https://weibo.com//u/3600490680,不光把自己搞里了 给全家搞里了 自己给自己送进去 可还行,30,2
4797570490567786.0,4797575327386121,Mon Aug 01 08:42:35 +0800 2022,羅馬人-,https://weibo.com//u/1687381087,不一定是家里人，可能就是农村请的群演,5,0
4797570490567786.0,4797583333791641,Mon Aug 01 09:14:24 +0800 2022,今天又是emo的一天呢,https://weibo.com//u/3600490680,"回复<a href=/n/羅馬人->@羅馬人-</a>:群演那就更坑人了 出个视频 涉及犯罪 5年以下有期徒刑 真冤<img alt=""[doge]"" title=""[doge]"" src=""https://face.t.sinajs.cn/t4/appstyle/expression/ext/normal/a1/2018new_doge02_org.png"" />",3,0
,4797564656030900,Mon Aug 01 08:00:11 +0800 2022,矜持的葵花籽兒,https://weibo.com//u/5807541950,"她的视频好聒噪<img alt=""[允悲]"" title=""[允悲]"" src=""https://face.t.sinajs.cn/t4/appstyle/expression/ext/normal/83/2018new_kuxiao_org.png"" /><img alt=""[裂开]"" title=""[裂开]"" src=""https://face.t.sinajs.cn/t4/appstyle/expression/ext/normal/1b/202011_liekai_org.png"" />",40,0
,4797643673567452,Mon Aug 01 13:14:09 +0800 2022,晨阳绿树i,https://weibo.com//u/3974640146,一家人整整齐齐吃牢饭,22,0
,4797564547762071,Mon Aug 01 07:59:45 +0800 2022,不谪,https://weibo.com//u/6730669487,以我有限的海洋生物知识真的不知道现在有哪些鲨鱼品种成功实现了人工养殖。,27,1
4797564547762071.0,4797638052941952,Mon Aug 01 12:51:50 +0800 2022,文豪野犬全体老公们,https://weibo.com//u/6740403268,蓝鲨之类的小型鲨鱼,0,0
,4797514693476653,Mon Aug 01 04:41:39 +0800 2022,浩瀚大海盼君歸,https://weibo.com//u/7630988134,"<img alt=""[哼]"" title=""[哼]"" src=""https://face.t.sinajs.cn/t4/appstyle/expression/ext/normal/7c/2018new_heng_org.png"" /><img alt=""[哼]"" title=""[哼]"" src=""https://face.t.sinajs.cn/t4/appstyle/expression/ext/normal/7c/2018new_heng_org.png"" /><img alt=""[哼]"" title=""[哼]"" src=""https://face.t.sinajs.cn/t4/appstyle/expression/ext/normal/7c/2018new_heng_org.png"" />",2,0
,4797606506533213,Mon Aug 01 10:46:29 +0800 2022,长春太威武,https://weibo.com//u/1558725752,"<img alt=""[费解]"" title=""[费解]"" src=""https://face.t.sinajs.cn/t4/appstyle/expression/ext/normal/2a/2018new_wenhao_org.png"" />她是不是觉着自己挺可爱？",17,0
,4797644217521038,Mon Aug 01 13:16:20 +0800 2022,Jolorful,https://weibo.com//u/5136438616,行为举止语气都很做作 故意幼稚化的感觉，视频吃鲨鱼又很反差，血腥暴力化，还吃那些濒危物种,31,0
,4797655249848382,Mon Aug 01 14:00:09 +0800 2022,初夏萤飞飞,https://weibo.com//u/1426156263,视频引起极度不适,15,0
,4797637116823881,Mon Aug 01 12:48:07 +0800 2022,梅尓德,https://weibo.com//u/2440514055,"高清犯罪记录<img alt=""[哈哈]"" title=""[哈哈]"" src=""https://face.t.sinajs.cn/t4/appstyle/expression/ext/normal/8f/2018new_haha_org.png"" />",23,0
,4797645593249405,Mon Aug 01 13:21:48 +0800 2022,转身跳进东湖,https://weibo.com//u/6106544787,百万粉丝？她的粉丝都是些什么品味啊，说话听着都别扭,26,0
,4797638643553844,Mon Aug 01 12:54:11 +0800 2022,红one辰,https://weibo.com//u/6482902362,这种视频怎么审批通过的？在查这些网红的同时，能不能也查一查传播途径？都不审核吗？什么不健康的垃圾视频都往上放,21,0
,4797588240340822,Mon Aug 01 09:33:54 +0800 2022,A果果有皇冠,https://weibo.com//u/3995922058,"怎么拍的有点尴尬<img alt=""[允悲]"" title=""[允悲]"" src=""https://face.t.sinajs.cn/t4/appstyle/expression/ext/normal/83/2018new_kuxiao_org.png"" /><img alt=""[允悲]"" title=""[允悲]"" src=""https://face.t.sinajs.cn/t4/appstyle/expression/ext/normal/83/2018new_kuxiao_org.png"" />",10,1
,4797570432372222,Mon Aug 01 08:23:08 +0800 2022,丹宁执着0327,https://weibo.com//u/5366032733,当时我刷到这个视频就在想，能吃吗？,13,0
,4797614111590851,Mon Aug 01 11:16:42 +0800 2022,不是hzj,https://weibo.com//u/6452405960,他吃尾巴的时候好像个怪物啊卧槽,19,0
,4797504972128425,Mon Aug 01 04:03:01 +0800 2022,美女也会秃头呢,https://weibo.com//u/7483868885,"我要吐了<img alt=""[悲伤]"" title=""[悲伤]"" src=""https://face.t.sinajs.cn/t4/appstyle/expression/ext/normal/ee/2018new_beishang_org.png"" />",17,0
,4797482662101436,Mon Aug 01 02:34:22 +0800 2022,zzzzZero丶,https://weibo.com//u/3033941827,濒不濒危先不说，鱼吃完了吗？还是拍个视频就丢了？看着都不像能下口的样子,12,0
,4797638958649149,Mon Aug 01 12:55:26 +0800 2022,笨北极熊,https://weibo.com//u/6562082243,这网红傻不拉几的,11,0
,4797571849785356,Mon Aug 01 08:28:46 +0800 2022,预言穆,https://weibo.com//u/1660960662,问下，这些一起吃的村民算犯罪么？,12,2
4797571849785356.0,4797572058973099,Mon Aug 01 08:29:35 +0800 2022,Esther秋-,https://weibo.com//u/6060447655,"算呗 属于从犯? 我法盲 错了别骂我<img alt=""[单身狗]"" title=""[单身狗]"" src=""https://face.t.sinajs.cn/t4/appstyle/expression/ext/normal/20/2021_alongdog_org.png"" />",0,0
4797571849785356.0,4797642711763996,Mon Aug 01 13:10:21 +0800 2022,放纵自己丶为了谁,https://weibo.com//u/5963348730,当然算了，即使不知道参与的这种行为犯法，但只要你参与了，就是犯法,0,0
,4797492229570877,Mon Aug 01 03:12:23 +0800 2022,吉力tri,https://weibo.com//u/1111135423,<a href=/n/瑞恩斯岛普>@瑞恩斯岛普</a> 好恐怖,2,1
4797492229570877.0,4797594926846579,Mon Aug 01 10:00:28 +0800 2022,瑞恩斯岛普,https://weibo.com//u/5824693145,好恐怖这种肉也能吃..？,0,0
,4797553370203670,Mon Aug 01 07:15:20 +0800 2022,CHN壹零,https://weibo.com//u/5139809883,"真刑啊，一个都跑不了，证据太全了<img alt=""[doge]"" title=""[doge]"" src=""https://face.t.sinajs.cn/t4/appstyle/expression/ext/normal/a1/2018new_doge02_org.png"" />",17,0
,4797553012376876,Mon Aug 01 07:13:55 +0800 2022,-叮叮当--,https://weibo.com//u/3229256422,"正常走路会要命？跟个大脑发育不全的一样 小孩走路都不带这样<img alt=""[doge]"" title=""[doge]"" src=""https://face.t.sinajs.cn/t4/appstyle/expression/ext/normal/a1/2018new_doge02_org.png"" /><img alt=""[二哈]"" title=""[二哈]"" src=""https://face.t.sinajs.cn/t4/appstyle/expression/ext/normal/22/2018new_erha_org.png"" />说话也听不下去",9,0
,4797651268667363,Mon Aug 01 13:44:21 +0800 2022,西早的嘻,https://weibo.com//u/5173266400,"她是不是觉得自己很可爱<img alt=""[费解]"" title=""[费解]"" src=""https://face.t.sinajs.cn/t4/appstyle/expression/ext/normal/2a/2018new_wenhao_org.png"" />",13,0
,4797620503185032,Mon Aug 01 11:42:06 +0800 2022,兔mama59,https://weibo.com//u/7011003233,这些吃的人都有罪吧 包括那个卖家,10,0
,4797491171558491,Mon Aug 01 03:08:11 +0800 2022,康妮玲格思,https://weibo.com//u/5700423750,直接死刑吧,11,0
,4797636504982687,Mon Aug 01 12:45:41 +0800 2022,xie金莲,https://weibo.com//u/3077108974,"看着像吸引小朋友看的，说话方式和肢体动作都很夸张，严查到底<img alt=""[怒]"" title=""[怒]"" src=""https://face.t.sinajs.cn/t4/appstyle/expression/ext/normal/f6/2018new_nu_org.png"" />",5,0
,4797637166896470,Mon Aug 01 12:48:19 +0800 2022,囧囧萌萌宇,https://weibo.com//u/2817368923,她们一家人都该抓起来,9,0
,4797633643941679,Mon Aug 01 12:34:19 +0800 2022,花轮的丸子同学,https://weibo.com//u/5650290345,真的跟丧尸一样,11,0
,4797554808325881,Mon Aug 01 07:21:03 +0800 2022,天水雅茗,https://weibo.com//u/1751379143,太恶心了,7,0
,4797635304625609,Mon Aug 01 12:40:55 +0800 2022,HiLuyah,https://weibo.com//u/2670850140,"证据全网都掌握了<img alt=""[笑cry]"" title=""[笑cry]"" src=""https://face.t.sinajs.cn/t4/appstyle/expression/ext/normal/4a/2018new_xiaoku_thumb.png"" />",6,0
,4797636852585350,Mon Aug 01 12:47:04 +0800 2022,春日阳光静静流淌,https://weibo.com//u/5040042109,"做作的样子<img alt=""[吐]"" title=""[吐]"" src=""https://face.t.sinajs.cn/t4/appstyle/expression/ext/normal/08/2018new_tu_org.png"" />",6,0
,4797636211901035,Mon Aug 01 12:44:30 +0800 2022,香菇酱的西瓜瓜,https://weibo.com//u/1965926281,"她会做饭吗？摆拍的吧。<img alt=""[允悲]"" title=""[允悲]"" src=""https://face.t.sinajs.cn/t4/appstyle/expression/ext/normal/83/2018new_kuxiao_org.png"" />",6,0
,4797566853584512,Mon Aug 01 08:08:55 +0800 2022,cherrylikesky,https://weibo.com//u/3802127518,主犯和从犯，视频多好的证据,14,0
,4797759531782055,Mon Aug 01 20:54:33 +0800 2022,明天LZ1,https://weibo.com//u/2272295761,有史以来最坑的团队,4,0
,4797652278970950,Mon Aug 01 13:48:21 +0800 2022,幾許閒,https://weibo.com//u/6725842890,"你们怎么喜欢看这种玩意儿<img alt=""[笑cry]"" title=""[笑cry]"" src=""https://face.t.sinajs.cn/t4/appstyle/expression/ext/normal/4a/2018new_xiaoku_thumb.png"" />",11,0
,4797647543600674,Mon Aug 01 13:29:32 +0800 2022,瞳鲤www,https://weibo.com//u/2661287451,看得我生理不适,8,0
,4797640950159282,Mon Aug 01 13:03:21 +0800 2022,LaYui-,https://weibo.com//u/2417363932,下了筷子的都要进去了,5,0
,4797580658346785,Mon Aug 01 09:03:46 +0800 2022,王小宁·,https://weibo.com//u/3868986450,食人族？？？,4,0
,4797547552704129,Mon Aug 01 06:52:13 +0800 2022,片片夹心太妃糖,https://weibo.com//u/2838464672,"不忍心看<img alt=""[奥特曼]"" title=""[奥特曼]"" src=""https://face.t.sinajs.cn/t4/appstyle/expression/ext/normal/c6/2018new_aoteman_org.png"" />🙏",7,0
,4797505146978751,Mon Aug 01 04:03:43 +0800 2022,呱纱,https://weibo.com//u/7729014795,"<img alt=""[费解]"" title=""[费解]"" src=""https://face.t.sinajs.cn/t4/appstyle/expression/ext/normal/2a/2018new_wenhao_org.png"" />救命啊这么烧饭真的好吃么？辣椒粉直接撒尾巴上看起来都没煮熟真的会好吃么？",4,0
,4797947169211598,Tue Aug 02 09:20:08 +0800 2022,小杨想拥有独角兽,https://weibo.com//u/5494601211,"我比较好奇这鲨鱼哪儿来的，没人管管吗<img alt=""[doge]"" title=""[doge]"" src=""https://face.t.sinajs.cn/t4/appstyle/expression/ext/normal/a1/2018new_doge02_org.png"" />",0,1
4797947169211598.0,4798566263949346,Thu Aug 04 02:20:13 +0800 2022,我是子卿呀,https://weibo.com//u/7534110431,我也好奇,0,0
,4797676648139385,Mon Aug 01 15:25:12 +0800 2022,可愛的小QD,https://weibo.com//u/1835717823,吃的人都抓了，保护动物,1,0
,4797665215514159,Mon Aug 01 14:39:46 +0800 2022,特立不独行的小熊猫,https://weibo.com//u/1787123681,看起来脑子不太聪明的亚子,4,0
,4797633870430720,Mon Aug 01 12:35:12 +0800 2022,chenxiaofanhuanglin,https://weibo.com//u/7710342584,好吃个屁,0,0
,4797595748927471,Mon Aug 01 10:03:44 +0800 2022,長樂晓瑜,https://weibo.com//u/1678299111,有个问题卖鲨鱼的不犯法吗？,0,0
,4797595685753725,Mon Aug 01 10:03:29 +0800 2022,zaq222198401,https://weibo.com//u/3800368850,不作死就不会死,0,0
,4797586483709041,Mon Aug 01 09:26:55 +0800 2022,梦想的天空很美好,https://weibo.com//u/2051414884,"像日本人风格，故作可爱<img alt=""[挖鼻]"" title=""[挖鼻]"" src=""https://face.t.sinajs.cn/t4/appstyle/expression/ext/normal/9a/2018new_wabi_thumb.png"" />",6,0
,4797570150827908,Mon Aug 01 08:22:01 +0800 2022,opic,https://weibo.com//u/5539428485,被抓了,2,0
,4797566833656440,Mon Aug 01 08:08:49 +0800 2022,M白露未晞M,https://weibo.com//u/5551433388,看着像是不太正常,0,0
,4797562845138822,Mon Aug 01 07:52:59 +0800 2022,莫逆于心zzz,https://weibo.com//u/3176896817,"看完相当不适<img alt=""[打脸]"" title=""[打脸]"" src=""https://face.t.sinajs.cn/t4/appstyle/expression/ext/normal/cb/2018new_dalian_org.png"" />",5,0
,4797555026691550,Mon Aug 01 07:21:55 +0800 2022,南墙七笙,https://weibo.com//u/5720803731,"看着就害怕😨怎么敢吃的<img alt=""[哆啦A梦害怕]"" title=""[哆啦A梦害怕]"" src=""https://face.t.sinajs.cn/t4/appstyle/expression/ext/normal/c7/dorahaipa_org.gif"" />",5,0
,4797670880712816,Mon Aug 01 15:02:17 +0800 2022,Hikari_安,https://weibo.com//u/1818900051,快来看吧网红多美多可爱🤮🤮,1,0
,4797670243435993,Mon Aug 01 14:59:44 +0800 2022,slinna羽-YiBo,https://weibo.com//u/1884817500,吃的时候她好像鬼,1,0
,4797654364848491,Mon Aug 01 13:56:38 +0800 2022,欧阳静秋bear,https://weibo.com//u/1774215492,之前刷到她吃娃娃鱼，真的引起了极度不适，现在想想都干呕,7,0
,4797640883306540,Mon Aug 01 13:03:04 +0800 2022,vvv大怪兽,https://weibo.com//u/5518090833,牢底坐穿,5,0
,4797625444860324,Mon Aug 01 12:01:43 +0800 2022,顾九思的小跟班·,https://weibo.com//u/2286618027,"且不说这东西能不能吃，就单独看吃鲨鱼鳄鱼的都觉得好恶心<img alt=""[哆啦A梦害怕]"" title=""[哆啦A梦害怕]"" src=""https://face.t.sinajs.cn/t4/appstyle/expression/ext/normal/c7/dorahaipa_org.gif"" /><img alt=""[哆啦A梦害怕]"" title=""[哆啦A梦害怕]"" src=""https://face.t.sinajs.cn/t4/appstyle/expression/ext/normal/c7/dorahaipa_org.gif"" /><img alt=""[哆啦A梦害怕]"" title=""[哆啦A梦害怕]"" src=""https://face.t.sinajs.cn/t4/appstyle/expression/ext/normal/c7/dorahaipa_org.gif"" /><img alt=""[哆啦A梦害怕]"" title=""[哆啦A梦害怕]"" src=""https://face.t.sinajs.cn/t4/appstyle/expression/ext/normal/c7/dorahaipa_org.gif"" />",5,0
,4797588752568231,Mon Aug 01 09:35:56 +0800 2022,蜀了个宁了个宁了个宁,https://weibo.com//u/2598843857,就这？一百多万粉丝？？？,2,0
,4797703408850067,Mon Aug 01 17:11:32 +0800 2022,三声喵叫,https://weibo.com//u/5504318766,不理解，这样呆傻的博主竟然有几百万人关注,7,0
,4797684001014994,Mon Aug 01 15:54:24 +0800 2022,今天会有好事发生ye,https://weibo.com//u/6144377058,"<img alt=""[吐]"" title=""[吐]"" src=""https://face.t.sinajs.cn/t4/appstyle/expression/ext/normal/08/2018new_tu_org.png"" /><img alt=""[吐]"" title=""[吐]"" src=""https://face.t.sinajs.cn/t4/appstyle/expression/ext/normal/08/2018new_tu_org.png"" /><img alt=""[吐]"" title=""[吐]"" src=""https://face.t.sinajs.cn/t4/appstyle/expression/ext/normal/08/2018new_tu_org.png"" /><img alt=""[吐]"" title=""[吐]"" src=""https://face.t.sinajs.cn/t4/appstyle/expression/ext/normal/08/2018new_tu_org.png"" /><img alt=""[吐]"" title=""[吐]"" src=""https://face.t.sinajs.cn/t4/appstyle/expression/ext/normal/08/2018new_tu_org.png"" />严查吧！看得生理不适",1,0
,4797654376908315,Mon Aug 01 13:56:42 +0800 2022,玻璃碴000,https://weibo.com//u/1758577947,好做作,4,0
,4797651830444714,Mon Aug 01 13:46:35 +0800 2022,_六个贝壳,https://weibo.com//u/1794499365,？？,0,0
,4797636996241531,Mon Aug 01 12:47:38 +0800 2022,狂野男孩小贾,https://weibo.com//u/3227872721,刑是真刑啊！,4,0
,4797634806546999,Mon Aug 01 12:38:55 +0800 2022,小橘酋长,https://weibo.com//u/5386088896,引起不适了,0,0
,4797633367902736,Mon Aug 01 12:33:13 +0800 2022,MikkoU-x-Uo,https://weibo.com//u/7068383979,"<img alt=""[裂开]"" title=""[裂开]"" src=""https://face.t.sinajs.cn/t4/appstyle/expression/ext/normal/1b/202011_liekai_org.png"" />",0,0
,4797632604014166,Mon Aug 01 12:30:10 +0800 2022,河边走湿脚,https://weibo.com//u/5654113086,"一条鱼给全家一窝端了<img alt=""[二哈]"" title=""[二哈]"" src=""https://face.t.sinajs.cn/t4/appstyle/expression/ext/normal/22/2018new_erha_org.png"" />",7,0
,4797631606294248,Mon Aug 01 12:26:13 +0800 2022,阿布丁粉,https://weibo.com//u/5610693822,好土味的网红,3,0
,4797630145628031,Mon Aug 01 12:20:25 +0800 2022,凌烟78467,https://weibo.com//u/7518112798,"如果我有罪，请让法律来惩罚我，而不是用这个视频<img alt=""[跪了]"" title=""[跪了]"" src=""https://face.t.sinajs.cn/t4/appstyle/expression/ext/normal/75/2018new_gui_org.png"" /><img alt=""[跪了]"" title=""[跪了]"" src=""https://face.t.sinajs.cn/t4/appstyle/expression/ext/normal/75/2018new_gui_org.png"" /><img alt=""[跪了]"" title=""[跪了]"" src=""https://face.t.sinajs.cn/t4/appstyle/expression/ext/normal/75/2018new_gui_org.png"" />",5,0
,4797693224288475,Mon Aug 01 16:31:03 +0800 2022,如初生长,https://weibo.com//u/5479142563,吃者有份，至少10年,3,0
,4797647934460323,Mon Aug 01 13:31:06 +0800 2022,牛牛牛牛叔,https://weibo.com//u/1655953124,700万粉丝,6,0
,4797631233004241,Mon Aug 01 12:24:44 +0800 2022,爱行走的喵,https://weibo.com//u/1890239417,"感觉鲨鱼好可怜，这个女孩好可恨<img alt=""[苦涩]"" title=""[苦涩]"" src=""https://face.t.sinajs.cn/t4/appstyle/expression/ext/normal/7e/2021_bitter_org.png"" />",3,0
,4797629366011835,Mon Aug 01 12:17:19 +0800 2022,加饭快加饭,https://weibo.com//u/5393329767,鲨鱼这种东西都有灵性，都是有思想的，这都敢吃绝了,4,0
,4797622151809063,Mon Aug 01 11:48:39 +0800 2022,代号__D,https://weibo.com//u/5710530375,好下头……,2,0
,4797568447676514,Mon Aug 01 08:15:14 +0800 2022,OS2109,https://weibo.com//u/6226470645,好可怕,4,0
,4797908380025035,Tue Aug 02 06:46:00 +0800 2022,幂桃雪糕,https://weibo.com//u/7613213103,但凡她懂点法 都不至于这么刑,1,0
,4797767359143180,Mon Aug 01 21:25:39 +0800 2022,我肚肚,https://weibo.com//u/5626949157,带坏小孩,1,0
,4797736086406956,Mon Aug 01 19:21:22 +0800 2022,就不告诉你名字喔,https://weibo.com//u/1023182020,"她账号什么名字 我想网暴她<img alt=""[笑哈哈]"" title=""[笑哈哈]"" src=""https://face.t.sinajs.cn/t4/appstyle/expression/ext/normal/32/lxhwahaha_org.gif"" />",2,1
4797736086406956.0,4798566424381069,Thu Aug 04 02:20:51 +0800 2022,我是子卿呀,https://weibo.com//u/7534110431,被封了,0,0
,4797682385946243,Mon Aug 01 15:48:00 +0800 2022,--小猴纸,https://weibo.com//u/3256899582,那女的吃鱼的时候像从地狱来的恶魔,1,0
,4797679223178691,Mon Aug 01 15:35:25 +0800 2022,芷琪Niki,https://weibo.com//u/1768916340,<a href=/n/-LiNzY>@-LiNzY</a>,0,0
,4797662510187935,Mon Aug 01 14:29:01 +0800 2022,喷射坤坤,https://weibo.com//u/6472314809,<a href=/n/央视新闻>@央视新闻</a> <a href=/n/央视网>@央视网</a>,1,0
,4797660944406467,Mon Aug 01 14:22:48 +0800 2022,赤色囚徒,https://weibo.com//u/6575952698,"<img alt=""[费解]"" title=""[费解]"" src=""https://face.t.sinajs.cn/t4/appstyle/expression/ext/normal/2a/2018new_wenhao_org.png"" /><img alt=""[费解]"" title=""[费解]"" src=""https://face.t.sinajs.cn/t4/appstyle/expression/ext/normal/2a/2018new_wenhao_org.png"" /><img alt=""[费解]"" title=""[费解]"" src=""https://face.t.sinajs.cn/t4/appstyle/expression/ext/normal/2a/2018new_wenhao_org.png"" /><img alt=""[费解]"" title=""[费解]"" src=""https://face.t.sinajs.cn/t4/appstyle/expression/ext/normal/2a/2018new_wenhao_org.png"" /><img alt=""[费解]"" title=""[费解]"" src=""https://face.t.sinajs.cn/t4/appstyle/expression/ext/normal/2a/2018new_wenhao_org.png"" /><img alt=""[费解]"" title=""[费解]"" src=""https://face.t.sinajs.cn/t4/appstyle/expression/ext/normal/2a/2018new_wenhao_org.png"" />整一个大迷惑操作",3,0
,4797646781551342,Mon Aug 01 13:26:31 +0800 2022,酥小晖,https://weibo.com//u/1914340667,<a href=/n/庄加桢丨Summer>@庄加桢丨Summer</a> 真是要吐了……,2,0
,4797639696056756,Mon Aug 01 12:58:21 +0800 2022,今天也是当懒狗的一天,https://weibo.com//u/5495301752,非常浪费..,1,0
,4797636147677437,Mon Aug 01 12:44:16 +0800 2022,ebemiza,https://weibo.com//u/1963406353,"我的眼睛耳朵 不干净了 <img alt=""[微笑]"" title=""[微笑]"" src=""https://face.t.sinajs.cn/t4/appstyle/expression/ext/normal/e3/2018new_weixioa02_org.png"" />",2,0
,4797635574109154,Mon Aug 01 12:41:59 +0800 2022,剧情改写大师,https://weibo.com//u/2646882882,"跟狒狒似的<img alt=""[揣手]"" title=""[揣手]"" src=""https://face.t.sinajs.cn/t4/appstyle/expression/ext/normal/af/2022_chuaishou_org.png"" />",4,0
,4797635355217700,Mon Aug 01 12:41:07 +0800 2022,白话字无虑,https://weibo.com//u/7600635901,鲨鱼：晦气,4,0
,4797632259818920,Mon Aug 01 12:28:48 +0800 2022,睡醒就该吃饭了,https://weibo.com//u/1965205985,过于做作了……,2,0
,4797628607632416,Mon Aug 01 12:14:18 +0800 2022,加饭快加饭,https://weibo.com//u/5393329767,这个都敢吃，真的是感觉没底线没道德,1,0
,4797562781959195,Mon Aug 01 07:52:44 +0800 2022,YJ从_L_的全世界路过,https://weibo.com//u/3120051730,"模仿的毫无创意，还让人看着别扭<img alt=""[拜拜]"" title=""[拜拜]"" src=""https://face.t.sinajs.cn/t4/appstyle/expression/ext/normal/fd/2018new_baibai_org.png"" /><img alt=""[拜拜]"" title=""[拜拜]"" src=""https://face.t.sinajs.cn/t4/appstyle/expression/ext/normal/fd/2018new_baibai_org.png"" /><img alt=""[拜拜]"" title=""[拜拜]"" src=""https://face.t.sinajs.cn/t4/appstyle/expression/ext/normal/fd/2018new_baibai_org.png"" />",4,0
,4798482274320425,Wed Aug 03 20:46:27 +0800 2022,拔完牙想吃火锅,https://weibo.com//u/5529113080,表情声音动作。。视频内容引人不适。。,1,0
,4797941460504213,Tue Aug 02 08:57:28 +0800 2022,大鹿斑比,https://weibo.com//u/1792626765,no zuo no die,0,0
,4797907503153441,Tue Aug 02 06:42:32 +0800 2022,幂桃雪糕,https://weibo.com//u/7613213103,这咋还让小孩儿搁那看呢？,0,0
,4797852284879373,Tue Aug 02 03:03:07 +0800 2022,失去的平衡,https://weibo.com//u/1589241917,好骯髒的感覺,0,0
,4797838632943726,Tue Aug 02 02:08:51 +0800 2022,LucyMaryORNana,https://weibo.com//u/6063677563,"感觉人有毛病<img alt=""[doge]"" title=""[doge]"" src=""https://face.t.sinajs.cn/t4/appstyle/expression/ext/normal/a1/2018new_doge02_org.png"" />",0,0
,4797775352434021,Mon Aug 01 21:57:24 +0800 2022,小包砸好吃吼,https://weibo.com//u/7378083482,"这明明是dy,说什么ks",0,0
,4797770206546883,Mon Aug 01 21:36:58 +0800 2022,唏哩呼嚕卖橘子,https://weibo.com//u/3210731185,全程：地铁老爷爷看手机表情.jpg,0,0
,4797767468189527,Mon Aug 01 21:26:05 +0800 2022,于你而言---,https://weibo.com//u/5656419624,"<img alt=""[太开心]"" title=""[太开心]"" src=""https://face.t.sinajs.cn/t4/appstyle/expression/ext/normal/1e/2018new_taikaixin_org.png"" /><img alt=""[太开心]"" title=""[太开心]"" src=""https://face.t.sinajs.cn/t4/appstyle/expression/ext/normal/1e/2018new_taikaixin_org.png"" /><img alt=""[太开心]"" title=""[太开心]"" src=""https://face.t.sinajs.cn/t4/appstyle/expression/ext/normal/1e/2018new_taikaixin_org.png"" />发现好多小粉丝，带坏这么多小朋友你笑的还真是开心",0,0
,4797767089916170,Mon Aug 01 21:24:34 +0800 2022,于你而言---,https://weibo.com//u/5656419624,"<img alt=""[太开心]"" title=""[太开心]"" src=""https://face.t.sinajs.cn/t4/appstyle/expression/ext/normal/1e/2018new_taikaixin_org.png"" /><img alt=""[太开心]"" title=""[太开心]"" src=""https://face.t.sinajs.cn/t4/appstyle/expression/ext/normal/1e/2018new_taikaixin_org.png"" /><img alt=""[太开心]"" title=""[太开心]"" src=""https://face.t.sinajs.cn/t4/appstyle/expression/ext/normal/1e/2018new_taikaixin_org.png"" />“人工养殖可食用”",0,0
,4797761160218606,Mon Aug 01 21:01:01 +0800 2022,kiki绿萝,https://weibo.com//u/7567641225,这些吃的人会被处罚吗？这个视频看起来太古怪了,0,0
,4797759679107073,Mon Aug 01 20:55:08 +0800 2022,shan_guu,https://weibo.com//u/7755223654,"这是什么妖魔鬼怪啊<img alt=""[哆啦A梦害怕]"" title=""[哆啦A梦害怕]"" src=""https://face.t.sinajs.cn/t4/appstyle/expression/ext/normal/c7/dorahaipa_org.gif"" /><img alt=""[吐]"" title=""[吐]"" src=""https://face.t.sinajs.cn/t4/appstyle/expression/ext/normal/08/2018new_tu_org.png"" />",0,0
,4797730557789657,Mon Aug 01 18:59:25 +0800 2022,J-Rocke,https://weibo.com//u/1807623885,全家吃饭， 其乐融融！,0,0
,4797721368593093,Mon Aug 01 18:22:53 +0800 2022,一只生活在西湖的小鸭,https://weibo.com//u/5888524269,这……不惩罚?,0,0
,4797721251153980,Mon Aug 01 18:22:25 +0800 2022,叶青木川,https://weibo.com//u/6537492507,"她一直说好香好嫩，我一点没看出来嫩<img alt=""[允悲]"" title=""[允悲]"" src=""https://face.t.sinajs.cn/t4/appstyle/expression/ext/normal/83/2018new_kuxiao_org.png"" />从那个鱼皮被她戳皱起来我就要恶心吐了",1,0
,4797719425845055,Mon Aug 01 18:15:10 +0800 2022,照W骗J,https://weibo.com//u/2482261911,"好像那过年放的窜天猴子，一蹦一蹦的<img alt=""[怒]"" title=""[怒]"" src=""https://face.t.sinajs.cn/t4/appstyle/expression/ext/normal/f6/2018new_nu_org.png"" />",1,0
,4797690031903134,Mon Aug 01 16:18:23 +0800 2022,小小微博圈,https://weibo.com//u/5622078297,"二舅抓进去没有<img alt=""[doge]"" title=""[doge]"" src=""https://face.t.sinajs.cn/t4/appstyle/expression/ext/normal/a1/2018new_doge02_org.png"" /><img alt=""[doge]"" title=""[doge]"" src=""https://face.t.sinajs.cn/t4/appstyle/expression/ext/normal/a1/2018new_doge02_org.png"" />",0,0
,4797683258363579,Mon Aug 01 15:51:28 +0800 2022,人间明暗明明暗暗,https://weibo.com//u/7742239872,卧槽没有底线吗都？？？,1,0
,4797682776277742,Mon Aug 01 15:49:32 +0800 2022,北冕·武仙座喵喵,https://weibo.com//u/7561441786,这种人怎么火的，监管部门呢,0,0
,4797679458320569,Mon Aug 01 15:36:21 +0800 2022,关爱222585,https://weibo.com//u/5552569727,还有吃其它的视频吗？,0,0
,4797674274161309,Mon Aug 01 15:15:45 +0800 2022,我有一只橘胖次,https://weibo.com//u/5228176488,强烈建议这家去10日本人,0,0
,4797672798290426,Mon Aug 01 15:09:53 +0800 2022,马聪明congcong,https://weibo.com//u/5534740760,"全程拍下犯罪过程<img alt=""[允悲]"" title=""[允悲]"" src=""https://face.t.sinajs.cn/t4/appstyle/expression/ext/normal/83/2018new_kuxiao_org.png"" />",0,0
,4797668323232270,Mon Aug 01 14:52:07 +0800 2022,一点都不好玩-,https://weibo.com//u/3260244662,<a href=/n/不爽要呐喊>@不爽要呐喊</a>,0,0
,4797668096213459,Mon Aug 01 14:51:12 +0800 2022,I凌绝顶,https://weibo.com//u/1725588670,送她上路,0,0
,4797665634419608,Mon Aug 01 14:41:25 +0800 2022,马达的大姨妈,https://weibo.com//u/6406286770,她好聒噪，耳朵都嗡嗡嗡,0,0
,4797663915278821,Mon Aug 01 14:34:35 +0800 2022,ning_lix,https://weibo.com//u/7679091329,跟个二臂一眼,0,0
,4797663020581221,Mon Aug 01 14:31:02 +0800 2022,HExianzizZ,https://weibo.com//u/5620933136,这是？？？这他妈肢体动作比他妈精神病还不正常,0,0
,4797655761553804,Mon Aug 01 14:02:12 +0800 2022,我们还不太懂2021,https://weibo.com//u/6302095436,好恶心,0,0
,4797654845889093,Mon Aug 01 13:58:34 +0800 2022,林林00霖霖,https://weibo.com//u/3101406433,"一家人整整齐齐搞牢里头<img alt=""[太开心]"" title=""[太开心]"" src=""https://face.t.sinajs.cn/t4/appstyle/expression/ext/normal/1e/2018new_taikaixin_org.png"" /><img alt=""[太开心]"" title=""[太开心]"" src=""https://face.t.sinajs.cn/t4/appstyle/expression/ext/normal/1e/2018new_taikaixin_org.png"" /><img alt=""[太开心]"" title=""[太开心]"" src=""https://face.t.sinajs.cn/t4/appstyle/expression/ext/normal/1e/2018new_taikaixin_org.png"" /><img alt=""[太开心]"" title=""[太开心]"" src=""https://face.t.sinajs.cn/t4/appstyle/expression/ext/normal/1e/2018new_taikaixin_org.png"" /><img alt=""[太开心]"" title=""[太开心]"" src=""https://face.t.sinajs.cn/t4/appstyle/expression/ext/normal/1e/2018new_taikaixin_org.png"" />",0,0
,4797654787164800,Mon Aug 01 13:58:19 +0800 2022,橙澄程啊,https://weibo.com//u/6201195963,"就这也能火<img alt=""[污]"" title=""[污]"" src=""https://face.t.sinajs.cn/t4/appstyle/expression/ext/normal/10/2018new_wu_org.png"" /><img alt=""[污]"" title=""[污]"" src=""https://face.t.sinajs.cn/t4/appstyle/expression/ext/normal/10/2018new_wu_org.png"" /><img alt=""[污]"" title=""[污]"" src=""https://face.t.sinajs.cn/t4/appstyle/expression/ext/normal/10/2018new_wu_org.png"" />",1,0
,4797652620019712,Mon Aug 01 13:49:42 +0800 2022,胆小又懦弱y,https://weibo.com//u/7279547455,为什么那么大一块直接扯着啃,0,0
,4797645677136355,Mon Aug 01 13:22:08 +0800 2022,似星河入梦Dana,https://weibo.com//u/2273968822,"吃鲨鱼的全部重刑<img alt=""[哼]"" title=""[哼]"" src=""https://face.t.sinajs.cn/t4/appstyle/expression/ext/normal/7c/2018new_heng_org.png"" />",0,0
,4797644696717205,Mon Aug 01 13:18:13 +0800 2022,青春不再出发88,https://weibo.com//u/1734201137,浅薄的网红，早晚出事,0,0
,4797643606201112,Mon Aug 01 13:13:54 +0800 2022,蛋黄阿酱,https://weibo.com//u/1766529355,这种视频真的好看?,1,0
,4797642838642193,Mon Aug 01 13:10:51 +0800 2022,咿咿呀呀呀ya,https://weibo.com//u/6889153609,真的会有人喜欢看这种视频吗，我觉得这女的精神状况有点问题。。。,0,0
,4797642096248128,Mon Aug 01 13:07:53 +0800 2022,雾霾天气深呼吸,https://weibo.com//u/2647903021,我看刑,0,0
,4797641793210509,Mon Aug 01 13:06:42 +0800 2022,熟能无惑ly,https://weibo.com//u/5659594964,"这什么品味的网红，那动作那表情，简直看不了<img alt=""[吐]"" title=""[吐]"" src=""https://face.t.sinajs.cn/t4/appstyle/expression/ext/normal/08/2018new_tu_org.png"" />",0,0
,4797641760179541,Mon Aug 01 13:06:34 +0800 2022,万物皆可21,https://weibo.com//u/7024779597,这种像跳梁小丑似的动物用极度浮夸尴尬的的言行在网络上发一些极度恶俗无聊的东西竟然还被无数男女老少趋之若鹜的追捧成了网红，太可怕了……,0,0
,4797641492532653,Mon Aug 01 13:05:30 +0800 2022,M徐琳,https://weibo.com//u/1807237165,像个精神不太正常的人,0,0
,4797639742459594,Mon Aug 01 12:58:33 +0800 2022,1eb0,https://weibo.com//u/5528627998,"一家人都吃了<img alt=""[允悲]"" title=""[允悲]"" src=""https://face.t.sinajs.cn/t4/appstyle/expression/ext/normal/83/2018new_kuxiao_org.png"" />",0,0
,4797638002347345,Mon Aug 01 12:51:38 +0800 2022,冷漠小蛋糕,https://weibo.com//u/7199255772,有粉丝也是绝了,0,0
,4797635930099232,Mon Aug 01 12:43:24 +0800 2022,headhunterzzz,https://weibo.com//u/5538345430,"带1斤手铐进监狱看同伙<img alt=""[doge]"" title=""[doge]"" src=""https://face.t.sinajs.cn/t4/appstyle/expression/ext/normal/a1/2018new_doge02_org.png"" />",0,0
,4797634608367035,Mon Aug 01 12:38:09 +0800 2022,鹿灿灿啊,https://weibo.com//u/2731452907,她有微博吗,0,0
,4797634315554422,Mon Aug 01 12:36:59 +0800 2022,吳聊---,https://weibo.com//u/7376521366,？第一次看这种视频，我的眼睛……,1,0
,4797633917617558,Mon Aug 01 12:35:24 +0800 2022,phoenix__yuan,https://weibo.com//u/2494075887,是真的恶心🤢，恶趣味,0,0
,4797633208520998,Mon Aug 01 12:32:35 +0800 2022,逃不出重庆男人的手掌心,https://weibo.com//u/7104474681,真的好做作，一大股绿茶味，估计只有她自己觉得她自己可爱，看她吃娃娃鱼我就在想她咋个下得去口哦,1,0
,4797633204061528,Mon Aug 01 12:32:33 +0800 2022,赤道苏打美式,https://weibo.com//u/7617025154,说话就说话，别特么蹦跶行吗,0,0
,4797632259557562,Mon Aug 01 12:28:48 +0800 2022,抓住了他31277,https://weibo.com//u/6252078851,这不还没出调查结果吗，不要先入为主，好吗？,0,0
,4797631975392948,Mon Aug 01 12:27:41 +0800 2022,白桃桃玛奇朵,https://weibo.com//u/7721309076,"说话有点尴尬，感觉学历很低的亚子<img alt=""[允悲]"" title=""[允悲]"" src=""https://face.t.sinajs.cn/t4/appstyle/expression/ext/normal/83/2018new_kuxiao_org.png"" />",0,0
,4797629986243675,Mon Aug 01 12:19:47 +0800 2022,Z·Y·Y·,https://weibo.com//u/1735556184,看得我眉头紧皱,1,0
,4797628456113688,Mon Aug 01 12:13:42 +0800 2022,一些番茄一些酱,https://weibo.com//u/2210665762,"鬼喊鬼叫<img alt=""[费解]"" title=""[费解]"" src=""https://face.t.sinajs.cn/t4/appstyle/expression/ext/normal/2a/2018new_wenhao_org.png"" />",0,0
,4797619404281818,Mon Aug 01 11:37:44 +0800 2022,开心市民吴可爱o,https://weibo.com//u/6871940367,她老蹦个啥,0,0
,4797599380935787,Mon Aug 01 10:18:10 +0800 2022,iMovi,https://weibo.com//u/1889268705,小粉丝吐你一脸,0,0
,4797589532184317,Mon Aug 01 09:39:02 +0800 2022,枢兰,https://weibo.com//u/1789659384,吃了的人都有责任吧,2,0
,4797586919393040,Mon Aug 01 09:28:38 +0800 2022,cindy超人嘉,https://weibo.com//u/1779942721,"<a href=/n/eMeRAld_7>@eMeRAld_7</a> <img alt=""[允悲]"" title=""[允悲]"" src=""https://face.t.sinajs.cn/t4/appstyle/expression/ext/normal/83/2018new_kuxiao_org.png"" />",0,1
4797586919393040.0,4797662845207162,Mon Aug 01 14:30:20 +0800 2022,eMeRAld_7,https://weibo.com//u/1840429362,"<img alt=""[衰]"" title=""[衰]"" src=""https://face.t.sinajs.cn/t4/appstyle/expression/ext/normal/a2/2018new_shuai_org.png"" />",0,0
,4797577251526650,Mon Aug 01 08:50:14 +0800 2022,沐籽的世界,https://weibo.com//u/3240222533,就像个二,0,0
,4797575444825421,Mon Aug 01 08:43:03 +0800 2022,木木木米Y,https://weibo.com//u/3146030232,这种视频为什么会火   那么聒噪   那么做作,0,0
,4797574760893124,Mon Aug 01 08:40:20 +0800 2022,折梨白,https://weibo.com//u/7569065693,这一家真的刑了,0,0
,4797574618287553,Mon Aug 01 08:39:46 +0800 2022,长颈鹿爱吃橙子O_o,https://weibo.com//u/5615022961,好假，动作好假,0,0
,4797574438191247,Mon Aug 01 08:39:02 +0800 2022,拥抱大海和鱼,https://weibo.com//u/5711759535,为什么感觉她说话肢体动作这么夸张，感觉就像精神有问题的一样,0,0
,4797568229314194,Mon Aug 01 08:14:23 +0800 2022,西月木子,https://weibo.com//u/5121981771,浪费粮食，可耻,0,0
,4797567026595193,Mon Aug 01 08:09:35 +0800 2022,西月木子,https://weibo.com//u/5121981771,浪费,0,0
,4797562122666559,Mon Aug 01 07:50:06 +0800 2022,来了少年仔,https://weibo.com//u/7765735343,好傻p的感觉,0,0
,4797561762218879,Mon Aug 01 07:48:41 +0800 2022,你钓我鱼,https://weibo.com//u/3865585017,一家人整整齐齐,1,0
,4797561623284792,Mon Aug 01 07:48:08 +0800 2022,暮色森林狩夜人,https://weibo.com//u/7621404545,大白鲨哪里来的，也要查查，,0,0
,4797560013981268,Mon Aug 01 07:41:44 +0800 2022,China好姑娘Mmmao,https://weibo.com//u/3537391265,<a href=/n/BlackGuuuuu>@BlackGuuuuu</a>,0,0
,4797552282568166,Mon Aug 01 07:11:01 +0800 2022,洋洋大概会拍照,https://weibo.com//u/5599833650,"这些人一个都跑不掉了<img alt=""[允悲]"" title=""[允悲]"" src=""https://face.t.sinajs.cn/t4/appstyle/expression/ext/normal/83/2018new_kuxiao_org.png"" />",0,0
,4797549988283275,Mon Aug 01 07:01:54 +0800 2022,Baek小黄,https://weibo.com//u/6495861928,心寒,0,0
,4797542938969063,Mon Aug 01 06:33:53 +0800 2022,zerC创,https://weibo.com//u/2692208942,这FZ证据都不用收集了，都拍出来了,0,0
,4797651873173117,Mon Aug 01 13:46:45 +0800 2022,一尺枪丶,https://weibo.com//u/2799612644,这人是不是哪里不正常…说话时候身体极其不协调,15,0
,4797625661919505,Mon Aug 01 12:02:36 +0800 2022,启凡哥哥,https://weibo.com//u/2042012104,疯疯癫癫跟个妖怪一样,9,0
,4797625075239379,Mon Aug 01 12:00:16 +0800 2022,启凡哥哥,https://weibo.com//u/2042012104,这张人工脸真的丑啊，还那么浮夸,5,0
,4797653370276761,Mon Aug 01 13:52:42 +0800 2022,洋洋得意洋洋2019,https://weibo.com//u/7369227641,"这么蠢的一些视频也有人看有人打赏，为什么<img alt=""[允悲]"" title=""[允悲]"" src=""https://face.t.sinajs.cn/t4/appstyle/expression/ext/normal/83/2018new_kuxiao_org.png"" />",13,0
,4797499333935854,Mon Aug 01 03:40:37 +0800 2022,木向南33,https://weibo.com//u/7322160981,死刑,7,0
,4797655206597385,Mon Aug 01 14:00:00 +0800 2022,嘚儿兔you,https://weibo.com//u/7432630917,"<img alt=""[拜拜]"" title=""[拜拜]"" src=""https://face.t.sinajs.cn/t4/appstyle/expression/ext/normal/fd/2018new_baibai_org.png"" /><img alt=""[拜拜]"" title=""[拜拜]"" src=""https://face.t.sinajs.cn/t4/appstyle/expression/ext/normal/fd/2018new_baibai_org.png"" />粉这种人的心态是怎样的？",12,0
,4797639785187313,Mon Aug 01 12:58:43 +0800 2022,沧海坚实,https://weibo.com//u/5694791454,一家子整整齐齐,3,0
,4797655702047904,Mon Aug 01 14:01:58 +0800 2022,嘚儿兔you,https://weibo.com//u/7432630917,"<img alt=""[吐]"" title=""[吐]"" src=""https://face.t.sinajs.cn/t4/appstyle/expression/ext/normal/08/2018new_tu_org.png"" /><img alt=""[吐]"" title=""[吐]"" src=""https://face.t.sinajs.cn/t4/appstyle/expression/ext/normal/08/2018new_tu_org.png"" /><img alt=""[吐]"" title=""[吐]"" src=""https://face.t.sinajs.cn/t4/appstyle/expression/ext/normal/08/2018new_tu_org.png"" /><img alt=""[吐]"" title=""[吐]"" src=""https://face.t.sinajs.cn/t4/appstyle/expression/ext/normal/08/2018new_tu_org.png"" />",5,0
,4797633018989338,Mon Aug 01 12:31:50 +0800 2022,阮不阮,https://weibo.com//u/1373142233,"看她拿铲子拍鲨鱼真的好想过去给她几铲子<img alt=""[骷髅]"" title=""[骷髅]"" src=""https://face.t.sinajs.cn/t4/appstyle/expression/ext/normal/a1/2018new_kulou_org.png"" />",4,0
,4798731705386399,Thu Aug 04 13:17:36 +0800 2022,箜湫落,https://weibo.com//u/7394156855,这动作和声音……难怪它选择了走猎奇路线,0,0
,4797725873278952,Mon Aug 01 18:40:48 +0800 2022,来份河豚刺身,https://weibo.com//u/7210086524,ks风格是这样，做作又恶心,0,0
,4797645589054930,Mon Aug 01 13:21:47 +0800 2022,全款买下矿泉水,https://weibo.com//u/7610364220,这种视频的受众到底是什么,0,0
,4797638018600872,Mon Aug 01 12:51:42 +0800 2022,一只雪糕雅,https://weibo.com//u/7758361378,他根本就没有一米九吧 真的赶紧封号，然后赶紧把这个消失吧！,0,0
,4797601238484458,Mon Aug 01 10:25:33 +0800 2022,上岸呀必须YEAH,https://weibo.com//u/7571143994,她以后会不会吃人啊？,0,0
,4797570428177209,Mon Aug 01 08:23:07 +0800 2022,先考上吧,https://weibo.com//u/7609821093,一家人整整齐齐,1,0
,4797830399263885,Tue Aug 02 01:36:09 +0800 2022,在等一个白敬亭,https://weibo.com//u/3649200001,很刑,1,0
,4797825667303987,Tue Aug 02 01:17:21 +0800 2022,李小小琳V嗯嗯,https://weibo.com//u/1741806510,把她扔进海里喂鲨鱼吧,1,0
,4797750614953798,Mon Aug 01 20:19:07 +0800 2022,byebs,https://weibo.com//u/5534382202,<a href=/n/半糖奶油糖>@半糖奶油糖</a>,0,0
,4797698148668471,Mon Aug 01 16:50:38 +0800 2022,你知道大宝麽,https://weibo.com//u/5797974680,"被吓到了<img alt=""[泪]"" title=""[泪]"" src=""https://face.t.sinajs.cn/t4/appstyle/expression/ext/normal/6e/2018new_leimu_org.png"" />",1,0
,4797697850088344,Mon Aug 01 16:49:27 +0800 2022,pennesss,https://weibo.com//u/2098889713,好恐怖啊,1,0
,4797696667814751,Mon Aug 01 16:44:45 +0800 2022,小超人滚去学习赚钱,https://weibo.com//u/1070227457,她上次还吃了娃娃鱼。之前抓鸟的判了无期，希望这个也直接无期,0,0
,4797691558893375,Mon Aug 01 16:24:27 +0800 2022,xooojy,https://weibo.com//u/5238501397,<a href=/n/-吃饭吗G>@-吃饭吗G</a> 6,0,1
4797691558893375.0,4797692574961406,Mon Aug 01 16:28:29 +0800 2022,-吃饭吗G,https://weibo.com//u/7482649578,"在dy看过完整版<img alt=""[泪]"" title=""[泪]"" src=""https://face.t.sinajs.cn/t4/appstyle/expression/ext/normal/6e/2018new_leimu_org.png"" />她真的不会吃人吗",0,0
,4797690770885861,Mon Aug 01 16:21:19 +0800 2022,禾枫吟,https://weibo.com//u/2827228635,最后她在啃那个鲨鱼尾是看完今晚要做噩梦的程度，跟丧尸一样,5,0
,4797690133087429,Mon Aug 01 16:18:46 +0800 2022,禾枫吟,https://weibo.com//u/2827228635,吃了不怕得胃癌吗,3,0
,4797686287176942,Mon Aug 01 16:03:30 +0800 2022,苏菲的姜饼人,https://weibo.com//u/6317248974,"这个网红看起来也是20好几的人了，说话和行为幼稚且矫揉造作，她能火我是真的不理解<img alt=""[费解]"" title=""[费解]"" src=""https://face.t.sinajs.cn/t4/appstyle/expression/ext/normal/2a/2018new_wenhao_org.png"" />",2,0
,4797672873268599,Mon Aug 01 15:10:12 +0800 2022,Sparklers葉,https://weibo.com//u/1801914264,"<img alt=""[二哈]"" title=""[二哈]"" src=""https://face.t.sinajs.cn/t4/appstyle/expression/ext/normal/22/2018new_erha_org.png"" />吃相难看",0,0
,4797670683839067,Mon Aug 01 15:01:30 +0800 2022,Thfhhgt,https://weibo.com//u/7683493512,好恶心。。。。。,0,0
,4797670617253973,Mon Aug 01 15:01:13 +0800 2022,苏星牙,https://weibo.com//u/3326489240,真正的鬼畜,1,0
,4797666142458707,Mon Aug 01 14:43:27 +0800 2022,武和珍,https://weibo.com//u/5730037228,"<a href=/n/莉里丽>@莉里丽</a> 好窒息啊！！！<img alt=""[裂开]"" title=""[裂开]"" src=""https://face.t.sinajs.cn/t4/appstyle/expression/ext/normal/1b/202011_liekai_org.png"" /> 我无力吐槽！！ 动作 行为 声音 演技 简直是无下限<img alt=""[裂开]"" title=""[裂开]"" src=""https://face.t.sinajs.cn/t4/appstyle/expression/ext/normal/1b/202011_liekai_org.png"" />",7,0
,4797663259923549,Mon Aug 01 14:32:00 +0800 2022,悲伤小帆,https://weibo.com//u/7263603878,"好吓人 想知道她怎么下的去嘴的<img alt=""[裂开]"" title=""[裂开]"" src=""https://face.t.sinajs.cn/t4/appstyle/expression/ext/normal/1b/202011_liekai_org.png"" /><img alt=""[裂开]"" title=""[裂开]"" src=""https://face.t.sinajs.cn/t4/appstyle/expression/ext/normal/1b/202011_liekai_org.png"" />",0,0
,4797662065328306,Mon Aug 01 14:27:14 +0800 2022,左眼的悲伤与右眼的倔强,https://weibo.com//u/3687846312,丧尸🧟‍♀️吧,0,0
,4797659908671367,Mon Aug 01 14:18:41 +0800 2022,石川启悟327,https://weibo.com//u/2190507052,她好脏好邋遢,9,0
,4797659880360376,Mon Aug 01 14:18:34 +0800 2022,天官赐福-汪铎不吃螺蛳粉可恶啊,https://weibo.com//u/5247942047,<a href=/n/清霄彔九>@清霄彔九</a>,0,0
,4797656805415948,Mon Aug 01 14:06:21 +0800 2022,是yayayayayaZ,https://weibo.com//u/6496009821,吐了,3,0
,4797655101999609,Mon Aug 01 13:59:35 +0800 2022,日常馋国超的身子,https://weibo.com//u/6008236945,<a href=/n/菠萝儿嘿嘿>@菠萝儿嘿嘿</a>,0,0
,4797654669726864,Mon Aug 01 13:57:52 +0800 2022,平平无奇的追星杀马客,https://weibo.com//u/2721064363,😅😅😅救命，鲨鱼皮上全是尿。她处理干净没？不嫌尿骚啊？,4,0
,4797654301150140,Mon Aug 01 13:56:24 +0800 2022,张萌哆儿,https://weibo.com//u/1083708724,<a href=/n/小丸子没有膨化零食>@小丸子没有膨化零食</a>,0,0
,4797653428997436,Mon Aug 01 13:52:56 +0800 2022,邬無芜,https://weibo.com//u/6329452829,"我看着想吐，怎么下得去嘴的呀<img alt=""[费解]"" title=""[费解]"" src=""https://face.t.sinajs.cn/t4/appstyle/expression/ext/normal/2a/2018new_wenhao_org.png"" />",0,0
,4797652812432885,Mon Aug 01 13:50:29 +0800 2022,吾昂的琐碎日常,https://weibo.com//u/3993983585,他说话听的我恶心、不会正常说话吗,19,0
,4797650027677193,Mon Aug 01 13:39:25 +0800 2022,屿粲winnie,https://weibo.com//u/7479063118,"她好像丧尸啊<img alt=""[怒]"" title=""[怒]"" src=""https://face.t.sinajs.cn/t4/appstyle/expression/ext/normal/f6/2018new_nu_org.png"" /><img alt=""[怒]"" title=""[怒]"" src=""https://face.t.sinajs.cn/t4/appstyle/expression/ext/normal/f6/2018new_nu_org.png"" /><img alt=""[怒]"" title=""[怒]"" src=""https://face.t.sinajs.cn/t4/appstyle/expression/ext/normal/f6/2018new_nu_org.png"" />感觉下一秒就要吃人了",0,0
,4797645459817155,Mon Aug 01 13:21:15 +0800 2022,Famiglistimo_ry,https://weibo.com//u/3981278512,"他也知道全中国就几条<img alt=""[微笑]"" title=""[微笑]"" src=""https://face.t.sinajs.cn/t4/appstyle/expression/ext/normal/e3/2018new_weixioa02_org.png"" />",8,0
,4797645158093110,Mon Aug 01 13:20:04 +0800 2022,朱家甜橘880416,https://weibo.com//u/6743982879,"这个视频看得人打脑壳，说话做作恶心，还说好多小朋友都是她的粉丝，这不是残害祖国未来的花朵吗？望严查，感觉一家人都有问题，感觉送去吃牢饭都是浪费粮食<img alt=""[怒]"" title=""[怒]"" src=""https://face.t.sinajs.cn/t4/appstyle/expression/ext/normal/f6/2018new_nu_org.png"" /><img alt=""[怒]"" title=""[怒]"" src=""https://face.t.sinajs.cn/t4/appstyle/expression/ext/normal/f6/2018new_nu_org.png"" /><img alt=""[怒]"" title=""[怒]"" src=""https://face.t.sinajs.cn/t4/appstyle/expression/ext/normal/f6/2018new_nu_org.png"" /><img alt=""[怒]"" title=""[怒]"" src=""https://face.t.sinajs.cn/t4/appstyle/expression/ext/normal/f6/2018new_nu_org.png"" />",0,0
,4797643866243433,Mon Aug 01 13:14:55 +0800 2022,芝士焗蝴蝶虾,https://weibo.com//u/7437998016,"我觉得重点不能放在吃相或者走路上，更不能放在女生本身的样子上，不然也挺没素质的<img alt=""[裂开]"" title=""[裂开]"" src=""https://face.t.sinajs.cn/t4/appstyle/expression/ext/normal/1b/202011_liekai_org.png"" />重点不应该是她吃了国家保护动物吗，怎么这么多人攻击长相攻击动作<img alt=""[裂开]"" title=""[裂开]"" src=""https://face.t.sinajs.cn/t4/appstyle/expression/ext/normal/1b/202011_liekai_org.png"" /><img alt=""[裂开]"" title=""[裂开]"" src=""https://face.t.sinajs.cn/t4/appstyle/expression/ext/normal/1b/202011_liekai_org.png"" />",14,0
,4797643509204684,Mon Aug 01 13:13:30 +0800 2022,芬芳不姓张,https://weibo.com//u/5315125690,没道德 还做作,2,0
,4797642498643454,Mon Aug 01 13:09:30 +0800 2022,Ying塋,https://weibo.com//u/1760523734,我听她说话真的要吐了，这下好了，一家人齐齐整整,8,0
,4797640740705186,Mon Aug 01 13:02:31 +0800 2022,SOGA小事,https://weibo.com//u/1528708397,好做作，好恶心，好难听的嗓音，怎么会有粉丝的,5,0
,4797640091635853,Mon Aug 01 12:59:56 +0800 2022,Iemonade_,https://weibo.com//u/1934122075,<a href=/n/Iemony_>@Iemony_</a> 好可怕,0,0
,4797638672651588,Mon Aug 01 12:54:18 +0800 2022,Nicole-FYX,https://weibo.com//u/3922584025,"愚昧和无知是多么的可怕<img alt=""[吐]"" title=""[吐]"" src=""https://face.t.sinajs.cn/t4/appstyle/expression/ext/normal/08/2018new_tu_org.png"" />",0,0
,4797637351705145,Mon Aug 01 12:49:02 +0800 2022,Ts缘来你是我唯一的小棉袄,https://weibo.com//u/3850564812,真的搞笑一条人命竟然不如一条鱼,0,0
,4797637020090466,Mon Aug 01 12:47:43 +0800 2022,哈哈5979268125,https://weibo.com//u/5979268125,好恶心，做作，,0,0
,4797636970545186,Mon Aug 01 12:47:31 +0800 2022,牛奶万,https://weibo.com//u/2113501380,吐了 吃成这样,3,0
,4797636727801728,Mon Aug 01 12:46:34 +0800 2022,雪妹baby-,https://weibo.com//u/2151063251,"<a href=/n/-可以每天都喝奶茶吗>@-可以每天都喝奶茶吗</a> 只有我好奇她怎么搞到的大白鲨吗<img alt=""[摊手]"" title=""[摊手]"" src=""https://face.t.sinajs.cn/t4/appstyle/expression/ext/normal/62/2018new_tanshou_org.png"" />",1,0
,4797636533555464,Mon Aug 01 12:45:48 +0800 2022,眼堵,https://weibo.com//u/5123953497,<a href=/n/COLAPEPSI·>@COLAPEPSI·</a>,0,0
,4797635335293280,Mon Aug 01 12:41:02 +0800 2022,B型桃,https://weibo.com//u/3275620381,我在网络上还没骂过人，但是真的想打爆这个女的的头,0,0
,4797635305932714,Mon Aug 01 12:40:55 +0800 2022,云升岛主,https://weibo.com//u/1746506007,儿豁，虽然看完了，吃相太JB难看了，恶心到家,0,0
,4797633949860801,Mon Aug 01 12:35:31 +0800 2022,橙了了,https://weibo.com//u/1874045285,<a href=/n/橘子又迟到啦>@橘子又迟到啦</a> 太可怕了,0,0
,4797633756926137,Mon Aug 01 12:34:46 +0800 2022,在下阿蒲,https://weibo.com//u/5743180954,<a href=/n/秃头锦标赛冠军>@秃头锦标赛冠军</a>,0,0
,4797632704157849,Mon Aug 01 12:30:35 +0800 2022,朽木飞花,https://weibo.com//u/1669759104,快封杀了吧，看了这女的想吐，太尴尬了,4,0
,4797630146416108,Mon Aug 01 12:20:25 +0800 2022,最近没状态,https://weibo.com//u/2945826202,人给你拍遗照呢,0,0
,4798566716932638,Thu Aug 04 02:22:01 +0800 2022,我是子卿呀,https://weibo.com//u/7534110431,九敏，这种人为什么会有中国国籍,0,0
