﻿parent_comment_id,comment_id,comment_time,comment_user_name,comment_user_link,comment_content,comment_like_num,child_comment_num
,4797602087047311,Mon Aug 01 10:28:55 +0800 2022,正义通山,https://weibo.com//u/5075850400,"<img alt=""[话筒]"" title=""[话筒]"" src=""https://face.t.sinajs.cn/t4/appstyle/expression/ext/normal/48/2018new_huatong_org.png"" />",0,0
,4797604157719732,Mon Aug 01 10:37:08 +0800 2022,眉山公安,https://weibo.com//u/3355041210,"<img alt=""[话筒]"" title=""[话筒]"" src=""https://face.t.sinajs.cn/t4/appstyle/expression/ext/normal/48/2018new_huatong_org.png"" /><img alt=""[话筒]"" title=""[话筒]"" src=""https://face.t.sinajs.cn/t4/appstyle/expression/ext/normal/48/2018new_huatong_org.png"" />",0,0
,4797602316681991,Mon Aug 01 10:29:49 +0800 2022,槐荫检察,https://weibo.com//u/5541405531,关注热点信息，传递法治资讯<a href=/n/槐荫检察>@槐荫检察</a>,0,0
,4797599024944617,Mon Aug 01 10:16:45 +0800 2022,龙泉驿人社,https://weibo.com//u/2596443261,"<img alt=""[话筒]"" title=""[话筒]"" src=""https://face.t.sinajs.cn/t4/appstyle/expression/ext/normal/48/2018new_huatong_org.png"" />",0,0
,4797597610938483,Mon Aug 01 10:11:08 +0800 2022,宝鸡检察,https://weibo.com//u/5193731648,"【<a href=""//s.weibo.com/weibo?q=%23%E8%AD%A6%E6%96%B9%E8%AE%A4%E5%AE%9A%E7%BD%91%E7%BA%A2%E7%94%A8%E6%BF%92%E5%8D%B1%E5%A4%A7%E7%99%BD%E9%B2%A8%E5%81%9A%E7%BE%8E%E9%A3%9F%23"" target=""_blank"">#警方认定网红用濒危大白鲨做美食#</a>：相关案件正在办理中】",0,0
,4797594201756367,Mon Aug 01 09:57:35 +0800 2022,永州警事,https://weibo.com//u/1595424264,"关注<img alt=""[话筒]"" title=""[话筒]"" src=""https://face.t.sinajs.cn/t4/appstyle/expression/ext/normal/48/2018new_huatong_org.png"" />",0,0
,4797591617541029,Mon Aug 01 09:47:19 +0800 2022,菏泽中院,https://weibo.com//u/2156372723,"关注<img alt=""[话筒]"" title=""[话筒]"" src=""https://face.t.sinajs.cn/t4/appstyle/expression/ext/normal/48/2018new_huatong_org.png"" />关注<img alt=""[话筒]"" title=""[话筒]"" src=""https://face.t.sinajs.cn/t4/appstyle/expression/ext/normal/48/2018new_huatong_org.png"" />",0,0
,4797591487255918,Mon Aug 01 09:46:48 +0800 2022,杭州检察,https://weibo.com//u/2810632993,关注热点,0,0
