﻿parent_comment_id,comment_id,comment_time,comment_user_name,comment_user_link,comment_content,comment_like_num,child_comment_num
,4797637745708323,Mon Aug 01 12:50:37 +0800 2022,菏泽市人民检察院,https://weibo.com//u/5455970373,"关注关注<img alt=""[话筒]"" title=""[话筒]"" src=""https://face.t.sinajs.cn/t4/appstyle/expression/ext/normal/48/2018new_huatong_org.png"" /><img alt=""[话筒]"" title=""[话筒]"" src=""https://face.t.sinajs.cn/t4/appstyle/expression/ext/normal/48/2018new_huatong_org.png"" />",1,0
,4797622240152783,Mon Aug 01 11:49:00 +0800 2022,辽宁消防,https://weibo.com//u/1363502007,"关注<img alt=""[话筒]"" title=""[话筒]"" src=""https://face.t.sinajs.cn/t4/appstyle/expression/ext/normal/48/2018new_huatong_org.png"" /><img alt=""[话筒]"" title=""[话筒]"" src=""https://face.t.sinajs.cn/t4/appstyle/expression/ext/normal/48/2018new_huatong_org.png"" /><img alt=""[话筒]"" title=""[话筒]"" src=""https://face.t.sinajs.cn/t4/appstyle/expression/ext/normal/48/2018new_huatong_org.png"" />",1,0
,4797617299788514,Mon Aug 01 11:29:22 +0800 2022,桂阳法院,https://weibo.com//u/3953646138,"关注<img alt=""[话筒]"" title=""[话筒]"" src=""https://face.t.sinajs.cn/t4/appstyle/expression/ext/normal/48/2018new_huatong_org.png"" /><img alt=""[话筒]"" title=""[话筒]"" src=""https://face.t.sinajs.cn/t4/appstyle/expression/ext/normal/48/2018new_huatong_org.png"" />",1,0
,4797615612893144,Mon Aug 01 11:22:40 +0800 2022,品质崇州,https://weibo.com//u/2000090825,关注,1,0
,4797612882400018,Mon Aug 01 11:11:49 +0800 2022,时光能缓笑靥如花,https://weibo.com//u/1005525234,路过,2,0
,4797612877945058,Mon Aug 01 11:11:48 +0800 2022,正安县检察院,https://weibo.com//u/6050894051,"<img alt=""[话筒]"" title=""[话筒]"" src=""https://face.t.sinajs.cn/t4/appstyle/expression/ext/normal/48/2018new_huatong_org.png"" /><img alt=""[话筒]"" title=""[话筒]"" src=""https://face.t.sinajs.cn/t4/appstyle/expression/ext/normal/48/2018new_huatong_org.png"" /><img alt=""[话筒]"" title=""[话筒]"" src=""https://face.t.sinajs.cn/t4/appstyle/expression/ext/normal/48/2018new_huatong_org.png"" />",1,0
,4797612500192447,Mon Aug 01 11:10:18 +0800 2022,薄荷味的浪漫夏,https://weibo.com//u/3199049260,"她摊上大事儿了<img alt=""[黑线]"" title=""[黑线]"" src=""https://face.t.sinajs.cn/t4/appstyle/expression/ext/normal/a3/2018new_heixian_org.png"" />",1,0
