﻿parent_comment_id,comment_id,comment_time,comment_user_name,comment_user_link,comment_content,comment_like_num,child_comment_num
,4797616096022284,Mon Aug 01 11:24:35 +0800 2022,铜仁消防,https://weibo.com//u/3192193400,"<img alt=""[话筒]"" title=""[话筒]"" src=""https://face.t.sinajs.cn/t4/appstyle/expression/ext/normal/48/2018new_huatong_org.png"" /><img alt=""[话筒]"" title=""[话筒]"" src=""https://face.t.sinajs.cn/t4/appstyle/expression/ext/normal/48/2018new_huatong_org.png"" />",0,0
,4797615499381862,Mon Aug 01 11:22:13 +0800 2022,开阳县检察院,https://weibo.com//u/3196346062,<a href=/n/单县人民检察院>@单县人民检察院</a>,0,0
,4797610442098799,Mon Aug 01 11:02:07 +0800 2022,德阳公安,https://weibo.com//u/2017198025,"<img alt=""[话筒]"" title=""[话筒]"" src=""https://face.t.sinajs.cn/t4/appstyle/expression/ext/normal/48/2018new_huatong_org.png"" /><img alt=""[话筒]"" title=""[话筒]"" src=""https://face.t.sinajs.cn/t4/appstyle/expression/ext/normal/48/2018new_huatong_org.png"" /><img alt=""[话筒]"" title=""[话筒]"" src=""https://face.t.sinajs.cn/t4/appstyle/expression/ext/normal/48/2018new_huatong_org.png"" />",0,0
,4797610432403111,Mon Aug 01 11:02:05 +0800 2022,兰州文化旅游,https://weibo.com//u/5770755050,"<img alt=""[话筒]"" title=""[话筒]"" src=""https://face.t.sinajs.cn/t4/appstyle/expression/ext/normal/48/2018new_huatong_org.png"" /><img alt=""[话筒]"" title=""[话筒]"" src=""https://face.t.sinajs.cn/t4/appstyle/expression/ext/normal/48/2018new_huatong_org.png"" />",0,0
,4797607186270878,Mon Aug 01 10:49:11 +0800 2022,广西政法,https://weibo.com//u/5328345103,"<img alt=""[话筒]"" title=""[话筒]"" src=""https://face.t.sinajs.cn/t4/appstyle/expression/ext/normal/48/2018new_huatong_org.png"" /><img alt=""[话筒]"" title=""[话筒]"" src=""https://face.t.sinajs.cn/t4/appstyle/expression/ext/normal/48/2018new_huatong_org.png"" />",0,0
,4797600803062424,Mon Aug 01 10:23:48 +0800 2022,宝鸡检察,https://weibo.com//u/5193731648,"【<a href=""//s.weibo.com/weibo?q=%23%E8%B4%AD%E4%B9%B0%E9%A3%9F%E7%94%A8%E5%9B%BD%E5%AE%B6%E4%BA%8C%E7%BA%A7%E4%BF%9D%E6%8A%A4%E5%8A%A8%E7%89%A9%E5%A6%82%E4%BD%95%E6%8B%85%E8%B4%A3%23"" target=""_blank"">#购买食用国家二级保护动物如何担责#</a>？】",0,0
,4797594038174832,Mon Aug 01 09:56:56 +0800 2022,汉阴检察,https://weibo.com//u/5249979200,"<img alt=""[话筒]"" title=""[话筒]"" src=""https://face.t.sinajs.cn/t4/appstyle/expression/ext/normal/48/2018new_huatong_org.png"" /><img alt=""[话筒]"" title=""[话筒]"" src=""https://face.t.sinajs.cn/t4/appstyle/expression/ext/normal/48/2018new_huatong_org.png"" />",0,0
,4797592673976573,Mon Aug 01 09:51:30 +0800 2022,南宁检察,https://weibo.com//u/5794269940,"<img alt=""[话筒]"" title=""[话筒]"" src=""https://face.t.sinajs.cn/t4/appstyle/expression/ext/normal/48/2018new_huatong_org.png"" /><img alt=""[话筒]"" title=""[话筒]"" src=""https://face.t.sinajs.cn/t4/appstyle/expression/ext/normal/48/2018new_huatong_org.png"" /><a href=/n/南宁检察>@南宁检察</a>",0,0
,4797748878246097,Mon Aug 01 20:12:12 +0800 2022,在蓬莱丶丶,https://weibo.com//u/5733538716,传播正能量,0,0
,4797733557243680,Mon Aug 01 19:11:20 +0800 2022,有家就有乐事,https://weibo.com//u/7737601591,普法栏目剧,0,0
,4797731032532385,Mon Aug 01 19:01:18 +0800 2022,Alicefx,https://weibo.com//u/5680637763,保护动物,0,0
,4797625653791437,Mon Aug 01 12:02:34 +0800 2022,菏泽市人民检察院,https://weibo.com//u/5455970373,"关注关注<img alt=""[话筒]"" title=""[话筒]"" src=""https://face.t.sinajs.cn/t4/appstyle/expression/ext/normal/48/2018new_huatong_org.png"" /><img alt=""[话筒]"" title=""[话筒]"" src=""https://face.t.sinajs.cn/t4/appstyle/expression/ext/normal/48/2018new_huatong_org.png"" />",0,0
,4797616586229760,Mon Aug 01 11:26:32 +0800 2022,菏泽市牡丹区人民检察院,https://weibo.com//u/5476071411,"关注<img alt=""[话筒]"" title=""[话筒]"" src=""https://face.t.sinajs.cn/t4/appstyle/expression/ext/normal/48/2018new_huatong_org.png"" /><img alt=""[话筒]"" title=""[话筒]"" src=""https://face.t.sinajs.cn/t4/appstyle/expression/ext/normal/48/2018new_huatong_org.png"" />",0,0
,4797615587198951,Mon Aug 01 11:22:34 +0800 2022,宜川检察,https://weibo.com//u/5132290891,关注,0,0
,4797603474574891,Mon Aug 01 10:34:26 +0800 2022,重庆巴南法院,https://weibo.com//u/3929121882,"<img alt=""[话筒]"" title=""[话筒]"" src=""https://face.t.sinajs.cn/t4/appstyle/expression/ext/normal/48/2018new_huatong_org.png"" /><img alt=""[话筒]"" title=""[话筒]"" src=""https://face.t.sinajs.cn/t4/appstyle/expression/ext/normal/48/2018new_huatong_org.png"" />",0,0
,4797603465660487,Mon Aug 01 10:34:24 +0800 2022,重庆巴南法院,https://weibo.com//u/3929121882,"<img alt=""[话筒]"" title=""[话筒]"" src=""https://face.t.sinajs.cn/t4/appstyle/expression/ext/normal/48/2018new_huatong_org.png"" />",0,0
,4797598075981077,Mon Aug 01 10:12:59 +0800 2022,槐荫检察,https://weibo.com//u/5541405531,关注热点信息，传递法治资讯<a href=/n/槐荫检察>@槐荫检察</a>,0,0
,4797591596566452,Mon Aug 01 09:47:14 +0800 2022,正安县检察院,https://weibo.com//u/6050894051,"<img alt=""[话筒]"" title=""[话筒]"" src=""https://face.t.sinajs.cn/t4/appstyle/expression/ext/normal/48/2018new_huatong_org.png"" /><img alt=""[话筒]"" title=""[话筒]"" src=""https://face.t.sinajs.cn/t4/appstyle/expression/ext/normal/48/2018new_huatong_org.png"" /><img alt=""[话筒]"" title=""[话筒]"" src=""https://face.t.sinajs.cn/t4/appstyle/expression/ext/normal/48/2018new_huatong_org.png"" />",0,0
,4797597339094023,Mon Aug 01 10:10:03 +0800 2022,郴州中院,https://weibo.com//u/3776183674,"<img alt=""[话筒]"" title=""[话筒]"" src=""https://face.t.sinajs.cn/t4/appstyle/expression/ext/normal/48/2018new_huatong_org.png"" />",0,0
,4797606067177391,Mon Aug 01 10:44:44 +0800 2022,高青检察,https://weibo.com//u/5374241010,"<img alt=""[话筒]"" title=""[话筒]"" src=""https://face.t.sinajs.cn/t4/appstyle/expression/ext/normal/48/2018new_huatong_org.png"" /><img alt=""[话筒]"" title=""[话筒]"" src=""https://face.t.sinajs.cn/t4/appstyle/expression/ext/normal/48/2018new_huatong_org.png"" /><img alt=""[话筒]"" title=""[话筒]"" src=""https://face.t.sinajs.cn/t4/appstyle/expression/ext/normal/48/2018new_huatong_org.png"" /><img alt=""[话筒]"" title=""[话筒]"" src=""https://face.t.sinajs.cn/t4/appstyle/expression/ext/normal/48/2018new_huatong_org.png"" /><img alt=""[话筒]"" title=""[话筒]"" src=""https://face.t.sinajs.cn/t4/appstyle/expression/ext/normal/48/2018new_huatong_org.png"" />",0,0
,4797598735271862,Mon Aug 01 10:15:36 +0800 2022,湖州公安交警,https://weibo.com//u/5186674925,关注,0,0
,4797583292106513,Mon Aug 01 09:14:14 +0800 2022,单县人民检察院,https://weibo.com//u/5323597140,关注热点信息，传递法治资讯,1,0
