﻿parent_comment_id,comment_id,comment_time,comment_user_name,comment_user_link,comment_content,comment_like_num,child_comment_num
,4797779661291724,Mon Aug 01 22:14:31 +0800 2022,壹日壹事,https://weibo.com//u/2997310192,"<a href=""//s.weibo.com/weibo?q=%23%E8%AD%A6%E6%96%B9%E8%AE%A4%E5%AE%9A%E7%BD%91%E7%BA%A2%E7%94%A8%E6%BF%92%E5%8D%B1%E5%A4%A7%E7%99%BD%E9%B2%A8%E5%81%9A%E7%BE%8E%E9%A3%9F%23"" target=""_blank"">#警方认定网红用濒危大白鲨做美食#</a>即是违法也是犯罪，这个网红很危险！<a href=""//s.weibo.com/weibo?q=%23%E5%A3%B9%E6%97%A5%E5%A3%B9%E4%BA%8B%23"" target=""_blank"">#壹日壹事#</a>",0,0
,4797733581358493,Mon Aug 01 19:11:26 +0800 2022,西夏女兵步步生莲,https://weibo.com//u/7583193503,"<a href=""//s.weibo.com/weibo?q=%23%E8%AD%A6%E6%96%B9%E8%AE%A4%E5%AE%9A%E7%BD%91%E7%BA%A2%E7%94%A8%E6%BF%92%E5%8D%B1%E5%A4%A7%E7%99%BD%E9%B2%A8%E5%81%9A%E7%BE%8E%E9%A3%9F%23"" target=""_blank"">#警方认定网红用濒危大白鲨做美食#</a>只能说明这个网红是法盲<img alt=""[挖鼻]"" title=""[挖鼻]"" src=""https://face.t.sinajs.cn/t4/appstyle/expression/ext/normal/9a/2018new_wabi_thumb.png"" /><img alt=""[挖鼻]"" title=""[挖鼻]"" src=""https://face.t.sinajs.cn/t4/appstyle/expression/ext/normal/9a/2018new_wabi_thumb.png"" /><img alt=""[挖鼻]"" title=""[挖鼻]"" src=""https://face.t.sinajs.cn/t4/appstyle/expression/ext/normal/9a/2018new_wabi_thumb.png"" />",0,0
,4797673884095880,Mon Aug 01 15:14:13 +0800 2022,米佧77,https://weibo.com//u/7038535899,一一一🟩🟩一🟩🟩 一一🟩🟩🟩🟩🟩🟩🟩 一🟩🟩⬜️⬛️⬜️⬜️⬛️🟩 一🟩🟩🟩🟩🟩🟩🟩 🟩🟩🟩🟩🟥🟥🟥🟥 🟩🟩🟩🟩🟩🟩🟩 🟦🟦🟦🟦🟦🟦🟦,0,0
,4797604251307615,Mon Aug 01 10:37:31 +0800 2022,手相面相解惑,https://weibo.com//u/5817229811,"上午好<img alt=""[打call]"" title=""[打call]"" src=""https://face.t.sinajs.cn/t4/appstyle/expression/ext/normal/39/moren_dacall02_org.png"" /><img alt=""[打call]"" title=""[打call]"" src=""https://face.t.sinajs.cn/t4/appstyle/expression/ext/normal/39/moren_dacall02_org.png"" /><img alt=""[打call]"" title=""[打call]"" src=""https://face.t.sinajs.cn/t4/appstyle/expression/ext/normal/39/moren_dacall02_org.png"" /><img alt=""[打call]"" title=""[打call]"" src=""https://face.t.sinajs.cn/t4/appstyle/expression/ext/normal/39/moren_dacall02_org.png"" />",0,0
,4797571216184774,Mon Aug 01 08:26:15 +0800 2022,58jinshu,https://weibo.com//u/1907955033,"早上好<img alt=""[心]"" title=""[心]"" src=""https://face.t.sinajs.cn/t4/appstyle/expression/ext/normal/8a/2018new_xin_org.png"" />",0,0
,4797568913769274,Mon Aug 01 08:17:06 +0800 2022,笑剧安利,https://weibo.com//u/6511133312,"早上好<img alt=""[鲜花]"" title=""[鲜花]"" src=""https://face.t.sinajs.cn/t4/appstyle/expression/ext/normal/d4/2018new_xianhua_org.png"" />",0,0
,4797567885643198,Mon Aug 01 08:13:01 +0800 2022,梁溪说事,https://weibo.com//u/1593711535,"早上好！<img alt=""[思考]"" title=""[思考]"" src=""https://face.t.sinajs.cn/t4/appstyle/expression/ext/normal/30/2018new_sikao_org.png"" />",0,0
,4797565864510774,Mon Aug 01 08:04:59 +0800 2022,阅之有道,https://weibo.com//u/3017815195,"早安<img alt=""[心]"" title=""[心]"" src=""https://face.t.sinajs.cn/t4/appstyle/expression/ext/normal/8a/2018new_xin_org.png"" />",0,0
,4797564643181231,Mon Aug 01 08:00:07 +0800 2022,聚笑话,https://weibo.com//u/3910259139,"早上好<img alt=""[太开心]"" title=""[太开心]"" src=""https://face.t.sinajs.cn/t4/appstyle/expression/ext/normal/1e/2018new_taikaixin_org.png"" /><img alt=""[太开心]"" title=""[太开心]"" src=""https://face.t.sinajs.cn/t4/appstyle/expression/ext/normal/1e/2018new_taikaixin_org.png"" /><img alt=""[太开心]"" title=""[太开心]"" src=""https://face.t.sinajs.cn/t4/appstyle/expression/ext/normal/1e/2018new_taikaixin_org.png"" />（。＾▽＾）",0,0
