﻿parent_comment_id,comment_id,comment_time,comment_user_name,comment_user_link,comment_content,comment_like_num,child_comment_num
,4797700945484982,Mon Aug 01 17:01:45 +0800 2022,芜湖长安,https://weibo.com//u/6573411220,[话筒][话筒],0,0
,4797689722048129,Mon Aug 01 16:17:09 +0800 2022,周至法院,https://weibo.com//u/2575101417,[太阳][太阳][太阳],0,0
,4797630662312557,Mon Aug 01 12:22:27 +0800 2022,平安绵阳,https://weibo.com//u/1900412195,[话筒][话筒],0,0
,4798331269678366,Wed Aug 03 10:46:26 +0800 2022,菏泽市人民检察院,https://weibo.com//u/5455970373,关注[话筒]关注[话筒],0,0
,4797932669240240,Tue Aug 02 08:22:32 +0800 2022,菏泽市人民检察院,https://weibo.com//u/5455970373,关注[话筒]关注[话筒],0,0
,4797586818991863,Mon Aug 01 09:28:15 +0800 2022,鄄城县人民检察院,https://weibo.com//u/5228006573,关注[话筒][话筒],0,0
,4797583183057230,Mon Aug 01 09:13:48 +0800 2022,曹县人民检察院,https://weibo.com//u/2740584771,关注[话筒][话筒],0,0
,4797946799065833,Tue Aug 02 09:18:41 +0800 2022,曹县人民检察院,https://weibo.com//u/2740584771,关注[话筒][话筒],0,0
