﻿parent_comment_id,comment_id,comment_time,comment_user_name,comment_user_link,comment_content,comment_like_num,child_comment_num
,4797598005986045,Mon Aug 01 10:12:41 +0800 2022,黄河口检察在线,https://weibo.com//u/5154653304,"<img alt=""[话筒]"" title=""[话筒]"" src=""https://face.t.sinajs.cn/t4/appstyle/expression/ext/normal/48/2018new_huatong_org.png"" /><img alt=""[话筒]"" title=""[话筒]"" src=""https://face.t.sinajs.cn/t4/appstyle/expression/ext/normal/48/2018new_huatong_org.png"" />",0,0
,4797593090261071,Mon Aug 01 09:53:09 +0800 2022,武昌检察,https://weibo.com//u/5078003525,关注,0,0
,4797589713588431,Mon Aug 01 09:39:45 +0800 2022,平利检察,https://weibo.com//u/5192877731,<a href=/n/济宁高新检察>@济宁高新检察</a>,0,0
,4797589423392349,Mon Aug 01 09:38:35 +0800 2022,汉阴检察,https://weibo.com//u/5249979200,"<img alt=""[话筒]"" title=""[话筒]"" src=""https://face.t.sinajs.cn/t4/appstyle/expression/ext/normal/48/2018new_huatong_org.png"" /><img alt=""[话筒]"" title=""[话筒]"" src=""https://face.t.sinajs.cn/t4/appstyle/expression/ext/normal/48/2018new_huatong_org.png"" />",0,0
,4797619723306536,Mon Aug 01 11:39:00 +0800 2022,菏泽市人民检察院,https://weibo.com//u/5455970373,"关注<img alt=""[话筒]"" title=""[话筒]"" src=""https://face.t.sinajs.cn/t4/appstyle/expression/ext/normal/48/2018new_huatong_org.png"" /><img alt=""[话筒]"" title=""[话筒]"" src=""https://face.t.sinajs.cn/t4/appstyle/expression/ext/normal/48/2018new_huatong_org.png"" />",0,0
,4797600529911240,Mon Aug 01 10:22:44 +0800 2022,沂源检察,https://weibo.com//u/5452340616,"<img alt=""[话筒]"" title=""[话筒]"" src=""https://face.t.sinajs.cn/t4/appstyle/expression/ext/normal/48/2018new_huatong_org.png"" /><img alt=""[话筒]"" title=""[话筒]"" src=""https://face.t.sinajs.cn/t4/appstyle/expression/ext/normal/48/2018new_huatong_org.png"" /><img alt=""[话筒]"" title=""[话筒]"" src=""https://face.t.sinajs.cn/t4/appstyle/expression/ext/normal/48/2018new_huatong_org.png"" />",0,0
,4797596156037835,Mon Aug 01 10:05:21 +0800 2022,济宁任城检察,https://weibo.com//u/5490667576,"<img alt=""[话筒]"" title=""[话筒]"" src=""https://face.t.sinajs.cn/t4/appstyle/expression/ext/normal/48/2018new_huatong_org.png"" /><img alt=""[话筒]"" title=""[话筒]"" src=""https://face.t.sinajs.cn/t4/appstyle/expression/ext/normal/48/2018new_huatong_org.png"" />",0,0
,4797591022210432,Mon Aug 01 09:44:57 +0800 2022,华州检察,https://weibo.com//u/5361696317,关注,0,0
,4797591017752724,Mon Aug 01 09:44:55 +0800 2022,华州检察,https://weibo.com//u/5361696317,关注关注,0,0
,4797582830733018,Mon Aug 01 09:12:24 +0800 2022,嘉荫检察,https://weibo.com//u/5596616064,信息发布微平台！,0,0
