﻿parent_comment_id,comment_id,comment_time,comment_user_name,comment_user_link,comment_content,comment_like_num,child_comment_num
,4797429041339625,Sun Jul 31 23:01:18 +0800 2022,广东漂流瓶,https://weibo.com//u/6004044280,没文化挺可怕！,0,0
,4797582582746563,Mon Aug 01 09:11:24 +0800 2022,2020沙洲,https://weibo.com//u/5960655681,作死不？,0,0
,4797556241991055,Mon Aug 01 07:26:45 +0800 2022,王炜3G,https://weibo.com//u/1796707601,鲨鱼哪里来的？,0,0
,4797445244194752,Mon Aug 01 00:05:41 +0800 2022,沁人心脾199502,https://weibo.com//u/7476549234,怎么没有吴啊萍事件的后续报道了？不了了之吗,0,1
4797445244194752.0,4797582897058448,Mon Aug 01 09:12:40 +0800 2022,四川魏静,https://weibo.com//u/2248834985,已经抓了,0,0
,4797440987761634,Sun Jul 31 23:48:46 +0800 2022,又一心宽体不胖,https://weibo.com//u/1238655182,没底线，没文化，全民直播早晚出问题,0,0
