﻿parent_comment_id,comment_id,comment_time,comment_user_name,comment_user_link,comment_content,comment_like_num,child_comment_num
,4797675654352426,Mon Aug 01 15:21:15 +0800 2022,三眼落魄狂书生,https://weibo.com//u/5284692972,起码初中毕业再入江湖啊,1,0
,4797636634480788,Mon Aug 01 12:46:12 +0800 2022,圆舞916,https://weibo.com//u/7320496724,没文化，真可怕,0,0
,4797455495334557,Mon Aug 01 00:46:25 +0800 2022,恩哥拉爹地,https://weibo.com//u/1997051143,"<img alt=""[航天员]"" title=""[航天员]"" src=""https://face.t.sinajs.cn/t4/appstyle/expression/ext/normal/53/2021_yuhangyuan_org.png"" />没有更好的标题了",1,0
,4797452521837610,Mon Aug 01 00:34:36 +0800 2022,醉阿宝就是要盖章,https://weibo.com//u/1767387525,"<img alt=""[笑cry]"" title=""[笑cry]"" src=""https://face.t.sinajs.cn/t4/appstyle/expression/ext/normal/4a/2018new_xiaoku_thumb.png"" /><img alt=""[笑cry]"" title=""[笑cry]"" src=""https://face.t.sinajs.cn/t4/appstyle/expression/ext/normal/4a/2018new_xiaoku_thumb.png"" /><img alt=""[笑cry]"" title=""[笑cry]"" src=""https://face.t.sinajs.cn/t4/appstyle/expression/ext/normal/4a/2018new_xiaoku_thumb.png"" />哪里搞来的！都要坐牢！当年实验的猕猴，也是国家二级保护动物，每年都要在全国搞进去几个采购人员。<img alt=""[doge]"" title=""[doge]"" src=""https://face.t.sinajs.cn/t4/appstyle/expression/ext/normal/a1/2018new_doge02_org.png"" /><img alt=""[doge]"" title=""[doge]"" src=""https://face.t.sinajs.cn/t4/appstyle/expression/ext/normal/a1/2018new_doge02_org.png"" /><img alt=""[doge]"" title=""[doge]"" src=""https://face.t.sinajs.cn/t4/appstyle/expression/ext/normal/a1/2018new_doge02_org.png"" />",5,0
,4797452073567777,Mon Aug 01 00:32:49 +0800 2022,170800aA,https://weibo.com//u/7320439953,呵呵呵,1,0
,4797449719777123,Mon Aug 01 00:23:28 +0800 2022,nikiko_09,https://weibo.com//u/2264567842,"<img alt=""[允悲]"" title=""[允悲]"" src=""https://face.t.sinajs.cn/t4/appstyle/expression/ext/normal/83/2018new_kuxiao_org.png"" />",1,0
,4797448944356294,Mon Aug 01 00:20:23 +0800 2022,随时随地新发现7,https://weibo.com//u/5841676884,"<img alt=""[允悲]"" title=""[允悲]"" src=""https://face.t.sinajs.cn/t4/appstyle/expression/ext/normal/83/2018new_kuxiao_org.png"" /><img alt=""[允悲]"" title=""[允悲]"" src=""https://face.t.sinajs.cn/t4/appstyle/expression/ext/normal/83/2018new_kuxiao_org.png"" />",1,0
,4797447740590913,Mon Aug 01 00:15:36 +0800 2022,龙四TF,https://weibo.com//u/1707923510,"<img alt=""[笑而不语]"" title=""[笑而不语]"" src=""https://face.t.sinajs.cn/t4/appstyle/expression/ext/normal/2d/2018new_xiaoerbuyu_org.png"" />传播广泛，影响极其恶劣必须严判",2,0
