﻿parent_comment_id,comment_id,comment_time,comment_user_name,comment_user_link,comment_content,comment_like_num,child_comment_num
,4797612433607455,Mon Aug 01 11:10:02 +0800 2022,泰山检察,https://weibo.com//u/5552719409,关注,0,0
,4797605181393617,Mon Aug 01 10:41:13 +0800 2022,高青检察,https://weibo.com//u/5374241010,"<img alt=""[话筒]"" title=""[话筒]"" src=""https://face.t.sinajs.cn/t4/appstyle/expression/ext/normal/48/2018new_huatong_org.png"" /><img alt=""[话筒]"" title=""[话筒]"" src=""https://face.t.sinajs.cn/t4/appstyle/expression/ext/normal/48/2018new_huatong_org.png"" /><img alt=""[话筒]"" title=""[话筒]"" src=""https://face.t.sinajs.cn/t4/appstyle/expression/ext/normal/48/2018new_huatong_org.png"" /><img alt=""[话筒]"" title=""[话筒]"" src=""https://face.t.sinajs.cn/t4/appstyle/expression/ext/normal/48/2018new_huatong_org.png"" /><img alt=""[话筒]"" title=""[话筒]"" src=""https://face.t.sinajs.cn/t4/appstyle/expression/ext/normal/48/2018new_huatong_org.png"" />",0,0
,4797595123716755,Mon Aug 01 10:01:15 +0800 2022,都匀检察,https://weibo.com//u/5685698571,"<img alt=""[话筒]"" title=""[话筒]"" src=""https://face.t.sinajs.cn/t4/appstyle/expression/ext/normal/48/2018new_huatong_org.png"" /><img alt=""[话筒]"" title=""[话筒]"" src=""https://face.t.sinajs.cn/t4/appstyle/expression/ext/normal/48/2018new_huatong_org.png"" /><img alt=""[话筒]"" title=""[话筒]"" src=""https://face.t.sinajs.cn/t4/appstyle/expression/ext/normal/48/2018new_huatong_org.png"" />",0,0
,4797933629998007,Tue Aug 02 08:26:21 +0800 2022,正安县检察院,https://weibo.com//u/6050894051,"<img alt=""[话筒]"" title=""[话筒]"" src=""https://face.t.sinajs.cn/t4/appstyle/expression/ext/normal/48/2018new_huatong_org.png"" /><img alt=""[话筒]"" title=""[话筒]"" src=""https://face.t.sinajs.cn/t4/appstyle/expression/ext/normal/48/2018new_huatong_org.png"" /><img alt=""[话筒]"" title=""[话筒]"" src=""https://face.t.sinajs.cn/t4/appstyle/expression/ext/normal/48/2018new_huatong_org.png"" />",0,0
,4797930592276671,Tue Aug 02 08:14:17 +0800 2022,汉阴县公安局,https://weibo.com//u/1136850802,"<img alt=""[话筒]"" title=""[话筒]"" src=""https://face.t.sinajs.cn/t4/appstyle/expression/ext/normal/48/2018new_huatong_org.png"" /><img alt=""[话筒]"" title=""[话筒]"" src=""https://face.t.sinajs.cn/t4/appstyle/expression/ext/normal/48/2018new_huatong_org.png"" />",0,0
,4797796735781921,Mon Aug 01 23:22:23 +0800 2022,蕲春县人民检察院,https://weibo.com//u/3853453991,"传播信息微平台<img alt=""[话筒]"" title=""[话筒]"" src=""https://face.t.sinajs.cn/t4/appstyle/expression/ext/normal/48/2018new_huatong_org.png"" />传递法治正能量<img alt=""[太阳]"" title=""[太阳]"" src=""https://face.t.sinajs.cn/t4/appstyle/expression/ext/normal/cd/2018new_taiyang_org.png"" />",0,0
,4797796727918285,Mon Aug 01 23:22:21 +0800 2022,黄州检察,https://weibo.com//u/5232851431,"<img alt=""[话筒]"" title=""[话筒]"" src=""https://face.t.sinajs.cn/t4/appstyle/expression/ext/normal/48/2018new_huatong_org.png"" /><img alt=""[话筒]"" title=""[话筒]"" src=""https://face.t.sinajs.cn/t4/appstyle/expression/ext/normal/48/2018new_huatong_org.png"" />",0,0
,4797796718482953,Mon Aug 01 23:22:19 +0800 2022,团风检察,https://weibo.com//u/3541418667,"关注<img alt=""[话筒]"" title=""[话筒]"" src=""https://face.t.sinajs.cn/t4/appstyle/expression/ext/normal/48/2018new_huatong_org.png"" />",0,0
,4797796706426881,Mon Aug 01 23:22:16 +0800 2022,红安检察,https://weibo.com//u/5146478013,"<img alt=""[话筒]"" title=""[话筒]"" src=""https://face.t.sinajs.cn/t4/appstyle/expression/ext/normal/48/2018new_huatong_org.png"" /><img alt=""[话筒]"" title=""[话筒]"" src=""https://face.t.sinajs.cn/t4/appstyle/expression/ext/normal/48/2018new_huatong_org.png"" /><img alt=""[话筒]"" title=""[话筒]"" src=""https://face.t.sinajs.cn/t4/appstyle/expression/ext/normal/48/2018new_huatong_org.png"" />",0,0
,4797771121164306,Mon Aug 01 21:40:35 +0800 2022,甘泉检察,https://weibo.com//u/5340438538,关注,0,0
,4797768625291618,Mon Aug 01 21:30:40 +0800 2022,渝北法院,https://weibo.com//u/3936801022,"<img alt=""[话筒]"" title=""[话筒]"" src=""https://face.t.sinajs.cn/t4/appstyle/expression/ext/normal/48/2018new_huatong_org.png"" /><img alt=""[话筒]"" title=""[话筒]"" src=""https://face.t.sinajs.cn/t4/appstyle/expression/ext/normal/48/2018new_huatong_org.png"" />",0,0
,4797744596125393,Mon Aug 01 19:55:11 +0800 2022,信宜检察,https://weibo.com//u/3923347187,<a href=/n/重庆巴南法院>@重庆巴南法院</a>,0,0
,4797712941191293,Mon Aug 01 17:49:24 +0800 2022,扬州检察,https://weibo.com//u/5185855326,"<img alt=""[话筒]"" title=""[话筒]"" src=""https://face.t.sinajs.cn/t4/appstyle/expression/ext/normal/48/2018new_huatong_org.png"" /><img alt=""[话筒]"" title=""[话筒]"" src=""https://face.t.sinajs.cn/t4/appstyle/expression/ext/normal/48/2018new_huatong_org.png"" />",0,0
,4797710177403901,Mon Aug 01 17:38:25 +0800 2022,大悟县检察院,https://weibo.com//u/3944541806,关注热点,0,0
,4797695568644426,Mon Aug 01 16:40:23 +0800 2022,成都地铁运营,https://weibo.com//u/3170665862,"<img alt=""[话筒]"" title=""[话筒]"" src=""https://face.t.sinajs.cn/t4/appstyle/expression/ext/normal/48/2018new_huatong_org.png"" /><img alt=""[话筒]"" title=""[话筒]"" src=""https://face.t.sinajs.cn/t4/appstyle/expression/ext/normal/48/2018new_huatong_org.png"" />",0,0
,4797694981181361,Mon Aug 01 16:38:02 +0800 2022,中捷司法,https://weibo.com//u/5238240104,"<img alt=""[话筒]"" title=""[话筒]"" src=""https://face.t.sinajs.cn/t4/appstyle/expression/ext/normal/48/2018new_huatong_org.png"" /><img alt=""[话筒]"" title=""[话筒]"" src=""https://face.t.sinajs.cn/t4/appstyle/expression/ext/normal/48/2018new_huatong_org.png"" />",0,0
,4797689190159182,Mon Aug 01 16:15:02 +0800 2022,绩溪法院,https://weibo.com//u/3186325344,"<img alt=""[话筒]"" title=""[话筒]"" src=""https://face.t.sinajs.cn/t4/appstyle/expression/ext/normal/48/2018new_huatong_org.png"" /><img alt=""[话筒]"" title=""[话筒]"" src=""https://face.t.sinajs.cn/t4/appstyle/expression/ext/normal/48/2018new_huatong_org.png"" />",0,0
,4797682529341228,Mon Aug 01 15:48:34 +0800 2022,嘉兴检察,https://weibo.com//u/3461303294,"传播信息微平台<img alt=""[话筒]"" title=""[话筒]"" src=""https://face.t.sinajs.cn/t4/appstyle/expression/ext/normal/48/2018new_huatong_org.png"" />传递法治正能量<img alt=""[太阳]"" title=""[太阳]"" src=""https://face.t.sinajs.cn/t4/appstyle/expression/ext/normal/cd/2018new_taiyang_org.png"" />",0,0
,4797679828468449,Mon Aug 01 15:37:49 +0800 2022,成都市中级人民法院,https://weibo.com//u/5092088752,"<img alt=""[话筒]"" title=""[话筒]"" src=""https://face.t.sinajs.cn/t4/appstyle/expression/ext/normal/48/2018new_huatong_org.png"" /><img alt=""[话筒]"" title=""[话筒]"" src=""https://face.t.sinajs.cn/t4/appstyle/expression/ext/normal/48/2018new_huatong_org.png"" /><img alt=""[话筒]"" title=""[话筒]"" src=""https://face.t.sinajs.cn/t4/appstyle/expression/ext/normal/48/2018new_huatong_org.png"" />",0,0
,4797675804825262,Mon Aug 01 15:21:51 +0800 2022,平安绵阳,https://weibo.com//u/1900412195,"<img alt=""[话筒]"" title=""[话筒]"" src=""https://face.t.sinajs.cn/t4/appstyle/expression/ext/normal/48/2018new_huatong_org.png"" /><img alt=""[话筒]"" title=""[话筒]"" src=""https://face.t.sinajs.cn/t4/appstyle/expression/ext/normal/48/2018new_huatong_org.png"" />",0,0
,4797667596829777,Mon Aug 01 14:49:14 +0800 2022,大庆检察,https://weibo.com//u/1663521665,"传播信息微平台<img alt=""[话筒]"" title=""[话筒]"" src=""https://face.t.sinajs.cn/t4/appstyle/expression/ext/normal/48/2018new_huatong_org.png"" />传递法治正能量<img alt=""[太阳]"" title=""[太阳]"" src=""https://face.t.sinajs.cn/t4/appstyle/expression/ext/normal/cd/2018new_taiyang_org.png"" />",0,0
,4797662178317451,Mon Aug 01 14:27:42 +0800 2022,双流发布,https://weibo.com//u/1909250714,和<a href=/n/双流发布>@双流发布</a> 共同关注,0,0
,4797660785805224,Mon Aug 01 14:22:10 +0800 2022,白水检察,https://weibo.com//u/5126842016,关注,0,0
,4797648513797500,Mon Aug 01 13:33:24 +0800 2022,菏泽中院,https://weibo.com//u/2156372723,"传递信息微平台<img alt=""[话筒]"" title=""[话筒]"" src=""https://face.t.sinajs.cn/t4/appstyle/expression/ext/normal/48/2018new_huatong_org.png"" /><img alt=""[话筒]"" title=""[话筒]"" src=""https://face.t.sinajs.cn/t4/appstyle/expression/ext/normal/48/2018new_huatong_org.png"" />",0,0
,4797618650355498,Mon Aug 01 11:34:44 +0800 2022,去大海抓马2号已就位,https://weibo.com//u/7733015710,"<img alt=""[哆啦A梦吃惊]"" title=""[哆啦A梦吃惊]"" src=""https://face.t.sinajs.cn/t4/appstyle/expression/ext/normal/f0/dorachijing_org.gif"" />",0,0
,4797615617869776,Mon Aug 01 11:22:41 +0800 2022,单县人民检察院,https://weibo.com//u/5323597140,关注热点信息，传递法治资讯,1,0
,4797612911758830,Mon Aug 01 11:11:55 +0800 2022,莱西检察,https://weibo.com//u/5481674352,"<img alt=""[话筒]"" title=""[话筒]"" src=""https://face.t.sinajs.cn/t4/appstyle/expression/ext/normal/48/2018new_huatong_org.png"" /><img alt=""[话筒]"" title=""[话筒]"" src=""https://face.t.sinajs.cn/t4/appstyle/expression/ext/normal/48/2018new_huatong_org.png"" />",0,0
,4797607031079864,Mon Aug 01 10:48:33 +0800 2022,开阳县检察院,https://weibo.com//u/3196346062,<a href=/n/重庆巴南法院>@重庆巴南法院</a>,1,0
,4797606880087121,Mon Aug 01 10:47:57 +0800 2022,昌邑检察,https://weibo.com//u/2334343885,关注,0,0
,4797605576180735,Mon Aug 01 10:42:47 +0800 2022,杭州检察,https://weibo.com//u/2810632993,关注热点,0,0
,4797605441443140,Mon Aug 01 10:42:15 +0800 2022,红花岗检察在线,https://weibo.com//u/5873130998,"<img alt=""[话筒]"" title=""[话筒]"" src=""https://face.t.sinajs.cn/t4/appstyle/expression/ext/normal/48/2018new_huatong_org.png"" /><img alt=""[话筒]"" title=""[话筒]"" src=""https://face.t.sinajs.cn/t4/appstyle/expression/ext/normal/48/2018new_huatong_org.png"" /><img alt=""[话筒]"" title=""[话筒]"" src=""https://face.t.sinajs.cn/t4/appstyle/expression/ext/normal/48/2018new_huatong_org.png"" />",0,0
,4797604469409431,Mon Aug 01 10:38:23 +0800 2022,槐荫检察,https://weibo.com//u/5541405531,关注热点信息，传递法治资讯<a href=/n/槐荫检察>@槐荫检察</a>,0,0
,4797603662794584,Mon Aug 01 10:35:11 +0800 2022,宝鸡检察,https://weibo.com//u/5193731648,"<a href=""//s.weibo.com/weibo?q=%23%E8%AD%A6%E6%96%B9%E8%AE%A4%E5%AE%9A%E7%BD%91%E7%BA%A2%E7%94%A8%E6%BF%92%E5%8D%B1%E5%A4%A7%E7%99%BD%E9%B2%A8%E5%81%9A%E7%BE%8E%E9%A3%9F%23"" target=""_blank"">#警方认定网红用濒危大白鲨做美食#</a>",0,0
,4797602966536442,Mon Aug 01 10:32:24 +0800 2022,汉滨检察,https://weibo.com//u/5999587576,"<img alt=""[话筒]"" title=""[话筒]"" src=""https://face.t.sinajs.cn/t4/appstyle/expression/ext/normal/48/2018new_huatong_org.png"" /><img alt=""[话筒]"" title=""[话筒]"" src=""https://face.t.sinajs.cn/t4/appstyle/expression/ext/normal/48/2018new_huatong_org.png"" />",0,0
,4797602648032794,Mon Aug 01 10:31:08 +0800 2022,品质崇州,https://weibo.com//u/2000090825,关注,0,0
,4797602644103688,Mon Aug 01 10:31:08 +0800 2022,井研县公安局POLICE,https://weibo.com//u/2652542630,"<img alt=""[话筒]"" title=""[话筒]"" src=""https://face.t.sinajs.cn/t4/appstyle/expression/ext/normal/48/2018new_huatong_org.png"" />",0,0
,4797598852449153,Mon Aug 01 10:16:04 +0800 2022,富阳检察,https://weibo.com//u/5181798374,关注热点，传递法治资讯,0,0
,4797598634869597,Mon Aug 01 10:15:11 +0800 2022,烟台市人民检察院,https://weibo.com//u/5043723586,关注热点信息，传递法治资讯,0,0
,4797597950674331,Mon Aug 01 10:12:29 +0800 2022,游仙公安,https://weibo.com//u/1920901005,"<img alt=""[话筒]"" title=""[话筒]"" src=""https://face.t.sinajs.cn/t4/appstyle/expression/ext/normal/48/2018new_huatong_org.png"" /><img alt=""[话筒]"" title=""[话筒]"" src=""https://face.t.sinajs.cn/t4/appstyle/expression/ext/normal/48/2018new_huatong_org.png"" /><img alt=""[话筒]"" title=""[话筒]"" src=""https://face.t.sinajs.cn/t4/appstyle/expression/ext/normal/48/2018new_huatong_org.png"" />",0,0
,4797596473759478,Mon Aug 01 10:06:37 +0800 2022,涪城公安,https://weibo.com//u/1917945804,"<img alt=""[话筒]"" title=""[话筒]"" src=""https://face.t.sinajs.cn/t4/appstyle/expression/ext/normal/48/2018new_huatong_org.png"" /><img alt=""[话筒]"" title=""[话筒]"" src=""https://face.t.sinajs.cn/t4/appstyle/expression/ext/normal/48/2018new_huatong_org.png"" /><img alt=""[话筒]"" title=""[话筒]"" src=""https://face.t.sinajs.cn/t4/appstyle/expression/ext/normal/48/2018new_huatong_org.png"" />",0,0
,4797595286769095,Mon Aug 01 10:01:53 +0800 2022,汉阴检察,https://weibo.com//u/5249979200,"<img alt=""[话筒]"" title=""[话筒]"" src=""https://face.t.sinajs.cn/t4/appstyle/expression/ext/normal/48/2018new_huatong_org.png"" /><img alt=""[话筒]"" title=""[话筒]"" src=""https://face.t.sinajs.cn/t4/appstyle/expression/ext/normal/48/2018new_huatong_org.png"" />",0,0
,4797594422743421,Mon Aug 01 09:58:28 +0800 2022,济宁任城检察,https://weibo.com//u/5490667576,"<img alt=""[话筒]"" title=""[话筒]"" src=""https://face.t.sinajs.cn/t4/appstyle/expression/ext/normal/48/2018new_huatong_org.png"" /><img alt=""[话筒]"" title=""[话筒]"" src=""https://face.t.sinajs.cn/t4/appstyle/expression/ext/normal/48/2018new_huatong_org.png"" />",0,0
,4797593416370157,Mon Aug 01 09:54:28 +0800 2022,广西政法,https://weibo.com//u/5328345103,关注,0,0
