﻿parent_comment_id,comment_id,comment_time,comment_user_name,comment_user_link,comment_content,comment_like_num,child_comment_num
,4797469231153534,Mon Aug 01 01:41:00 +0800 2022,呼求圣洁,https://weibo.com//u/7032401009,流波将月去，潮水带星来 ——晏几道《蝶恋花·庭院碧苔红叶遍》,3,0
,4797655634941411,Mon Aug 01 14:01:42 +0800 2022,蜜糖甜甜圈3,https://weibo.com//u/3917011633,光看她的姿态动作就觉得好弱智,31,1
4797655634941411.0,4798082678786295,Tue Aug 02 18:18:36 +0800 2022,地球防卫队指挥官,https://weibo.com//u/7773792339,"有一说一，这都是团队策划出来的风格，她只是站到台前表演而已<img alt=""[二哈]"" title=""[二哈]"" src=""https://face.t.sinajs.cn/t4/appstyle/expression/ext/normal/22/2018new_erha_org.png"" />",0,0
,4797537972388794,Mon Aug 01 06:14:09 +0800 2022,细水长流慢慢貮,https://weibo.com//u/6567516910,"你真无知啊，娃娃鱼有证，养殖的就可以食用。鸵鸟更不用说了<img alt=""[允悲]"" title=""[允悲]"" src=""https://face.t.sinajs.cn/t4/appstyle/expression/ext/normal/83/2018new_kuxiao_org.png"" />！！",6,3
4797537972388794.0,4797946802997943,Tue Aug 02 09:18:42 +0800 2022,是朴智钦咩,https://weibo.com//u/7568097145,但是她这次吃的是国家二级保护动物诶,1,0
4797537972388794.0,4797947864158344,Tue Aug 02 09:22:55 +0800 2022,是朴智钦咩,https://weibo.com//u/7568097145,回复<a href=/n/细水长流慢慢貮>@细水长流慢慢貮</a>:以前是也许合法的，但是她的那个吃相真的让人不适,1,0
4797537972388794.0,4797947403572919,Tue Aug 02 09:21:05 +0800 2022,细水长流慢慢貮,https://weibo.com//u/6567516910,回复<a href=/n/是朴智钦咩>@是朴智钦咩</a>:不能因为她这次行为，把以前合法吃的当成攻击点啊！那都是合法的！我说的这个博主很无知！这个博主这种低端无知不是一次了，为了喷而喷！,0,0
,4797662085515343,Mon Aug 01 14:27:20 +0800 2022,喜翻欢喜,https://weibo.com//u/5963541315,"她那吃相像个丧尸一样<img alt=""[汗]"" title=""[汗]"" src=""https://face.t.sinajs.cn/t4/appstyle/expression/ext/normal/28/2018new_han_org.png"" />",21,0
,4797655144726774,Mon Aug 01 13:59:44 +0800 2022,宁是我的解药,https://weibo.com//u/6505579741,"网红能不能也有文凭限制或者持证上岗啊，互联网太tm乌烟瘴气了<img alt=""[可爱]"" title=""[可爱]"" src=""https://face.t.sinajs.cn/t4/appstyle/expression/ext/normal/09/2018new_keai_org.png"" />",9,0
,4797607027674118,Mon Aug 01 10:48:33 +0800 2022,萌萌哒私人定制的秋天,https://weibo.com//u/6425359118,吃尾巴那里真的像僵尸呀！她还有小粉丝？误导小朋友！,18,0
,4797685838121771,Mon Aug 01 16:01:43 +0800 2022,蟹蟹蟹蟹粉石锅煲,https://weibo.com//u/2219213991,"感觉光说话就没什么文化<img alt=""[二哈]"" title=""[二哈]"" src=""https://face.t.sinajs.cn/t4/appstyle/expression/ext/normal/22/2018new_erha_org.png"" />",2,0
,4797619773380517,Mon Aug 01 11:39:12 +0800 2022,福义太克,https://weibo.com//u/6017254671,靠，先不说是不是濒危动物，就他们这个做法，我看着就难吃，调料跟tm不要钱的一样往里倒，让人看了一点点食欲都没有，这女的真的是为了流量毫无底线，现在好了，进局子了,6,0
,4798047390796538,Tue Aug 02 15:58:23 +0800 2022,想多了ni,https://weibo.com//u/3483387235,说话有点像傻子,0,0
,4797710894630613,Mon Aug 01 17:41:17 +0800 2022,观其妙微,https://weibo.com//u/5318484333,走红是无知之人的陷阱，掉进去是迟早的事！,1,0
,4797660660502788,Mon Aug 01 14:21:40 +0800 2022,梦想是红,https://weibo.com//u/6309694832,这种视频 这种人赶紧消失吧 求求了,0,0
,4797661653504739,Mon Aug 01 14:25:37 +0800 2022,爱吃菜花的摩羯,https://weibo.com//u/1662915740,手舞足蹈的有点不太聪明,2,0
,4797626735921755,Mon Aug 01 12:06:51 +0800 2022,Linmrom安然,https://weibo.com//u/2378393667,就她这两下子，我是不敢吃，就这，能好吃，我反正不信，看着有点反胃,4,0
,4797619216323129,Mon Aug 01 11:36:59 +0800 2022,余生不成全,https://weibo.com//u/6046591354,"所以她反其道而行之，夺大众眼球，博出圈<img alt=""[吃瓜]"" title=""[吃瓜]"" src=""https://face.t.sinajs.cn/t4/appstyle/expression/ext/normal/01/2018new_chigua_org.png"" />",1,0
,4798096804681120,Tue Aug 02 19:14:45 +0800 2022,班班要怀挺,https://weibo.com//u/6252543270,她怎么有本事搞到这些珍稀动物的，还好几次，这是个重点,0,0
,4798065774692922,Tue Aug 02 17:11:27 +0800 2022,吃完冰棒再啃棍子,https://weibo.com//u/2793921844,就想问一下 她这样的 能判几年,0,0
,4798012863285732,Tue Aug 02 13:41:12 +0800 2022,乔伊斯的爱爱爱爱爱,https://weibo.com//u/2529759157,"都没有冷藏  不会臭嘛？<img alt=""[二哈]"" title=""[二哈]"" src=""https://face.t.sinajs.cn/t4/appstyle/expression/ext/normal/22/2018new_erha_org.png"" />",0,0
,4797736852919100,Mon Aug 01 19:24:26 +0800 2022,谢YQX,https://weibo.com//u/1841908355,给我吃我都不敢吃,0,0
,4797732646814150,Mon Aug 01 19:07:42 +0800 2022,小颖fairy儿,https://weibo.com//u/3286293601,地面烫脚吗，不能站非得跳着说话,1,0
,4797722857315038,Mon Aug 01 18:28:49 +0800 2022,L-羽蒙,https://weibo.com//u/3075268327,吃烤鲨鱼的时候真的有点像丧尸,0,0
,4797669593580291,Mon Aug 01 14:57:09 +0800 2022,这次不会再逃跑了哦,https://weibo.com//u/6070326773,怎么不能正常点啊,0,0
,4797663037620460,Mon Aug 01 14:31:06 +0800 2022,金刚铁木真,https://weibo.com//u/2289437787,啃尾巴镜头好像丧尸,3,0
,4797683442914836,Mon Aug 01 15:52:12 +0800 2022,中药-热灸,https://weibo.com//u/3772262360,"现在的视频，动不动为了薄眼球<img alt=""[二哈]"" title=""[二哈]"" src=""https://face.t.sinajs.cn/t4/appstyle/expression/ext/normal/22/2018new_erha_org.png"" />摆拍，哪怕是犯法<img alt=""[摊手]"" title=""[摊手]"" src=""https://face.t.sinajs.cn/t4/appstyle/expression/ext/normal/62/2018new_tanshou_org.png"" />",2,0
,4797628207858215,Mon Aug 01 12:12:42 +0800 2022,那就自己看日落,https://weibo.com//u/7403682823,"感觉她饿极了会吃人<img alt=""[单身狗]"" title=""[单身狗]"" src=""https://face.t.sinajs.cn/t4/appstyle/expression/ext/normal/20/2021_alongdog_org.png"" />",4,0
,4797608839348689,Mon Aug 01 10:55:44 +0800 2022,马上就有八块腹肌的李沐,https://weibo.com//u/3479809583,"尴尬的抠脚<img alt=""[摊手]"" title=""[摊手]"" src=""https://face.t.sinajs.cn/t4/appstyle/expression/ext/normal/62/2018new_tanshou_org.png"" />",2,0
,4798102001952373,Tue Aug 02 19:35:24 +0800 2022,AA___0995,https://weibo.com//u/6386347527,心如蛇蝎什么不敢吃,0,0
,4798067628312938,Tue Aug 02 17:18:49 +0800 2022,一茹ER,https://weibo.com//u/2490325190,这女的真邋遢,0,0
,4798066453911142,Tue Aug 02 17:14:09 +0800 2022,一茹ER,https://weibo.com//u/2490325190,四川农村很多女的比她还开放,0,0
,4798032836821742,Tue Aug 02 15:00:33 +0800 2022,可乐在家呀,https://weibo.com//u/5605361854,拍得时候有多开心，被告知犯法了就有多狼狈,0,0
,4798006966354854,Tue Aug 02 13:17:45 +0800 2022,像小新一样,https://weibo.com//u/3101606423,他的家人们都吃了,0,0
,4798004118689057,Tue Aug 02 13:06:27 +0800 2022,扶南jing,https://weibo.com//u/1672647071,能不能把手和脚给我按死了 不让她动,0,0
,4797965954454315,Tue Aug 02 10:34:48 +0800 2022,何媚媚的围脖,https://weibo.com//u/7530552182,"感觉她饿极了会吃人<img alt=""[泪]"" title=""[泪]"" src=""https://face.t.sinajs.cn/t4/appstyle/expression/ext/normal/6e/2018new_leimu_org.png"" /><img alt=""[泪]"" title=""[泪]"" src=""https://face.t.sinajs.cn/t4/appstyle/expression/ext/normal/6e/2018new_leimu_org.png"" />",0,0
,4797926444894525,Tue Aug 02 07:57:48 +0800 2022,无畏无让-,https://weibo.com//u/6502341862,"开头这一段蹦跶是什么迷惑行为啊<img alt=""[费解]"" title=""[费解]"" src=""https://face.t.sinajs.cn/t4/appstyle/expression/ext/normal/2a/2018new_wenhao_org.png"" />",0,0
,4797922732148571,Tue Aug 02 07:43:03 +0800 2022,晴天anni,https://weibo.com//u/1771743497,"好做作啊我天<img alt=""[允悲]"" title=""[允悲]"" src=""https://face.t.sinajs.cn/t4/appstyle/expression/ext/normal/83/2018new_kuxiao_org.png"" />",0,0
,4797919964694549,Tue Aug 02 07:32:03 +0800 2022,晗晗小肉坨,https://weibo.com//u/3855364438,为什么有人喜欢看这种视频，我不理解，真尼玛做作的要si……,0,0
,4797868453396931,Tue Aug 02 04:07:22 +0800 2022,悬崖梅,https://weibo.com//u/2298092555,我们老家确实有鲨鱼干，但需要泡好之后去砂的，难道这种新鲜的鲨鱼皮上面没有砂？,0,0
,4797799038718525,Mon Aug 01 23:31:32 +0800 2022,卢大爷撸大铁,https://weibo.com//u/1626698031,空有一副好看的皮囊 没有相应的品行去支撑 过于做作 现在作死了吧,0,0
,4797793384270589,Mon Aug 01 23:09:04 +0800 2022,Ternence_Gu,https://weibo.com//u/7414388963,如果是大白鲨，那就不会是人工养殖,0,0
,4797783011496051,Mon Aug 01 22:27:51 +0800 2022,吹起的风的你,https://weibo.com//u/5083065414,严查,0,0
,4797775012692780,Mon Aug 01 21:56:03 +0800 2022,蚂蚁踩大象,https://weibo.com//u/5650969339,"这一群人都这么物质？<img alt=""[doge]"" title=""[doge]"" src=""https://face.t.sinajs.cn/t4/appstyle/expression/ext/normal/a1/2018new_doge02_org.png"" /><img alt=""[doge]"" title=""[doge]"" src=""https://face.t.sinajs.cn/t4/appstyle/expression/ext/normal/a1/2018new_doge02_org.png"" /><img alt=""[doge]"" title=""[doge]"" src=""https://face.t.sinajs.cn/t4/appstyle/expression/ext/normal/a1/2018new_doge02_org.png"" />",0,0
,4797773863724282,Mon Aug 01 21:51:30 +0800 2022,蚂蚁踩大象,https://weibo.com//u/5650969339,"她们都没读过书吗<img alt=""[doge]"" title=""[doge]"" src=""https://face.t.sinajs.cn/t4/appstyle/expression/ext/normal/a1/2018new_doge02_org.png"" />",0,0
,4797766800514692,Mon Aug 01 21:23:26 +0800 2022,幕兮希兮,https://weibo.com//u/3798836291,牢底坐穿吧,0,0
,4797764745563230,Mon Aug 01 21:15:16 +0800 2022,小兔白bai,https://weibo.com//u/1246105917,为了红，不折手段…,0,0
,4797754491013686,Mon Aug 01 20:34:30 +0800 2022,尚雯强,https://weibo.com//u/5813703442,有种人叫笑面虎，笑嘻嘻面向外人，实际人家是杀手,0,0
,4797751509125238,Mon Aug 01 20:22:40 +0800 2022,GINGINNIGNIG,https://weibo.com//u/2465483125,合理运用网暴 清理垃圾,0,0
,4797735021054989,Mon Aug 01 19:17:09 +0800 2022,末之虞,https://weibo.com//u/7671761083,想yue,0,0
,4797730164315155,Mon Aug 01 18:57:51 +0800 2022,南方小马岱,https://weibo.com//u/2611545354,我是一个除了鸡鸭鱼虾猪牛羊这一类，反正就是常见的才吃，兔子鹅鸽子这类的我也不吃，不知道怎么还会有人吃这么奇怪的东西，怎么下的去嘴呢,0,0
,4797726736516549,Mon Aug 01 18:44:13 +0800 2022,快乐的洋洋zyy,https://weibo.com//u/6932120933,为了热度不择手段，谁能告诉告诉我谁有那个实力人工养殖这种鲨鱼,0,0
,4797721112743983,Mon Aug 01 18:21:53 +0800 2022,云深不知处不禁你wwx,https://weibo.com//u/1994687844,吃的人是不是一个都跑不脱,0,0
,4797719565308846,Mon Aug 01 18:15:44 +0800 2022,窗外86565,https://weibo.com//u/7651070623,又不是三岁孩子，跳跳跳的，干嘛？,0,0
,4797711721693501,Mon Aug 01 17:44:33 +0800 2022,emmm像花一样,https://weibo.com//u/1790805053,多大的人了。。。。。。,0,0
,4797704620214930,Mon Aug 01 17:16:21 +0800 2022,国民偶像小小恋歌,https://weibo.com//u/6135429155,假的要死，老板说她自己带来的,0,0
,4797704238534294,Mon Aug 01 17:14:50 +0800 2022,Wowhuahua,https://weibo.com//u/5513427609,一锅端了吧,0,0
,4797703567706699,Mon Aug 01 17:12:10 +0800 2022,强心脏12喵蹄plus,https://weibo.com//u/6084009111,"这个是大鲨bee<img alt=""[吃惊]"" title=""[吃惊]"" src=""https://face.t.sinajs.cn/t4/appstyle/expression/ext/normal/49/2018new_chijing_org.png"" />",0,0
,4797703097945803,Mon Aug 01 17:10:18 +0800 2022,十四疯子,https://weibo.com//u/5455389658,可能大的确是喜欢大,0,0
,4797700027193756,Mon Aug 01 16:58:06 +0800 2022,鱼鱼鱼没有鱼,https://weibo.com//u/2464745427,"走路非要边跳边走？说话非要手舞足蹈？<img alt=""[吃瓜]"" title=""[吃瓜]"" src=""https://face.t.sinajs.cn/t4/appstyle/expression/ext/normal/01/2018new_chigua_org.png"" />",0,0
,4797698857766135,Mon Aug 01 16:53:27 +0800 2022,zzzzz甲乙,https://weibo.com//u/6383425773,"吃的是调料还是肉啊<img alt=""[汗]"" title=""[汗]"" src=""https://face.t.sinajs.cn/t4/appstyle/expression/ext/normal/28/2018new_han_org.png"" />",0,0
,4797696148509355,Mon Aug 01 16:42:41 +0800 2022,啊秋有只熊,https://weibo.com//u/5245382726,"哎，慢脚的大可爱<img alt=""[doge]"" title=""[doge]"" src=""https://face.t.sinajs.cn/t4/appstyle/expression/ext/normal/a1/2018new_doge02_org.png"" />",0,0
,4797695816108811,Mon Aug 01 16:41:21 +0800 2022,霞霞的小后厨,https://weibo.com//u/1505178584,可以去采访一下这些群演  吃完啥味道,0,0
,4797692008728640,Mon Aug 01 16:26:13 +0800 2022,老鬼七啊,https://weibo.com//u/3259742714,她吃的真的很恶,0,0
,4797691303035518,Mon Aug 01 16:23:25 +0800 2022,小肥杨918,https://weibo.com//u/7058170393,全部关进去吧,0,0
,4797688870344629,Mon Aug 01 16:13:46 +0800 2022,龙见龙爱,https://weibo.com//u/1033190874,"各种做作啊<img alt=""[允悲]"" title=""[允悲]"" src=""https://face.t.sinajs.cn/t4/appstyle/expression/ext/normal/83/2018new_kuxiao_org.png"" />………",0,0
,4797688346578529,Mon Aug 01 16:11:41 +0800 2022,花子咕咕猫,https://weibo.com//u/7747934393,"如果她不是被调查，她的视频我都是划过不看的，一看这人就觉很假，矫情。现在她被查了，反而看了她几个视频，果然是矫情跟假<img alt=""[笑cry]"" title=""[笑cry]"" src=""https://face.t.sinajs.cn/t4/appstyle/expression/ext/normal/4a/2018new_xiaoku_thumb.png"" /><img alt=""[笑cry]"" title=""[笑cry]"" src=""https://face.t.sinajs.cn/t4/appstyle/expression/ext/normal/4a/2018new_xiaoku_thumb.png"" /><img alt=""[笑cry]"" title=""[笑cry]"" src=""https://face.t.sinajs.cn/t4/appstyle/expression/ext/normal/4a/2018new_xiaoku_thumb.png"" /><img alt=""[笑cry]"" title=""[笑cry]"" src=""https://face.t.sinajs.cn/t4/appstyle/expression/ext/normal/4a/2018new_xiaoku_thumb.png"" />",0,0
,4797688153643191,Mon Aug 01 16:10:55 +0800 2022,XZY832,https://weibo.com//u/5315102581,"吃鲨鱼尾巴看着好恐怖，好像丧尸<img alt=""[泪]"" title=""[泪]"" src=""https://face.t.sinajs.cn/t4/appstyle/expression/ext/normal/6e/2018new_leimu_org.png"" />",0,0
,4797687042146520,Mon Aug 01 16:06:29 +0800 2022,同色系的宸,https://weibo.com//u/2942837125,不晓得跳的啥子，地球都要遭那跳穿,0,0
,4797683501895389,Mon Aug 01 15:52:26 +0800 2022,谁_你的金箍棒丢了,https://weibo.com//u/2614064021,我只想问她被抓了吗？,0,0
,4797682709696660,Mon Aug 01 15:49:17 +0800 2022,娜娜89655,https://weibo.com//u/5729108251,"鲨鱼都敢吃，鲨鱼没有尿道，尿都是用皮肤渗出的。鲨鱼肉是陈年老尿味的，渔民都不吃<img alt=""[允悲]"" title=""[允悲]"" src=""https://face.t.sinajs.cn/t4/appstyle/expression/ext/normal/83/2018new_kuxiao_org.png"" />",0,0
,4797681699132438,Mon Aug 01 15:45:16 +0800 2022,ML在隔壁,https://weibo.com//u/6247728974,确定这不是丧尸……？,0,0
,4797679580744772,Mon Aug 01 15:36:51 +0800 2022,Melody_幸运的鑫鑫,https://weibo.com//u/2704923383,造孽啊 唉,0,0
,4797679231832355,Mon Aug 01 15:35:28 +0800 2022,落花雨25663,https://weibo.com//u/5338781819,"救命，无知到这种程度，那么年轻干点啥不好<img alt=""[汗]"" title=""[汗]"" src=""https://face.t.sinajs.cn/t4/appstyle/expression/ext/normal/28/2018new_han_org.png"" />",0,0
,4797679110980773,Mon Aug 01 15:34:59 +0800 2022,小F老师的铺子,https://weibo.com//u/1914661390,"瓜迷日眼的<img alt=""[怒]"" title=""[怒]"" src=""https://face.t.sinajs.cn/t4/appstyle/expression/ext/normal/f6/2018new_nu_org.png"" />",0,0
,4797677592379551,Mon Aug 01 15:28:56 +0800 2022,薄凉旧情人201902,https://weibo.com//u/7014894659,"僵尸来了<img alt=""[哆啦A梦害怕]"" title=""[哆啦A梦害怕]"" src=""https://face.t.sinajs.cn/t4/appstyle/expression/ext/normal/c7/dorahaipa_org.gif"" /><img alt=""[哆啦A梦害怕]"" title=""[哆啦A梦害怕]"" src=""https://face.t.sinajs.cn/t4/appstyle/expression/ext/normal/c7/dorahaipa_org.gif"" /><img alt=""[哆啦A梦害怕]"" title=""[哆啦A梦害怕]"" src=""https://face.t.sinajs.cn/t4/appstyle/expression/ext/normal/c7/dorahaipa_org.gif"" />",0,0
,4797675830775912,Mon Aug 01 15:21:57 +0800 2022,LOVEVIP庆庆,https://weibo.com//u/6279752411,为了红，无所不用极,0,0
,4797674014377472,Mon Aug 01 15:14:44 +0800 2022,吃饭不知名选手,https://weibo.com//u/7460559422,"吐了<img alt=""[吐]"" title=""[吐]"" src=""https://face.t.sinajs.cn/t4/appstyle/expression/ext/normal/08/2018new_tu_org.png"" /><img alt=""[吐]"" title=""[吐]"" src=""https://face.t.sinajs.cn/t4/appstyle/expression/ext/normal/08/2018new_tu_org.png"" /><img alt=""[吐]"" title=""[吐]"" src=""https://face.t.sinajs.cn/t4/appstyle/expression/ext/normal/08/2018new_tu_org.png"" /><img alt=""[吐]"" title=""[吐]"" src=""https://face.t.sinajs.cn/t4/appstyle/expression/ext/normal/08/2018new_tu_org.png"" />",0,0
,4797672591982919,Mon Aug 01 15:09:04 +0800 2022,唔喵小懒,https://weibo.com//u/6859917517,这女孩看着文化素质就不高，教坏小孩子,0,0
,4797672269809168,Mon Aug 01 15:07:47 +0800 2022,于羊咩,https://weibo.com//u/2942965280,感觉她好埋汰啊,0,0
,4797669924405953,Mon Aug 01 14:58:28 +0800 2022,Wendy161127,https://weibo.com//u/1948363635,好吓人，别让她出来吓人了,1,0
,4797667895150534,Mon Aug 01 14:50:25 +0800 2022,胖胖的小草莓i,https://weibo.com//u/7277375118,你能不能正常说话我真的,1,0
,4797665889485916,Mon Aug 01 14:42:26 +0800 2022,青木时殇,https://weibo.com//u/2515436772,"吃东西的样子好吓人<img alt=""[允悲]"" title=""[允悲]"" src=""https://face.t.sinajs.cn/t4/appstyle/expression/ext/normal/83/2018new_kuxiao_org.png"" />",0,0
,4797665441220564,Mon Aug 01 14:40:40 +0800 2022,晴川历历汉阳树G,https://weibo.com//u/2294388267,这为什么粗封杀？为了流量毫无下限,0,0
,4797663126754816,Mon Aug 01 14:31:28 +0800 2022,多小管,https://weibo.com//u/5513970516,赶紧刑拘,1,0
,4797663113649245,Mon Aug 01 14:31:25 +0800 2022,西洲O,https://weibo.com//u/1894172347,丢海里喂大白鲨,0,0
,4797656850762107,Mon Aug 01 14:06:32 +0800 2022,四川人莫摆了,https://weibo.com//u/3200260373,居然还有粉丝,0,0
,4797656842376214,Mon Aug 01 14:06:30 +0800 2022,挚爱军旅人生,https://weibo.com//u/7305729060,牢底坐穿,0,0
,4797656410361136,Mon Aug 01 14:04:46 +0800 2022,菩夙6292,https://weibo.com//u/6387067905,教育对她的人缺失,0,0
,4797654133638957,Mon Aug 01 13:55:44 +0800 2022,无尽深海cy,https://weibo.com//u/2775272891,多动症吧,0,0
,4797652812170849,Mon Aug 01 13:50:28 +0800 2022,美妞的小黑,https://weibo.com//u/2975435755,多动症吗,0,0
,4797651356223036,Mon Aug 01 13:44:41 +0800 2022,粉色普通小市民,https://weibo.com//u/6487722123,疯了吧唧的 为博眼球没下线了,0,0
,4797619698403952,Mon Aug 01 11:38:54 +0800 2022,过山车的酪酪,https://weibo.com//u/7350176698,这帮吃货是不是都在里面蹲着了？,0,0
,4797727592679944,Mon Aug 01 18:47:38 +0800 2022,艾朵的微博,https://weibo.com//u/5185723909,不喜欢她,0,0
,4797646864648944,Mon Aug 01 13:26:51 +0800 2022,我爱你们916,https://weibo.com//u/3087160823,"瓜兮兮的样子<img alt=""[允悲]"" title=""[允悲]"" src=""https://face.t.sinajs.cn/t4/appstyle/expression/ext/normal/83/2018new_kuxiao_org.png"" />",1,0
,4797614379504075,Mon Aug 01 11:17:46 +0800 2022,言芮清,https://weibo.com//u/6356879534,劳资尴尬癌都要犯了,1,0
,4798139209351171,Tue Aug 02 22:03:14 +0800 2022,万物不及甜甜c,https://weibo.com//u/6392045467,"这些人都很可刑<img alt=""[微笑]"" title=""[微笑]"" src=""https://face.t.sinajs.cn/t4/appstyle/expression/ext/normal/e3/2018new_weixioa02_org.png"" />",0,0
,4798065606657358,Tue Aug 02 17:10:47 +0800 2022,DoKyongSu,https://weibo.com//u/7709435417,"装可爱的绿茶，看着真的不尴尬吗<img alt=""[哆啦A梦害怕]"" title=""[哆啦A梦害怕]"" src=""https://face.t.sinajs.cn/t4/appstyle/expression/ext/normal/c7/dorahaipa_org.gif"" />",0,0
,4798064608416494,Tue Aug 02 17:06:49 +0800 2022,Little_AppleTree,https://weibo.com//u/3306860605,"<img alt=""[苦涩]"" title=""[苦涩]"" src=""https://face.t.sinajs.cn/t4/appstyle/expression/ext/normal/7e/2021_bitter_org.png"" />只有我看着反胃吗",0,0
,4798026227647433,Tue Aug 02 14:34:17 +0800 2022,乐猪猪1984,https://weibo.com//u/5656574648,看得极不舒服，为什么不禁播,0,0
,4797998901496768,Tue Aug 02 12:45:43 +0800 2022,海苔团团,https://weibo.com//u/7106054406,是不是吃的都犯法？这么多人呢？,0,0
,4797760429105110,Mon Aug 01 20:58:07 +0800 2022,kekeaiai44285,https://weibo.com//u/7568214616,忍住强烈不适感，看她造作！尴尬癌犯了,0,0
,4797732240231686,Mon Aug 01 19:06:06 +0800 2022,小豆芽菜6406033113,https://weibo.com//u/6406033113,抓了没,1,0
,4797702468274261,Mon Aug 01 17:07:47 +0800 2022,不是黑莲花,https://weibo.com//u/7421632867,这种人就像傻子一样,0,0
,4797700219867224,Mon Aug 01 16:58:52 +0800 2022,Gemlinn,https://weibo.com//u/3137185210,不被抓？,0,0
,4797676208261390,Mon Aug 01 15:23:27 +0800 2022,阿拉丁呀没有灯,https://weibo.com//u/7584670039,说句话要跳一下说句话要跳一下，不跳那么一下字儿蹦不出来是不是,0,0
,4797676175234166,Mon Aug 01 15:23:19 +0800 2022,孟小仙儿yu,https://weibo.com//u/6335293978,"这女的有常识吗<img alt=""[费解]"" title=""[费解]"" src=""https://face.t.sinajs.cn/t4/appstyle/expression/ext/normal/2a/2018new_wenhao_org.png"" />",0,0
,4797661771466503,Mon Aug 01 14:26:05 +0800 2022,快转宝,https://weibo.com//u/7747686373,我看刑,0,0
,4797661155430645,Mon Aug 01 14:23:38 +0800 2022,萱妈6522336549,https://weibo.com//u/6522336549,建议封杀,2,0
,4797651227510112,Mon Aug 01 13:44:11 +0800 2022,路灯法师一路过,https://weibo.com//u/7768987776,判几年啊,0,0
,4797617530476679,Mon Aug 01 11:30:17 +0800 2022,嘻嘻哈哈蹦撒卡拉,https://weibo.com//u/2409369383,"装可爱<img alt=""[允悲]"" title=""[允悲]"" src=""https://face.t.sinajs.cn/t4/appstyle/expression/ext/normal/83/2018new_kuxiao_org.png"" />",0,0
,4798124931156576,Tue Aug 02 21:06:31 +0800 2022,小小的微部落,https://weibo.com//u/1960920664,这类无知的美食博主早就可以清理了,0,0
,4798100206261691,Tue Aug 02 19:28:16 +0800 2022,谢蟹bro,https://weibo.com//u/7762014596,"网红里也是参差不齐的，你们知道么<img alt=""[doge]"" title=""[doge]"" src=""https://face.t.sinajs.cn/t4/appstyle/expression/ext/normal/a1/2018new_doge02_org.png"" />",0,0
,4798062574182621,Tue Aug 02 16:58:44 +0800 2022,执剑三千里,https://weibo.com//u/2134003934,油腻,0,0
,4798057822556686,Tue Aug 02 16:39:51 +0800 2022,18岁高中生赵四,https://weibo.com//u/3977434082,急寻7.15晚上9点多钟在重庆市南岸区大兴场码头失踪的10岁女孩轩轩，联系电话： 杨女士：18723474448  张先生：17830212713,0,0
,4798047819137812,Tue Aug 02 16:00:05 +0800 2022,Linda木木木木木木,https://weibo.com//u/2375910512,再不枪毙她要吃人了,0,0
,4798001913006500,Tue Aug 02 12:57:41 +0800 2022,1叶落无声1,https://weibo.com//u/3592970793,"她为什么要一边说话一边蹦，手还要那么夸张的比划<img alt=""[吐]"" title=""[吐]"" src=""https://face.t.sinajs.cn/t4/appstyle/expression/ext/normal/08/2018new_tu_org.png"" />",0,0
,4797798454922630,Mon Aug 01 23:29:13 +0800 2022,爱美好Sophia,https://weibo.com//u/1798386310,最后镜头吃的时候真假，说好吃哦,0,0
,4797775860728521,Mon Aug 01 21:59:25 +0800 2022,小茴香丁香高良姜,https://weibo.com//u/2755797057,"做作的像个弱智，和她一起吃的人也像个弱智<img alt=""[感冒]"" title=""[感冒]"" src=""https://face.t.sinajs.cn/t4/appstyle/expression/ext/normal/8c/2022_cold_org.png"" />我整个人都不好了",0,0
,4797775730705884,Mon Aug 01 21:58:54 +0800 2022,wode路,https://weibo.com//u/5695667106,<a href=/n/范范范子贤>@范范范子贤</a>,0,0
,4797755916027972,Mon Aug 01 20:40:11 +0800 2022,一个自称洒家的人,https://weibo.com//u/5649158992,这不会是姓傻吧？,0,0
,4797749818561410,Mon Aug 01 20:15:57 +0800 2022,Ruan大大怪,https://weibo.com//u/6348695385,你进去没？,0,0
,4797705714669004,Mon Aug 01 17:20:42 +0800 2022,耿耿大耿宝妈帮,https://weibo.com//u/1874856843,"每个细胞都散发着做作，<img alt=""[费解]"" title=""[费解]"" src=""https://face.t.sinajs.cn/t4/appstyle/expression/ext/normal/2a/2018new_wenhao_org.png"" />矫情，不正常，<img alt=""[费解]"" title=""[费解]"" src=""https://face.t.sinajs.cn/t4/appstyle/expression/ext/normal/2a/2018new_wenhao_org.png"" />为何会有人想看这种直播<img alt=""[费解]"" title=""[费解]"" src=""https://face.t.sinajs.cn/t4/appstyle/expression/ext/normal/2a/2018new_wenhao_org.png"" />",0,0
,4797697485179374,Mon Aug 01 16:47:59 +0800 2022,撕家恶喵布布喵,https://weibo.com//u/6525602151,和脑干缺失了一样,0,0
,4797689918655103,Mon Aug 01 16:17:56 +0800 2022,穿过北京去西藏,https://weibo.com//u/2513246120,"说话就说话，跳啥<img alt=""[费解]"" title=""[费解]"" src=""https://face.t.sinajs.cn/t4/appstyle/expression/ext/normal/2a/2018new_wenhao_org.png"" />",0,0
,4797688505178712,Mon Aug 01 16:12:19 +0800 2022,海南安宁精神病医院,https://weibo.com//u/6025739841,我治不了反正,1,0
,4797684629635874,Mon Aug 01 15:56:54 +0800 2022,香草94794,https://weibo.com//u/7357615850,"好难受<img alt=""[允悲]"" title=""[允悲]"" src=""https://face.t.sinajs.cn/t4/appstyle/expression/ext/normal/83/2018new_kuxiao_org.png"" /><img alt=""[允悲]"" title=""[允悲]"" src=""https://face.t.sinajs.cn/t4/appstyle/expression/ext/normal/83/2018new_kuxiao_org.png"" />别说是这种稀有的东西可能涉嫌违法吃野生动物，就家里买只鸡，一会要炖它，谁能用这种语气表情说“哇大母鸡哇给它洗个澡给鸡大姐上点酱油...”<img alt=""[允悲]"" title=""[允悲]"" src=""https://face.t.sinajs.cn/t4/appstyle/expression/ext/normal/83/2018new_kuxiao_org.png"" />真的好像有点大病",0,0
,4797684264997157,Mon Aug 01 15:55:28 +0800 2022,霸道少年你如风2021,https://weibo.com//u/6405894619,那个老板应该也要判吧,0,0
,4797675553161429,Mon Aug 01 15:20:50 +0800 2022,VJwenjing,https://weibo.com//u/2330154171,确实是吃饱了的一天,0,0
,4797666837663714,Mon Aug 01 14:46:13 +0800 2022,乐冷乐静,https://weibo.com//u/3080279017,无知者无畏真是,0,0
,4797665960790283,Mon Aug 01 14:42:44 +0800 2022,哎哟菲比巡场,https://weibo.com//u/2451282044,看得好难受,0,0
,4797659698699014,Mon Aug 01 14:17:51 +0800 2022,我多想我是只羊,https://weibo.com//u/2032200613,"想吐…<img alt=""[doge]"" title=""[doge]"" src=""https://face.t.sinajs.cn/t4/appstyle/expression/ext/normal/a1/2018new_doge02_org.png"" />",0,0
,4797658185598242,Mon Aug 01 14:11:49 +0800 2022,开心的发愁,https://weibo.com//u/2364734920,<a href=/n/开心的发愁>@开心的发愁</a>: 这孩子怕不是有多动症?五岁的娃娃都比她说话正常,0,0
,4797656075077889,Mon Aug 01 14:03:26 +0800 2022,兮渡瑞辰,https://weibo.com//u/6587538588,看得我难受啊🆘能不能别跳来跳去的,1,0
,4797654481502700,Mon Aug 01 13:57:06 +0800 2022,敲可爱滴小萨摩,https://weibo.com//u/3227421131,"说话总蹦什么啊？一说话一蹦哒是青蛙吗？长嘴还不会好好说话，做作<img alt=""[微笑]"" title=""[微笑]"" src=""https://face.t.sinajs.cn/t4/appstyle/expression/ext/normal/e3/2018new_weixioa02_org.png"" />",1,0
,4797654338635018,Mon Aug 01 13:56:32 +0800 2022,pearent,https://weibo.com//u/5632470509,"<img alt=""[doge]"" title=""[doge]"" src=""https://face.t.sinajs.cn/t4/appstyle/expression/ext/normal/a1/2018new_doge02_org.png"" />好像有点傻",1,0
,4797653060420911,Mon Aug 01 13:51:28 +0800 2022,诗人吉吉,https://weibo.com//u/5700412045,隔江犹唱后庭花,0,0
,4797639638384736,Mon Aug 01 12:58:07 +0800 2022,嘿Superwoman,https://weibo.com//u/1714392611,<a href=/n/余生遇520520>@余生遇520520</a>,0,0
,4797629983099413,Mon Aug 01 12:19:46 +0800 2022,---Why---,https://weibo.com//u/2545591774,恶趣味,0,0
,4797627068322617,Mon Aug 01 12:08:11 +0800 2022,可是人家就是爱哭鬼,https://weibo.com//u/7452268028,鲨鱼肉不是骚的么,0,0
,4797621384251156,Mon Aug 01 11:45:36 +0800 2022,小木豆忖,https://weibo.com//u/7512371760,她说话的样子像小脑发育不全,1,0
,4797618465019661,Mon Aug 01 11:34:00 +0800 2022,F20F30,https://weibo.com//u/1745908033,"团队，真刑<img alt=""[喵喵]"" title=""[喵喵]"" src=""https://face.t.sinajs.cn/t4/appstyle/expression/ext/normal/7b/2018new_miaomiao_org.png"" />",0,0
,4797612990926527,Mon Aug 01 11:12:15 +0800 2022,毛君画,https://weibo.com//u/7331514728,我也养了一只，虽然已经不濒危了，还是希望能保护他们，毕竟除了观赏，还可以是美食,0,0
,4797610495842037,Mon Aug 01 11:02:20 +0800 2022,啊东-东,https://weibo.com//u/1802650055,"请不要什么都叫网红，她也就这次红了<img alt=""[doge]"" title=""[doge]"" src=""https://face.t.sinajs.cn/t4/appstyle/expression/ext/normal/a1/2018new_doge02_org.png"" />",0,0
,4797625372510899,Mon Aug 01 12:01:27 +0800 2022,Yumi_hotdog,https://weibo.com//u/7583588981,<a href=/n/逃课画画>@逃课画画</a>,2,1
4797625372510899.0,4797651139428873,Mon Aug 01 13:43:49 +0800 2022,逃课画画,https://weibo.com//u/6308692177,毛骨悚然…,0,0
,4797625326376223,Mon Aug 01 12:01:16 +0800 2022,晓科-poi,https://weibo.com//u/7279917997,君子远庖厨,4,1
,4797622735080271,Mon Aug 01 11:50:58 +0800 2022,YuhongZhuo,https://weibo.com//u/5000593444,"问题是市场能公开<img alt=""[晕]"" title=""[晕]"" src=""https://face.t.sinajs.cn/t4/appstyle/expression/ext/normal/07/2018new_yun_org.png"" />买卖",10,0
,4797622474772371,Mon Aug 01 11:49:56 +0800 2022,熬夜别早睡,https://weibo.com//u/3331170772,不懂就问：一起吃的人犯法吗？,52,6
4797622474772371.0,4797771758964925,Mon Aug 01 21:43:08 +0800 2022,逆风翻盘wind,https://weibo.com//u/7709790084,目前《中华人民共和国刑法》中没有规定吃保护动物的这种行为要承担刑事责任，主要是非法捕杀保护动物的犯罪嫌疑人要承担刑事责任。买卖同罪，运输的，买卖的，都有罪。,3,0
4797622474772371.0,4797676530962165,Mon Aug 01 15:24:44 +0800 2022,suorcc,https://weibo.com//u/5597702544,犯吧，那个鱼店老板也有罪吧？猜测，也不清楚，希望有人科普。,2,0
4797622474772371.0,4798077116879895,Tue Aug 02 17:56:31 +0800 2022,枫枫Joaner,https://weibo.com//u/1944957610,回复<a href=/n/逆风翻盘wind>@逆风翻盘wind</a>:那都有罪了，她确实捕杀了。根据之前掏鸟窝被判10年的，她也大差不离了，而且还更恶劣吧,0,0
4797622474772371.0,4797922208909825,Tue Aug 02 07:40:58 +0800 2022,熬夜别早睡,https://weibo.com//u/3331170772,"回复<a href=/n/逆风翻盘wind>@逆风翻盘wind</a>:懂了些了，感谢科普<img alt=""[虎爪比心]"" title=""[虎爪比心]"" src=""https://face.t.sinajs.cn/t4/appstyle/expression/ext/normal/2b/2022_handheart_org.png"" /><img alt=""[虎爪比心]"" title=""[虎爪比心]"" src=""https://face.t.sinajs.cn/t4/appstyle/expression/ext/normal/2b/2022_handheart_org.png"" /><img alt=""[虎爪比心]"" title=""[虎爪比心]"" src=""https://face.t.sinajs.cn/t4/appstyle/expression/ext/normal/2b/2022_handheart_org.png"" />",0,0
4797622474772371.0,4797788401965457,Mon Aug 01 22:49:16 +0800 2022,乐宁是自由摄影师,https://weibo.com//u/7524003003,回复<a href=/n/suorcc>@suorcc</a>:据说是拿到那摆拍的 老板没有参与,2,0
4797622474772371.0,4797680917942848,Mon Aug 01 15:42:10 +0800 2022,熬夜别早睡,https://weibo.com//u/3331170772,回复<a href=/n/suorcc>@suorcc</a>:不知道真的是那个老板卖的还是这个人在那个店前面摆拍的，提前跟老板说好摆拍的那种。购买和售卖肯定都犯法的吧。但是不知道这些一起吃的人算不算。感觉他们年纪大了都不懂什么叫保护动物。希望有人科普,1,0
,4797605207081103,Mon Aug 01 10:41:18 +0800 2022,一位热爱建筑的有志青年,https://weibo.com//u/7386336445,这种人为什么不封了,36,4
4797605207081103.0,4797679073230985,Mon Aug 01 15:34:49 +0800 2022,成男今天改旧校服建模了吗,https://weibo.com//u/6525361668,但凡你关注下新闻,0,0
4797605207081103.0,4797680273066245,Mon Aug 01 15:39:35 +0800 2022,火鍋米飯拿走拿走別客氣,https://weibo.com//u/5634120342,回复<a href=/n/成男今天改旧校服建模了吗>@成男今天改旧校服建模了吗</a>:眼界小呗 只看见周公子汰渍 其他的都觉得是这样,0,0
4797605207081103.0,4797678959204269,Mon Aug 01 15:34:23 +0800 2022,成男今天改旧校服建模了吗,https://weibo.com//u/6525361668,回复<a href=/n/火鍋米飯拿走拿走別客氣>@火鍋米飯拿走拿走別客氣</a>:台湾人看啥都有背景我真的笑了，没看到都刑事立案了吗，无语,1,0
4797605207081103.0,4797616984429166,Mon Aug 01 11:28:07 +0800 2022,火鍋米飯拿走拿走別客氣,https://weibo.com//u/5634120342,背景？,1,0
,4797603071394861,Mon Aug 01 10:32:49 +0800 2022,二姨晒着太阳,https://weibo.com//u/5701583668,这女人教坏了孩子啊！！！！,116,2
4797603071394861.0,4797783196045556,Mon Aug 01 22:28:35 +0800 2022,心中有光不迷路,https://weibo.com//u/2358393697,为了赚钱真的无下限,0,0
4797603071394861.0,4797756235582748,Mon Aug 01 20:41:27 +0800 2022,海是蓝色调,https://weibo.com//u/6577220596,为什么要吃鲨鱼啊，真的好可怜的，把鱼翅割了再扔回海里，鲨鱼就废了，，真的死都不吃,0,0
,4797597527838892,Mon Aug 01 10:10:48 +0800 2022,李一909006605,https://weibo.com//u/7602267516,说话这么做作，想搧她,252,3
4797597527838892.0,4797783728461141,Mon Aug 01 22:30:42 +0800 2022,心中有光不迷路,https://weibo.com//u/2358393697,社会主义核心价值观遇上这种人就没有第三和最后一个可言,0,0
4797597527838892.0,4797737482323134,Mon Aug 01 19:26:55 +0800 2022,别失眠123,https://weibo.com//u/6046731131,"真的想扇她<img alt=""[二哈]"" title=""[二哈]"" src=""https://face.t.sinajs.cn/t4/appstyle/expression/ext/normal/22/2018new_erha_org.png"" />",0,0
4797597527838892.0,4797703651593766,Mon Aug 01 17:12:30 +0800 2022,强心脏12喵蹄plus,https://weibo.com//u/6084009111,"有个同事就这样，看着都难受<img alt=""[黑线]"" title=""[黑线]"" src=""https://face.t.sinajs.cn/t4/appstyle/expression/ext/normal/a3/2018new_heixian_org.png"" />",0,0
,4797597146155379,Mon Aug 01 10:09:17 +0800 2022,果子有趣些,https://weibo.com//u/5072005951,装可爱的外表下有颗无比恶毒的心！,55,0
,4797582494925107,Mon Aug 01 09:11:03 +0800 2022,武宗朱厚照,https://weibo.com//u/5252635895,你觉得一个小姑娘有这个经济实力和能力搞到这些东西吗？还不是背后的经纪公司搞的鬼，小姑娘不过是背锅罢了。即使要罚，背后的经纪公司也要罚,51,1
4797582494925107.0,4797797373842765,Mon Aug 01 23:24:55 +0800 2022,剑豪索大大,https://weibo.com//u/5728005069,有钱就搞的到吧，毕竟哪个经纪公司也不会故意去买国家二级保护动物，估计是被坑了认为是人工养殖没问题，然后博眼球,0,0
,4797575326339602,Mon Aug 01 08:42:35 +0800 2022,寒星寒露,https://weibo.com//u/6668263418,听她说话，想抽他，能好好说话吗,41,0
,4797560021583827,Mon Aug 01 07:41:46 +0800 2022,sssp1_584,https://weibo.com//u/2901838741,疯了,7,0
,4797546494952043,Mon Aug 01 06:48:01 +0800 2022,明秋枫a,https://weibo.com//u/6729966714,"鲨鱼的肉是又酸，又柴，又难吃<img alt=""[允悲]"" title=""[允悲]"" src=""https://face.t.sinajs.cn/t4/appstyle/expression/ext/normal/83/2018new_kuxiao_org.png"" />",31,6
4797546494952043.0,4797620084018005,Mon Aug 01 11:40:25 +0800 2022,娘子稍安勿躁,https://weibo.com//u/5578980604,"毕竟尿液通过皮肤排泄<img alt=""[并不简单]"" title=""[并不简单]"" src=""https://face.t.sinajs.cn/t4/appstyle/expression/ext/normal/aa/2018new_bingbujiandan_org.png"" /><img alt=""[并不简单]"" title=""[并不简单]"" src=""https://face.t.sinajs.cn/t4/appstyle/expression/ext/normal/aa/2018new_bingbujiandan_org.png"" /><img alt=""[并不简单]"" title=""[并不简单]"" src=""https://face.t.sinajs.cn/t4/appstyle/expression/ext/normal/aa/2018new_bingbujiandan_org.png"" />",9,0
4797546494952043.0,4797622524583445,Mon Aug 01 11:50:08 +0800 2022,S-lollipop-,https://weibo.com//u/6875581817,我觉得还蛮好吃的诶！还没有骨头，可能品种不同做法不同的原因吧,1,0
4797546494952043.0,4797669246239148,Mon Aug 01 14:55:46 +0800 2022,今天又磕糖了,https://weibo.com//u/6470577675,"虎鲸都不吃，人说好吃，有病<img alt=""[允悲]"" title=""[允悲]"" src=""https://face.t.sinajs.cn/t4/appstyle/expression/ext/normal/83/2018new_kuxiao_org.png"" /><img alt=""[允悲]"" title=""[允悲]"" src=""https://face.t.sinajs.cn/t4/appstyle/expression/ext/normal/83/2018new_kuxiao_org.png"" /><img alt=""[允悲]"" title=""[允悲]"" src=""https://face.t.sinajs.cn/t4/appstyle/expression/ext/normal/83/2018new_kuxiao_org.png"" />",1,0
4797546494952043.0,4797680520006901,Mon Aug 01 15:40:35 +0800 2022,李一909006605,https://weibo.com//u/7602267516,吃过鲨鱼唇，没什么特别,0,0
4797546494952043.0,4797628430423747,Mon Aug 01 12:13:36 +0800 2022,人品木,https://weibo.com//u/2104167804,大鲨鱼是的，尖头斜齿和狗仔鲨都不错啊,0,0
4797546494952043.0,4797625905453046,Mon Aug 01 12:03:34 +0800 2022,明秋枫a,https://weibo.com//u/6729966714,回复<a href=/n/S-lollipop->@S-lollipop-</a>:你吃的是鱼翅吧？所以你知道为什么古人为什么把鲨鱼鳍割下来吃，把剩下的的给扔了,1,0
,4797512446116145,Mon Aug 01 04:32:43 +0800 2022,东北那嘎200305,https://weibo.com//u/7750055365,据我经验，，，女网红 都卖淫,14,2
4797512446116145.0,4798083701934111,Tue Aug 02 18:22:41 +0800 2022,没有感情的发财机器,https://weibo.com//u/5575501496,不是根据经验，是事实如此,0,0
4797512446116145.0,4797723015909619,Mon Aug 01 18:29:27 +0800 2022,前世的执着201410,https://weibo.com//u/7760590591,"<img alt=""[允悲]"" title=""[允悲]"" src=""https://face.t.sinajs.cn/t4/appstyle/expression/ext/normal/83/2018new_kuxiao_org.png"" />",0,0
,4797464579672669,Mon Aug 01 01:22:31 +0800 2022,小声抵抗,https://weibo.com//u/2610360900,特么看得我生理不适，真的有人喜欢看这？,594,12
4797464579672669.0,4797711730346103,Mon Aug 01 17:44:36 +0800 2022,jasmyn要多笑一笑6,https://weibo.com//u/6464497315,"说一句跳三步，有点做作<img alt=""[允悲]"" title=""[允悲]"" src=""https://face.t.sinajs.cn/t4/appstyle/expression/ext/normal/83/2018new_kuxiao_org.png"" />",16,0
4797464579672669.0,4797678648558088,Mon Aug 01 15:33:08 +0800 2022,睡觉睡觉尼,https://weibo.com//u/5767212751,"还别说，更奇怪的都有人看<img alt=""[doge]"" title=""[doge]"" src=""https://face.t.sinajs.cn/t4/appstyle/expression/ext/normal/a1/2018new_doge02_org.png"" />",7,0
4797464579672669.0,4798018077070881,Tue Aug 02 14:01:55 +0800 2022,二荆条炒鸡蛋,https://weibo.com//u/2686724644,她的肢体动作看起来像有点儿啥大病,3,0
4797464579672669.0,4797788401700280,Mon Aug 01 22:49:16 +0800 2022,再离他们近一点,https://weibo.com//u/6599819589,"回复<a href=/n/jasmyn要多笑一笑6>@jasmyn要多笑一笑6</a>:笑死我了红红火火恍恍惚惚我看着都累<img alt=""[doge]"" title=""[doge]"" src=""https://face.t.sinajs.cn/t4/appstyle/expression/ext/normal/a1/2018new_doge02_org.png"" />",0,0
4797464579672669.0,4797722508664052,Mon Aug 01 18:27:26 +0800 2022,名字不能取太长像我这样就好了,https://weibo.com//u/5719838744,回复<a href=/n/jasmyn要多笑一笑6>@jasmyn要多笑一笑6</a>:上蹿下跳的 好像个猴,1,0
4797464579672669.0,4797722382567030,Mon Aug 01 18:26:55 +0800 2022,名字不能取太长像我这样就好了,https://weibo.com//u/5719838744,回复<a href=/n/jasmyn要多笑一笑6>@jasmyn要多笑一笑6</a>:好tm作 看着都想打她,6,0
4797464579672669.0,4797721988826633,Mon Aug 01 18:25:21 +0800 2022,傲娇女神经经,https://weibo.com//u/5723574702,这种类型的女的，男的会喜欢,3,0
4797464579672669.0,4797721870861859,Mon Aug 01 18:24:54 +0800 2022,傲娇女神经经,https://weibo.com//u/5723574702,"回复<a href=/n/睡觉睡觉尼>@睡觉睡觉尼</a>:感觉是你喜欢看吧<img alt=""[允悲]"" title=""[允悲]"" src=""https://face.t.sinajs.cn/t4/appstyle/expression/ext/normal/83/2018new_kuxiao_org.png"" />",0,0
4797464579672669.0,4797685087338741,Mon Aug 01 15:58:43 +0800 2022,果粒橙Oooo,https://weibo.com//u/3212176051,"越看越难受，越难受越看<img alt=""[笑cry]"" title=""[笑cry]"" src=""https://face.t.sinajs.cn/t4/appstyle/expression/ext/normal/4a/2018new_xiaoku_thumb.png"" />",0,0
