﻿parent_comment_id,comment_id,comment_time,comment_user_name,comment_user_link,comment_content,comment_like_num,child_comment_num
,4797430229637107,Sun Jul 31 23:06:01 +0800 2022,高压郭包肉,https://weibo.com//u/6199492702,"二级好像是五年以下，而且卖给她的人也要判，还有抓捕的，都是同罪<img alt=""[挖鼻]"" title=""[挖鼻]"" src=""https://face.t.sinajs.cn/t4/appstyle/expression/ext/normal/9a/2018new_wabi_thumb.png"" />",0,1
4797430229637107.0,4797434443600669,Sun Jul 31 23:22:46 +0800 2022,爱1山的213,https://weibo.com//u/7489669654,一网打尽,0,0
,4797429952546089,Sun Jul 31 23:04:55 +0800 2022,北鼻教主,https://weibo.com//u/5252025498,什么意思呀？什么养了几只鹦鹉判刑?,0,1
4797429952546089.0,4797434384881738,Sun Jul 31 23:22:32 +0800 2022,爱1山的213,https://weibo.com//u/7489669654,养了国家保护的鹦鹉，好像判了三年还是十年,0,0
