﻿parent_comment_id,comment_id,comment_time,comment_user_name,comment_user_link,comment_content,comment_like_num,child_comment_num
,4798608655778425,Thu Aug 04 05:08:40 +0800 2022,糟老头子坏的很勒,https://weibo.com//u/6693806009,感觉长得很奇怪，但是又说不出来,0,0
,4797704369079150,Mon Aug 01 17:15:20 +0800 2022,禄菊菊菊,https://weibo.com//u/6936750640,"谁能给我艾特一下她吗<img alt=""[doge]"" title=""[doge]"" src=""https://face.t.sinajs.cn/t4/appstyle/expression/ext/normal/a1/2018new_doge02_org.png"" />",0,0
,4797700211482290,Mon Aug 01 16:58:50 +0800 2022,飞电振涛,https://weibo.com//u/2058674222,看得就来气。提子注定要受到应有的惩罚！,1,0
,4797630720253161,Mon Aug 01 12:22:42 +0800 2022,至于岸边,https://weibo.com//u/1649100111,看着就恶心,0,0
,4797565385572539,Mon Aug 01 08:03:04 +0800 2022,吃鸡大虾皮,https://weibo.com//u/7490527834,哈哈哈,0,0
,4797451444423580,Mon Aug 01 00:30:19 +0800 2022,狸狸猫吃鱼,https://weibo.com//u/1797382592,"美颜开的都变形了<img alt=""[允悲]"" title=""[允悲]"" src=""https://face.t.sinajs.cn/t4/appstyle/expression/ext/normal/83/2018new_kuxiao_org.png"" />",2,0
,4797445042603611,Mon Aug 01 00:04:52 +0800 2022,蠡攭,https://weibo.com//u/5669295897,大力抱猪啊 ,1,1
4797445042603611.0,4797445508961316,Mon Aug 01 00:06:44 +0800 2022,我是老吴啊啊啊,https://weibo.com//u/6235765112,哈哈哈哈哈哈,0,0
