﻿parent_comment_id,comment_id,comment_time,comment_user_name,comment_user_link,comment_content,comment_like_num,child_comment_num
,4798656752913869,Thu Aug 04 08:19:47 +0800 2022,可可cc哦,https://weibo.com//u/7573056080,唉,1,0
,4797606079497146,Mon Aug 01 10:44:47 +0800 2022,执笔写心·笑看花开88,https://weibo.com//u/6194598083,"<img alt=""[汗]"" title=""[汗]"" src=""https://face.t.sinajs.cn/t4/appstyle/expression/ext/normal/28/2018new_han_org.png"" />",0,0
,4797465721832382,Mon Aug 01 01:27:03 +0800 2022,AIec遇见soso,https://weibo.com//u/5688974684,"<img alt=""[哇]"" title=""[哇]"" src=""https://face.t.sinajs.cn/t4/appstyle/expression/ext/normal/3d/2022_wow_org.png"" /><img alt=""[哇]"" title=""[哇]"" src=""https://face.t.sinajs.cn/t4/appstyle/expression/ext/normal/3d/2022_wow_org.png"" />",1,0
,4797458193059778,Mon Aug 01 00:57:08 +0800 2022,小小小吕,https://weibo.com//u/5233835792,"<img alt=""[打call]"" title=""[打call]"" src=""https://face.t.sinajs.cn/t4/appstyle/expression/ext/normal/39/moren_dacall02_org.png"" /><img alt=""[打call]"" title=""[打call]"" src=""https://face.t.sinajs.cn/t4/appstyle/expression/ext/normal/39/moren_dacall02_org.png"" />",7,0
,4797458066442439,Mon Aug 01 00:56:38 +0800 2022,-奶熊奶熊-,https://weibo.com//u/7186371785,"<img alt=""[心]"" title=""[心]"" src=""https://face.t.sinajs.cn/t4/appstyle/expression/ext/normal/8a/2018new_xin_org.png"" />",7,0
,4797456916939339,Mon Aug 01 00:52:03 +0800 2022,我是大娟卷,https://weibo.com//u/3989916045,"来啦来啦<img alt=""[爱你]"" title=""[爱你]"" src=""https://face.t.sinajs.cn/t4/appstyle/expression/ext/normal/f6/2018new_aini_org.png"" />",7,0
,4797456820994569,Mon Aug 01 00:51:40 +0800 2022,·残雪·,https://weibo.com//u/6478526806,"来了<img alt=""[二哈]"" title=""[二哈]"" src=""https://face.t.sinajs.cn/t4/appstyle/expression/ext/normal/22/2018new_erha_org.png"" /><img alt=""[二哈]"" title=""[二哈]"" src=""https://face.t.sinajs.cn/t4/appstyle/expression/ext/normal/22/2018new_erha_org.png"" /><img alt=""[二哈]"" title=""[二哈]"" src=""https://face.t.sinajs.cn/t4/appstyle/expression/ext/normal/22/2018new_erha_org.png"" />",7,0
,4797456624387437,Mon Aug 01 00:50:54 +0800 2022,kkyeol-,https://weibo.com//u/6818222658,"<img alt=""[哆啦A梦害怕]"" title=""[哆啦A梦害怕]"" src=""https://face.t.sinajs.cn/t4/appstyle/expression/ext/normal/c7/dorahaipa_org.gif"" /><img alt=""[哆啦A梦害怕]"" title=""[哆啦A梦害怕]"" src=""https://face.t.sinajs.cn/t4/appstyle/expression/ext/normal/c7/dorahaipa_org.gif"" /><img alt=""[哆啦A梦害怕]"" title=""[哆啦A梦害怕]"" src=""https://face.t.sinajs.cn/t4/appstyle/expression/ext/normal/c7/dorahaipa_org.gif"" />",7,0
,4797455838742859,Mon Aug 01 00:47:47 +0800 2022,怡个花仙子,https://weibo.com//u/6340689179,来啦,7,0
,4797455407515721,Mon Aug 01 00:46:04 +0800 2022,坠星湾_果果,https://weibo.com//u/5263503758,来了,7,0
,4797455382087768,Mon Aug 01 00:45:58 +0800 2022,云会安抚风清,https://weibo.com//u/7754272601,"<img alt=""[哆啦A梦害怕]"" title=""[哆啦A梦害怕]"" src=""https://face.t.sinajs.cn/t4/appstyle/expression/ext/normal/c7/dorahaipa_org.gif"" />",7,0
,4797455168441917,Mon Aug 01 00:45:07 +0800 2022,汐汐Aika,https://weibo.com//u/7670850724,"<img alt=""[思考]"" title=""[思考]"" src=""https://face.t.sinajs.cn/t4/appstyle/expression/ext/normal/30/2018new_sikao_org.png"" />",7,0
,4797455092419439,Mon Aug 01 00:44:49 +0800 2022,遨游十八星系,https://weibo.com//u/6426834432,"<img alt=""[哆啦A梦吃惊]"" title=""[哆啦A梦吃惊]"" src=""https://face.t.sinajs.cn/t4/appstyle/expression/ext/normal/f0/dorachijing_org.gif"" />",7,0
,4797455066990748,Mon Aug 01 00:44:43 +0800 2022,好运煊,https://weibo.com//u/6558430798,是啊,7,0
,4797455054406531,Mon Aug 01 00:44:39 +0800 2022,好运煊,https://weibo.com//u/6558430798,🙏🙏🙏,7,0
,4797455050213548,Mon Aug 01 00:44:39 +0800 2022,kkyeol-,https://weibo.com//u/6818222658,来了,7,0
,4797455042873573,Mon Aug 01 00:44:37 +0800 2022,好运煊,https://weibo.com//u/6558430798,"<img alt=""[心]"" title=""[心]"" src=""https://face.t.sinajs.cn/t4/appstyle/expression/ext/normal/8a/2018new_xin_org.png"" /><img alt=""[心]"" title=""[心]"" src=""https://face.t.sinajs.cn/t4/appstyle/expression/ext/normal/8a/2018new_xin_org.png"" /><img alt=""[心]"" title=""[心]"" src=""https://face.t.sinajs.cn/t4/appstyle/expression/ext/normal/8a/2018new_xin_org.png"" />",7,0
,4797455041827216,Mon Aug 01 00:44:37 +0800 2022,叶可爱·,https://weibo.com//u/5159240533,捞,7,0
