﻿parent_comment_id,comment_id,comment_time,comment_user_name,comment_user_link,comment_content,comment_like_num,child_comment_num
,4797929497822765,Tue Aug 02 08:09:56 +0800 2022,从三茶到锦丝町,https://weibo.com//u/1028791252,这必须是重罪,0,1
4797929497822765.0,4797941878884491,Tue Aug 02 08:59:07 +0800 2022,检者青锋,https://weibo.com//u/1231253604,会依法处罚的。,0,0
,4797581944685970,Mon Aug 01 09:08:52 +0800 2022,会游泳的丁zi裤,https://weibo.com//u/7643753935,判死他，网络主播早该整理了，一天天大事撒谎小事不管,0,1
4797581944685970.0,4797610881454051,Mon Aug 01 11:03:52 +0800 2022,检者青锋,https://weibo.com//u/1231253604,依法处理，以儆效尤。,0,0
