﻿parent_comment_id,comment_id,comment_time,comment_user_name,comment_user_link,comment_content,comment_like_num,child_comment_num
,4797546603742505,Mon Aug 01 06:48:27 +0800 2022,希望继,https://weibo.com//u/7383422862,(ಡωಡ)hiahiahia,1,0
,4797546595353280,Mon Aug 01 06:48:25 +0800 2022,希望继,https://weibo.com//u/7383422862,((٩(//̀Д/́/)۶)),1,0
,4797546582508720,Mon Aug 01 06:48:22 +0800 2022,希望继,https://weibo.com//u/7383422862,⁽˙³˙⁾◟(๑•́ ₃ •̀๑)◞⁽˙³˙⁾,1,0
,4797546571237011,Mon Aug 01 06:48:19 +0800 2022,希望继,https://weibo.com//u/7383422862,_§:з)))」∠)_,1,0
,4797546557343795,Mon Aug 01 06:48:16 +0800 2022,希望继,https://weibo.com//u/7383422862,。。。,1,0
