﻿parent_comment_id,comment_id,comment_time,comment_user_name,comment_user_link,comment_content,comment_like_num,child_comment_num
,4797565797926865,Mon Aug 01 08:04:43 +0800 2022,螃蟹真难吃,https://weibo.com//u/7061832162,为啥挺漂亮一女的让人觉得很油腻，很反感呢,657,22
4797565797926865.0,4797619757385558,Mon Aug 01 11:39:08 +0800 2022,小灰8003,https://weibo.com//u/6464117942,哪里漂亮了，她的动作全程都好油腻做作呀，正常女生哪会这么说话,141,0
4797565797926865.0,4797593374425885,Mon Aug 01 09:54:17 +0800 2022,米梓芃,https://weibo.com//u/7433205177,都是网红脸，一个样，不腻才怪,77,0
4797565797926865.0,4797617168976478,Mon Aug 01 11:28:51 +0800 2022,狗妹2222,https://weibo.com//u/5625085194,毫无内涵，浮夸做作,64,0
4797565797926865.0,4797609116177380,Mon Aug 01 10:56:51 +0800 2022,凛冬将至9767,https://weibo.com//u/2908143317,你是对漂亮有什么误解？,33,0
4797565797926865.0,4797779208310998,Mon Aug 01 22:12:44 +0800 2022,雾黎桃子-,https://weibo.com//u/7759257353,"这很精神小妹<img alt=""[二哈]"" title=""[二哈]"" src=""https://face.t.sinajs.cn/t4/appstyle/expression/ext/normal/22/2018new_erha_org.png"" />",9,0
4797565797926865.0,4797710928974836,Mon Aug 01 17:41:25 +0800 2022,财宝羊羊,https://weibo.com//u/6207718352,很脏的感觉，就是那种初中还没长开混娱乐场所的气质,11,0
4797565797926865.0,4797654560675981,Mon Aug 01 13:57:26 +0800 2022,陈映妥,https://weibo.com//u/2745710331,"可能就是过去大家说的做作吧<img alt=""[二哈]"" title=""[二哈]"" src=""https://face.t.sinajs.cn/t4/appstyle/expression/ext/normal/22/2018new_erha_org.png"" />好暴露年龄，现在好像都不流行了<img alt=""[doge]"" title=""[doge]"" src=""https://face.t.sinajs.cn/t4/appstyle/expression/ext/normal/a1/2018new_doge02_org.png"" />",8,0
4797565797926865.0,4797623401450718,Mon Aug 01 11:53:36 +0800 2022,零渽桃叽_,https://weibo.com//u/6124481348,重新定义漂亮,9,0
4797565797926865.0,4797707404706905,Mon Aug 01 17:27:24 +0800 2022,欧泡泡89,https://weibo.com//u/1792083997,"这漂亮？<img alt=""[笑cry]"" title=""[笑cry]"" src=""https://face.t.sinajs.cn/t4/appstyle/expression/ext/normal/4a/2018new_xiaoku_thumb.png"" /><img alt=""[笑cry]"" title=""[笑cry]"" src=""https://face.t.sinajs.cn/t4/appstyle/expression/ext/normal/4a/2018new_xiaoku_thumb.png"" /><img alt=""[笑cry]"" title=""[笑cry]"" src=""https://face.t.sinajs.cn/t4/appstyle/expression/ext/normal/4a/2018new_xiaoku_thumb.png"" /><img alt=""[允悲]"" title=""[允悲]"" src=""https://face.t.sinajs.cn/t4/appstyle/expression/ext/normal/83/2018new_kuxiao_org.png"" /><img alt=""[允悲]"" title=""[允悲]"" src=""https://face.t.sinajs.cn/t4/appstyle/expression/ext/normal/83/2018new_kuxiao_org.png"" /><img alt=""[允悲]"" title=""[允悲]"" src=""https://face.t.sinajs.cn/t4/appstyle/expression/ext/normal/83/2018new_kuxiao_org.png"" />滤镜美颜开得有多大看旁边卖辣椒的大爷就知道了<img alt=""[笑cry]"" title=""[笑cry]"" src=""https://face.t.sinajs.cn/t4/appstyle/expression/ext/normal/4a/2018new_xiaoku_thumb.png"" /><img alt=""[笑cry]"" title=""[笑cry]"" src=""https://face.t.sinajs.cn/t4/appstyle/expression/ext/normal/4a/2018new_xiaoku_thumb.png"" /><img alt=""[笑cry]"" title=""[笑cry]"" src=""https://face.t.sinajs.cn/t4/appstyle/expression/ext/normal/4a/2018new_xiaoku_thumb.png"" />",5,0
4797565797926865.0,4798011261847008,Tue Aug 02 13:34:49 +0800 2022,新征程美女剑豪带着肉走来了,https://weibo.com//u/3971120142,P 的，化妆出来的呗,0,0
4797565797926865.0,4797959898141704,Tue Aug 02 10:10:44 +0800 2022,美好世界的弃儿,https://weibo.com//u/7743666005,你也是个大漂亮,0,0
4797565797926865.0,4798032601944134,Tue Aug 02 14:59:38 +0800 2022,陈映妥,https://weibo.com//u/2745710331,"回复<a href=/n/呀Bambi>@呀Bambi</a>:<img alt=""[doge]"" title=""[doge]"" src=""https://face.t.sinajs.cn/t4/appstyle/expression/ext/normal/a1/2018new_doge02_org.png"" />我要是知道就不会用好几年前流行的词了",0,0
4797565797926865.0,4797934849496003,Tue Aug 02 08:31:12 +0800 2022,不甜甜品站,https://weibo.com//u/7732955353,她动作特别粗鲁……看着就很野蛮,6,0
4797565797926865.0,4797814670624449,Tue Aug 02 00:33:38 +0800 2022,呀Bambi,https://weibo.com//u/2280609380,"回复<a href=/n/陈映妥>@陈映妥</a>:现在是啥说法<img alt=""[允悲]"" title=""[允悲]"" src=""https://face.t.sinajs.cn/t4/appstyle/expression/ext/normal/83/2018new_kuxiao_org.png"" />",0,0
4797565797926865.0,4797766619890526,Mon Aug 01 21:22:42 +0800 2022,螃蟹真难吃,https://weibo.com//u/7061832162,回复<a href=/n/校抒>@校抒</a>:错了，我可不喜欢╮（﹀＿﹀）╭,0,0
4797565797926865.0,4797765593334645,Mon Aug 01 21:18:37 +0800 2022,校抒,https://weibo.com//u/5739218898,男人推崇的嗲嗲的撒娇口音,1,0
4797565797926865.0,4797600219274428,Mon Aug 01 10:21:30 +0800 2022,九色驯鹿,https://weibo.com//u/7374747079,既蠢且坏，脑子没发育好的感觉,39,0
4797565797926865.0,4797597401744557,Mon Aug 01 10:10:18 +0800 2022,野草不莓,https://weibo.com//u/5631257498,"回复<a href=/n/米梓芃>@米梓芃</a>:和脸没关系，是她的言行举止油腻<img alt=""[允悲]"" title=""[允悲]"" src=""https://face.t.sinajs.cn/t4/appstyle/expression/ext/normal/83/2018new_kuxiao_org.png"" />",14,0
,4797598429614071,Mon Aug 01 10:14:23 +0800 2022,C与世无争,https://weibo.com//u/7573464313,"全程都好无语。。。<img alt=""[黑线]"" title=""[黑线]"" src=""https://face.t.sinajs.cn/t4/appstyle/expression/ext/normal/a3/2018new_heixian_org.png"" /><img alt=""[黑线]"" title=""[黑线]"" src=""https://face.t.sinajs.cn/t4/appstyle/expression/ext/normal/a3/2018new_heixian_org.png"" /><img alt=""[黑线]"" title=""[黑线]"" src=""https://face.t.sinajs.cn/t4/appstyle/expression/ext/normal/a3/2018new_heixian_org.png"" />语言之浮夸，动作之粗狂。",687,2
4797598429614071.0,4798023069341403,Tue Aug 02 14:21:45 +0800 2022,Nana咕,https://weibo.com//u/7768315806,好像已经被拘了,0,0
4797598429614071.0,4797698148925817,Mon Aug 01 16:50:37 +0800 2022,利威尔早上吃的那个面包棍儿,https://weibo.com//u/6714672156,博眼球,2,0
,4797596209514309,Mon Aug 01 10:05:33 +0800 2022,失约江湖,https://weibo.com//u/1011710690,国家一级保护动物，坐牢啊,296,17
4797596209514309.0,4797605932171353,Mon Aug 01 10:44:11 +0800 2022,主机83923,https://weibo.com//u/6421151784,"娃娃鱼现在大把养殖的，拼多多就买的到<img alt=""[汗]"" title=""[汗]"" src=""https://face.t.sinajs.cn/t4/appstyle/expression/ext/normal/28/2018new_han_org.png"" />",28,0
4797596209514309.0,4797957965088503,Tue Aug 02 10:03:02 +0800 2022,醉人澄酒,https://weibo.com//u/5651506740,回复<a href=/n/苒霖a>@苒霖a</a>:这么大的金色娃娃鱼百分之95是养殖的,6,0
4797596209514309.0,4797818138528180,Tue Aug 02 00:47:26 +0800 2022,Andy_君泽,https://weibo.com//u/6487461806,回复<a href=/n/苒霖a>@苒霖a</a>:话不是这么说的，只要是人工养殖出来的娃娃鱼，管它是金色，彩色，还是会发光，都能吃，只要不吃野生的就行了。,8,0
4797596209514309.0,4797697279661586,Mon Aug 01 16:47:11 +0800 2022,唰唰唰小快刀,https://weibo.com//u/2740288460,回复<a href=/n/苒霖a>@苒霖a</a>:那也是娃娃鱼，只要是人工养殖的，就算它五彩斑斓的黑都可以吃,4,0
4797596209514309.0,4797639222105025,Mon Aug 01 12:56:29 +0800 2022,灵魂摆渡今天继续拍了嘛,https://weibo.com//u/5975179813,"回复<a href=/n/主机83923>@主机83923</a>:我只是说她翻车了<img alt=""[doge]"" title=""[doge]"" src=""https://face.t.sinajs.cn/t4/appstyle/expression/ext/normal/a1/2018new_doge02_org.png"" />错不错的也是翻车了<img alt=""[doge]"" title=""[doge]"" src=""https://face.t.sinajs.cn/t4/appstyle/expression/ext/normal/a1/2018new_doge02_org.png"" />",1,0
4797596209514309.0,4797638858507855,Mon Aug 01 12:55:02 +0800 2022,主机83923,https://weibo.com//u/6421151784,回复<a href=/n/灵魂摆渡今天继续拍了嘛>@灵魂摆渡今天继续拍了嘛</a>:我没是那说错了，但这个微博是说她吃娃娃鱼的事,0,0
4797596209514309.0,4797638652989097,Mon Aug 01 12:54:13 +0800 2022,灵魂摆渡今天继续拍了嘛,https://weibo.com//u/5975179813,"回复<a href=/n/主机83923>@主机83923</a>:那不也是这个主播么<img alt=""[doge]"" title=""[doge]"" src=""https://face.t.sinajs.cn/t4/appstyle/expression/ext/normal/a1/2018new_doge02_org.png"" />不就是她翻车了吗<img alt=""[汗]"" title=""[汗]"" src=""https://face.t.sinajs.cn/t4/appstyle/expression/ext/normal/28/2018new_han_org.png"" />我也没说错啊<img alt=""[doge]"" title=""[doge]"" src=""https://face.t.sinajs.cn/t4/appstyle/expression/ext/normal/a1/2018new_doge02_org.png"" />",2,0
4797596209514309.0,4797631052909893,Mon Aug 01 12:24:01 +0800 2022,主机83923,https://weibo.com//u/6421151784,回复<a href=/n/飞天少女猪事丁XD>@飞天少女猪事丁XD</a>:对，吃的是大白鲨,3,0
4797596209514309.0,4797630871246847,Mon Aug 01 12:23:18 +0800 2022,主机83923,https://weibo.com//u/6421151784,回复<a href=/n/苒霖a>@苒霖a</a>:她吹得而已，我们这人工养殖你想要五颜六色的都养得出，大白鲨才是真的稀有动物,8,0
4797596209514309.0,4797630570302862,Mon Aug 01 12:22:06 +0800 2022,主机83923,https://weibo.com//u/6421151784,回复<a href=/n/灵魂摆渡今天继续拍了嘛>@灵魂摆渡今天继续拍了嘛</a>:翻车是吃大白鲨，娃娃鱼随便养殖现在,5,0
4797596209514309.0,4797629260631496,Mon Aug 01 12:16:54 +0800 2022,苒霖a,https://weibo.com//u/6548498995,回复<a href=/n/主机83923>@主机83923</a>:金色娃娃鱼，全中国只有几条，那主播也说了，你说什么下场？,5,0
4797596209514309.0,4797621191577004,Mon Aug 01 11:44:50 +0800 2022,飞天少女猪事丁XD,https://weibo.com//u/1814371721,回复<a href=/n/主机83923>@主机83923</a>:她吃鲨鱼被捉了吧？,0,0
4797596209514309.0,4797615584051998,Mon Aug 01 11:22:32 +0800 2022,灵魂摆渡今天继续拍了嘛,https://weibo.com//u/5975179813,"回复<a href=/n/主机83923>@主机83923</a>:她已经翻车了<img alt=""[汗]"" title=""[汗]"" src=""https://face.t.sinajs.cn/t4/appstyle/expression/ext/normal/28/2018new_han_org.png"" />",2,0
,4797600879084639,Mon Aug 01 10:24:06 +0800 2022,努力挣钱的的的Majito,https://weibo.com//u/2532175454,无语！！！她怎么吃得下 一堆人跟着吃  接受法律制裁！,232,8
4797600879084639.0,4797968664500613,Tue Aug 02 10:45:34 +0800 2022,瞌睡蝉在秋眠,https://weibo.com//u/1946875284,王刚有期视频也是做的娃娃鱼  顺便科普了一下  人工养殖的娃娃鱼是可以食用的，野生的不行,1,0
4797600879084639.0,4797707749688003,Mon Aug 01 17:28:46 +0800 2022,遇见Stefanie丿,https://weibo.com//u/2040308503,人工养殖的娃娃鱼可以吃,1,0
4797600879084639.0,4798287481933139,Wed Aug 03 07:52:26 +0800 2022,努力挣钱的的的Majito,https://weibo.com//u/2532175454,"回复<a href=/n/瞌睡蝉在秋眠>@瞌睡蝉在秋眠</a>:嘿嘿嘿 太刑了<img alt=""[赞]"" title=""[赞]"" src=""https://face.t.sinajs.cn/t4/appstyle/expression/ext/normal/e6/2018new_zan_org.png"" /><img alt=""[耶]"" title=""[耶]"" src=""https://face.t.sinajs.cn/t4/appstyle/expression/ext/normal/29/2018new_ye_org.png"" />",0,0
4797600879084639.0,4798281870216462,Wed Aug 03 07:30:08 +0800 2022,瞌睡蝉在秋眠,https://weibo.com//u/1946875284,"回复<a href=/n/努力挣钱的的的Majito>@努力挣钱的的的Majito</a>:警察查查她的购买记录就好了呗 反正已经被带走了<img alt=""[doge]"" title=""[doge]"" src=""https://face.t.sinajs.cn/t4/appstyle/expression/ext/normal/a1/2018new_doge02_org.png"" /> 我个人觉得应该是真的  野生的长这么大的比较少  但是她买野生大白鲨没跑了，我都刷到警方的公布了，太刑了<img alt=""[doge]"" title=""[doge]"" src=""https://face.t.sinajs.cn/t4/appstyle/expression/ext/normal/a1/2018new_doge02_org.png"" />",0,0
4797600879084639.0,4798252677595517,Wed Aug 03 05:34:07 +0800 2022,努力挣钱的的的Majito,https://weibo.com//u/2532175454,回复<a href=/n/遇见Stefanie丿>@遇见Stefanie丿</a>:你还是个专家哟,0,0
4797600879084639.0,4798188416668499,Wed Aug 03 01:18:47 +0800 2022,遇见Stefanie丿,https://weibo.com//u/2040308503,"回复<a href=/n/努力挣钱的的的Majito>@努力挣钱的的的Majito</a>:金色的大概率就是人工养殖的，因为在野外几乎不可能活下去……<img alt=""[笑cry]"" title=""[笑cry]"" src=""https://face.t.sinajs.cn/t4/appstyle/expression/ext/normal/4a/2018new_xiaoku_thumb.png"" />",1,0
4797600879084639.0,4798179474148399,Wed Aug 03 00:43:15 +0800 2022,努力挣钱的的的Majito,https://weibo.com//u/2532175454,回复<a href=/n/遇见Stefanie丿>@遇见Stefanie丿</a>:她吃的是人工养殖的吗,0,0
4797600879084639.0,4798179377941957,Wed Aug 03 00:42:52 +0800 2022,努力挣钱的的的Majito,https://weibo.com//u/2532175454,回复<a href=/n/瞌睡蝉在秋眠>@瞌睡蝉在秋眠</a>:确定她吃的是人工养殖的吗,0,0
,4797601276498339,Mon Aug 01 10:25:41 +0800 2022,马尔泰阿古,https://weibo.com//u/2165953220,"整个视频好吵啊！！！<img alt=""[允悲]"" title=""[允悲]"" src=""https://face.t.sinajs.cn/t4/appstyle/expression/ext/normal/83/2018new_kuxiao_org.png"" />",176,0
,4797626974994567,Mon Aug 01 12:07:48 +0800 2022,伦敦东京波西米亚,https://weibo.com//u/7354286535,为了流量没有底线,121,2
4797626974994567.0,4797765483497552,Mon Aug 01 21:18:11 +0800 2022,我要想一个不一样的昵称,https://weibo.com//u/6165327599,"<img alt=""[握手]"" title=""[握手]"" src=""https://face.t.sinajs.cn/t4/appstyle/expression/ext/normal/e9/2018new_woshou_org.png"" />",0,0
,4797702012144121,Mon Aug 01 17:05:59 +0800 2022,大猴仔吉祥,https://weibo.com//u/5066861995,这样的主播有多少封多少……太可怕,54,0
,4797469101917998,Mon Aug 01 01:40:29 +0800 2022,呼求圣洁,https://weibo.com//u/7032401009,单曲循环的歌词里都是遗憾,13,2
4797469101917998.0,4797943162341099,Tue Aug 02 09:04:13 +0800 2022,芥芥今天到180了嘛,https://weibo.com//u/7406045428,？,0,0
4797469101917998.0,4797624147774244,Mon Aug 01 11:56:35 +0800 2022,傈海,https://weibo.com//u/7243481918,"<img alt=""[疑问]"" title=""[疑问]"" src=""https://face.t.sinajs.cn/t4/appstyle/expression/ext/normal/b8/2018new_ningwen_org.png"" />",2,0
,4797639163382993,Mon Aug 01 12:56:15 +0800 2022,老去万缘轻999,https://weibo.com//u/6273702143,有必要吃这种？,45,3
4797639163382993.0,4797758307571088,Mon Aug 01 20:49:41 +0800 2022,冰美式整一杯,https://weibo.com//u/2718432683,博眼球来的。。。,2,0
4797639163382993.0,4797816607867424,Tue Aug 02 00:41:20 +0800 2022,Naive--KK,https://weibo.com//u/6165111588,不过吧 确实有人工养殖专门食用的娃娃鱼,1,0
,4797663931796377,Mon Aug 01 14:34:40 +0800 2022,金力娜扎,https://weibo.com//u/7031351550,生活总是两难，再多执着，再多不肯，最终不得不学会接受。从哭着控制，到笑着对待，到头来，不过是一场随遇而安。别想太多，一切都会过去的,2,0
,4797476215718219,Mon Aug 01 02:08:45 +0800 2022,玫丝蕴红,https://weibo.com//u/6976762485,"<img alt=""[doge]"" title=""[doge]"" src=""https://face.t.sinajs.cn/t4/appstyle/expression/ext/normal/a1/2018new_doge02_org.png"" />",2,0
,4797814418967456,Tue Aug 02 00:32:39 +0800 2022,八个核桃露,https://weibo.com//u/6028008286,我看到她切娃娃鱼那一瞬间有点想呕吐,38,0
,4797614413059897,Mon Aug 01 11:17:54 +0800 2022,Kitten小姐,https://weibo.com//u/5504341403,好像食人怪,61,0
,4797617629828113,Mon Aug 01 11:30:41 +0800 2022,leon_的世界,https://weibo.com//u/7252794589,感觉有点傻兮兮的,34,0
,4797701209985076,Mon Aug 01 17:02:48 +0800 2022,大猴仔吉祥,https://weibo.com//u/5066861995,"原来她一直在嘬s的道路上奔跑着…<img alt=""[开学季]"" title=""[开学季]"" src=""https://face.t.sinajs.cn/t4/appstyle/expression/ext/normal/72/2021_kaixueji_org.png"" />",9,0
,4797638413648129,Mon Aug 01 12:53:15 +0800 2022,-LMX_,https://weibo.com//u/2641461357,为了拍视频真的没下限,37,0
,4797626095242650,Mon Aug 01 12:04:19 +0800 2022,熊熊啊晨,https://weibo.com//u/2167305520,从源头查起 牢底坐穿,39,1
4797626095242650.0,4797707396583253,Mon Aug 01 17:27:23 +0800 2022,遇见Stefanie丿,https://weibo.com//u/2040308503,吃大白鲨是违法的，但人工养殖的娃娃鱼真是可以吃的,1,0
,4797636575495658,Mon Aug 01 12:45:58 +0800 2022,田鹏鹏Bill,https://weibo.com//u/2295253741,"能不能吃点正常的东西<img alt=""[汗]"" title=""[汗]"" src=""https://face.t.sinajs.cn/t4/appstyle/expression/ext/normal/28/2018new_han_org.png"" /><img alt=""[汗]"" title=""[汗]"" src=""https://face.t.sinajs.cn/t4/appstyle/expression/ext/normal/28/2018new_han_org.png"" />",41,0
,4797620155056394,Mon Aug 01 11:40:42 +0800 2022,茂小茂De奇幻畅想曲,https://weibo.com//u/5544995271,没有买卖就没有伤害，请抵制这种低俗视频好吗,39,0
,4797813886816755,Tue Aug 02 00:30:32 +0800 2022,SUPERSUPER-Dream,https://weibo.com//u/2294134960,这种不抓起来？？,5,1
,4797819845873441,Tue Aug 02 00:54:13 +0800 2022,今天拉粑粑了吗XD,https://weibo.com//u/5809526940,"就是说..有的评论让我大开眼界<img alt=""[开学季]"" title=""[开学季]"" src=""https://face.t.sinajs.cn/t4/appstyle/expression/ext/normal/72/2021_kaixueji_org.png"" />",3,0
,4797808736206937,Tue Aug 02 00:10:03 +0800 2022,瞌睡刺猬爱下雨,https://weibo.com//u/2339412280,"当时看到就觉得有些许不适<img alt=""[微笑]"" title=""[微笑]"" src=""https://face.t.sinajs.cn/t4/appstyle/expression/ext/normal/e3/2018new_weixioa02_org.png"" />",4,0
,4797656142192225,Mon Aug 01 14:03:43 +0800 2022,BC大满贯,https://weibo.com//u/7479255795,"她好像丧尸<img alt=""[苦涩]"" title=""[苦涩]"" src=""https://face.t.sinajs.cn/t4/appstyle/expression/ext/normal/7e/2021_bitter_org.png"" /><img alt=""[苦涩]"" title=""[苦涩]"" src=""https://face.t.sinajs.cn/t4/appstyle/expression/ext/normal/7e/2021_bitter_org.png"" />",34,0
,4797703429816726,Mon Aug 01 17:11:36 +0800 2022,我想静静007008009,https://weibo.com//u/5540398749,看她吃头我整个人都不好了，想吐,25,0
,4797613952210005,Mon Aug 01 11:16:04 +0800 2022,是李低调,https://weibo.com//u/7754224601,好聒噪,20,0
,4797653101840494,Mon Aug 01 13:51:37 +0800 2022,稀饭在发呆,https://weibo.com//u/2198870243,低俗,21,0
,4797711520371224,Mon Aug 01 17:43:46 +0800 2022,天天向上的王小美,https://weibo.com//u/2987464851,"这个人吃东西总是吃这种稀奇古怪正常人下不了口的，看她视频就像恐怖片<img alt=""[裂开]"" title=""[裂开]"" src=""https://face.t.sinajs.cn/t4/appstyle/expression/ext/normal/1b/202011_liekai_org.png"" />",17,2
4797711520371224.0,4797711548679916,Mon Aug 01 17:43:53 +0800 2022,天天向上的王小美,https://weibo.com//u/2987464851,<a href=/n/Eliminate_y>@Eliminate_y</a>,0,0
,4797620238680727,Mon Aug 01 11:41:02 +0800 2022,舒舒吖Raging,https://weibo.com//u/7693340766,只有几条都敢吃，真刑,7,1
4797620238680727.0,4797707128670654,Mon Aug 01 17:26:19 +0800 2022,遇见Stefanie丿,https://weibo.com//u/2040308503,人工养殖的真不违法,0,0
,4797652291555388,Mon Aug 01 13:48:25 +0800 2022,Ternence_Gu,https://weibo.com//u/7414388963,多了我不说，送她六个字，不作就不会死,13,0
,4797603542208882,Mon Aug 01 10:34:42 +0800 2022,海绵宝宝未眠,https://weibo.com//u/5556838279,"鱼好可伶啊<img alt=""[笑cry]"" title=""[笑cry]"" src=""https://face.t.sinajs.cn/t4/appstyle/expression/ext/normal/4a/2018new_xiaoku_thumb.png"" />",20,1
4797603542208882.0,4797645397165020,Mon Aug 01 13:21:01 +0800 2022,冲冲哇冲了嘛,https://weibo.com//u/5800301996,食物链罢了,1,0
,4797644197857773,Mon Aug 01 13:16:15 +0800 2022,默默改行,https://weibo.com//u/5626930323,我看给你搞里头，好讨厌啊,18,0
,4797928826471254,Tue Aug 02 08:07:15 +0800 2022,卑微小陈在线做整改单,https://weibo.com//u/6078068245,<a href=/n/美少女赤子>@美少女赤子</a>,1,3
4797928826471254.0,4797960514178879,Tue Aug 02 10:13:11 +0800 2022,美少女赤子,https://weibo.com//u/2806091311,咋感觉她连小孩都吃,0,0
4797928826471254.0,4797991225920868,Tue Aug 02 12:15:13 +0800 2022,卑微小陈在线做整改单,https://weibo.com//u/6078068245,回复<a href=/n/美少女赤子>@美少女赤子</a>:小孩的多重吃法,0,0
4797928826471254.0,4797979796709181,Tue Aug 02 11:29:48 +0800 2022,卑微小陈在线做整改单,https://weibo.com//u/6078068245,回复<a href=/n/美少女赤子>@美少女赤子</a>:赶紧查查吧，这个女的供货商都得一并查了,0,0
,4797602975191824,Mon Aug 01 10:32:27 +0800 2022,Parmito,https://weibo.com//u/2965478712,反正大白鲨挺刑的,10,0
,4797762564004075,Mon Aug 01 21:06:36 +0800 2022,邓布利多---菜菜,https://weibo.com//u/2494398083,娃娃鱼时国家一级保护动物，是不能捕杀的，况且这还是稀有的金色娃娃鱼，你这样是违法的，要判刑的！你知道吗？,5,1
4797762564004075.0,4798021836211017,Tue Aug 02 14:16:50 +0800 2022,暮序离知,https://weibo.com//u/6559721669,百度一下吧……求你了,0,0
,4797640678576094,Mon Aug 01 13:02:16 +0800 2022,重出江湖的lulu,https://weibo.com//u/2979087354,我要吐了，好可怜的娃娃鱼,8,0
,4797690553305246,Mon Aug 01 16:20:27 +0800 2022,Grace_安子凉,https://weibo.com//u/1582187475,太可怕了，我看她抱着娃娃鱼突然想到我家狗子，真的残忍，像吃自己家狗狗那种感觉,9,0
,4797635028582422,Mon Aug 01 12:39:48 +0800 2022,凡糕啊,https://weibo.com//u/6187608247,啥妖精转世投胎了,10,0
,4797628444052492,Mon Aug 01 12:13:39 +0800 2022,屯屯Ubutun,https://weibo.com//u/7439092227,她比吃人还要吓人,10,0
,4797782102117216,Mon Aug 01 22:24:14 +0800 2022,小可不止可爱,https://weibo.com//u/6045875237,这人也能成为网红，也是社会的悲哀，不应该早就被举报封杀吗,7,0
,4797678749226177,Mon Aug 01 15:33:33 +0800 2022,圆满伊,https://weibo.com//u/6871700928,好恐怖啊。,4,0
,4797605714859568,Mon Aug 01 10:43:20 +0800 2022,格物致知r,https://weibo.com//u/2246026200,太可怕了,8,0
,4797716246565600,Mon Aug 01 18:02:33 +0800 2022,KO山海经,https://weibo.com//u/5893811833,这应该死刑吧，这就封杀号就完事了？,1,2
4797716246565600.0,4797716285096517,Mon Aug 01 18:02:41 +0800 2022,KO山海经,https://weibo.com//u/5893811833,<a href=/n/酸辣烤冷面一份>@酸辣烤冷面一份</a>,0,0
,4797699162904834,Mon Aug 01 16:54:40 +0800 2022,宇宙速度123,https://weibo.com//u/1825364497,"她是怎么做到让人很想胖揍一顿的做作样而不自知的！<img alt=""[笑cry]"" title=""[笑cry]"" src=""https://face.t.sinajs.cn/t4/appstyle/expression/ext/normal/4a/2018new_xiaoku_thumb.png"" /><img alt=""[笑cry]"" title=""[笑cry]"" src=""https://face.t.sinajs.cn/t4/appstyle/expression/ext/normal/4a/2018new_xiaoku_thumb.png"" /><img alt=""[笑cry]"" title=""[笑cry]"" src=""https://face.t.sinajs.cn/t4/appstyle/expression/ext/normal/4a/2018new_xiaoku_thumb.png"" /><img alt=""[笑cry]"" title=""[笑cry]"" src=""https://face.t.sinajs.cn/t4/appstyle/expression/ext/normal/4a/2018new_xiaoku_thumb.png"" /><img alt=""[笑cry]"" title=""[笑cry]"" src=""https://face.t.sinajs.cn/t4/appstyle/expression/ext/normal/4a/2018new_xiaoku_thumb.png"" />",4,0
,4797849646137970,Tue Aug 02 02:52:38 +0800 2022,洋芋头条,https://weibo.com//u/2860367803,还六角恐龙，她这团队也是真无语,0,0
,4797696265687191,Mon Aug 01 16:43:09 +0800 2022,猪猪公主妈咪,https://weibo.com//u/7295863026,哇…第一次见娃娃鱼,1,1
4797696265687191.0,4797696311040152,Mon Aug 01 16:43:20 +0800 2022,猪猪公主妈咪,https://weibo.com//u/7295863026,有点恐怖,1,0
,4797652291816553,Mon Aug 01 13:48:25 +0800 2022,萝卜酱酱呀呼,https://weibo.com//u/5534040906,抵制,4,0
,4797603625047466,Mon Aug 01 10:35:02 +0800 2022,孤行觉浅,https://weibo.com//u/5982200873,"正常说话行不行<img alt=""[允悲]"" title=""[允悲]"" src=""https://face.t.sinajs.cn/t4/appstyle/expression/ext/normal/83/2018new_kuxiao_org.png"" />",12,0
,4798023765330960,Tue Aug 02 14:24:31 +0800 2022,顾妄time,https://weibo.com//u/6253940635,太尬了,0,0
,4798000545664193,Tue Aug 02 12:52:15 +0800 2022,美满家掌柜,https://weibo.com//u/2467881821,长的就像鬼,1,0
,4797999362350583,Tue Aug 02 12:47:33 +0800 2022,野樱莓_,https://weibo.com//u/2781670511,濒危动物也吃，真丧失底线。牢里踩缝纫机去吧,0,0
,4797965740803874,Tue Aug 02 10:33:56 +0800 2022,请给我一颗荔枝,https://weibo.com//u/5680668275,<a href=/n/什么时候去看郁金香>@什么时候去看郁金香</a> 这个女的太恐怖了,0,1
4797965740803874.0,4798000172109572,Tue Aug 02 12:50:46 +0800 2022,什么时候去看郁金香,https://weibo.com//u/5093572074,我已经把她加屏蔽词了,0,0
,4797965481543044,Tue Aug 02 10:32:54 +0800 2022,请给我一颗荔枝,https://weibo.com//u/5680668275,丧尸见了她都得打哆嗦,2,0
,4797956719382168,Tue Aug 02 09:58:06 +0800 2022,今天貂蝉出新皮了吗,https://weibo.com//u/5717681884,三十斤的娃娃鱼，应该很不容易长成这么大，为了红真是不择手段,0,0
,4797950696098456,Tue Aug 02 09:34:10 +0800 2022,大Meiko的脾气很好呀,https://weibo.com//u/3295690125,长得也不难看. 咋回事. 看着她的脸好烦躁啊啊啊啊,0,0
,4797943213200625,Tue Aug 02 09:04:26 +0800 2022,潓子珍妮,https://weibo.com//u/1881860580,有兴趣的追踪她终身，看看这恶因的果是什么……,0,0
,4797942780661427,Tue Aug 02 09:02:43 +0800 2022,特别重要的男二号,https://weibo.com//u/5039726390,"这个夏天全家透心凉，喜提牢底坐穿，恭喜恭喜<img alt=""[裂开]"" title=""[裂开]"" src=""https://face.t.sinajs.cn/t4/appstyle/expression/ext/normal/1b/202011_liekai_org.png"" />",0,0
,4797940986287194,Tue Aug 02 08:55:35 +0800 2022,Gelsey葵,https://weibo.com//u/1708754183,"她最红的时候也就是现在了<img alt=""[摊手]"" title=""[摊手]"" src=""https://face.t.sinajs.cn/t4/appstyle/expression/ext/normal/62/2018new_tanshou_org.png"" />",0,0
,4797790305132426,Mon Aug 01 22:56:50 +0800 2022,代替奥特曼,https://weibo.com//u/3801050670,"好恐怖<img alt=""[裂开]"" title=""[裂开]"" src=""https://face.t.sinajs.cn/t4/appstyle/expression/ext/normal/1b/202011_liekai_org.png"" />",1,0
,4797780067094502,Mon Aug 01 22:16:09 +0800 2022,CFA英短Cattery-锦上添花,https://weibo.com//u/5581646368,"哎…原本以为是要宠物，还想看看怎么养的…结果！一顿配词演绎…<img alt=""[费解]"" title=""[费解]"" src=""https://face.t.sinajs.cn/t4/appstyle/expression/ext/normal/2a/2018new_wenhao_org.png"" /><img alt=""[费解]"" title=""[费解]"" src=""https://face.t.sinajs.cn/t4/appstyle/expression/ext/normal/2a/2018new_wenhao_org.png"" /><img alt=""[费解]"" title=""[费解]"" src=""https://face.t.sinajs.cn/t4/appstyle/expression/ext/normal/2a/2018new_wenhao_org.png"" />",0,0
,4797777562830023,Mon Aug 01 22:06:11 +0800 2022,好运满满橙,https://weibo.com//u/3807903358,真的很刑，牢底坐穿吧,0,0
,4797774257980657,Mon Aug 01 21:53:03 +0800 2022,不摆烂的小郭,https://weibo.com//u/1710762703,"看不完，快吐了！<img alt=""[费解]"" title=""[费解]"" src=""https://face.t.sinajs.cn/t4/appstyle/expression/ext/normal/2a/2018new_wenhao_org.png"" /><img alt=""[费解]"" title=""[费解]"" src=""https://face.t.sinajs.cn/t4/appstyle/expression/ext/normal/2a/2018new_wenhao_org.png"" /><img alt=""[费解]"" title=""[费解]"" src=""https://face.t.sinajs.cn/t4/appstyle/expression/ext/normal/2a/2018new_wenhao_org.png"" />",0,0
,4797767212077707,Mon Aug 01 21:25:04 +0800 2022,别问问就是忍,https://weibo.com//u/6329734370,<a href=/n/X星辰XCY>@X星辰XCY</a>,0,0
,4797764297034263,Mon Aug 01 21:13:29 +0800 2022,岁岁念江江,https://weibo.com//u/6447468489,呕,1,0
,4797740855069078,Mon Aug 01 19:40:20 +0800 2022,黑煤老婆是我的,https://weibo.com//u/7444053034,"说了全国只有几条还TM吃？<img alt=""[微笑]"" title=""[微笑]"" src=""https://face.t.sinajs.cn/t4/appstyle/expression/ext/normal/e3/2018new_weixioa02_org.png"" />",0,0
,4797737931641915,Mon Aug 01 19:28:43 +0800 2022,张顾萌,https://weibo.com//u/5373661396,二,0,0
,4797737118207597,Mon Aug 01 19:25:29 +0800 2022,已成定橘,https://weibo.com//u/6003172211,油是菜油还是啥？泡沫不煎干就下菜了？,0,0
,4797695698405615,Mon Aug 01 16:40:54 +0800 2022,木槿忻,https://weibo.com//u/2520625207,无知,0,0
,4797685141345971,Mon Aug 01 15:58:57 +0800 2022,善良勇敢开心记得快乐鸭,https://weibo.com//u/2111126104,等下看,0,0
,4797681359128797,Mon Aug 01 15:43:55 +0800 2022,11一一9285,https://weibo.com//u/2104337754,她长得跟个鬼一样的，画的妆也跟那种灵堂扎的纸娃娃一样的！,8,0
,4797680935768775,Mon Aug 01 15:42:14 +0800 2022,给你掰橙子,https://weibo.com//u/5695806459,这人怎么啥也吃啊,0,0
,4797678758397483,Mon Aug 01 15:33:34 +0800 2022,一个大奶黄包,https://weibo.com//u/7387998229,"这女的像个傻子一样<img alt=""[doge]"" title=""[doge]"" src=""https://face.t.sinajs.cn/t4/appstyle/expression/ext/normal/a1/2018new_doge02_org.png"" />",6,0
,4797638660327237,Mon Aug 01 12:54:14 +0800 2022,-LMX_,https://weibo.com//u/2641461357,动作声音真的看着听着难受,6,0
,4797969310685874,Tue Aug 02 10:48:08 +0800 2022,薛定谔的猫的树,https://weibo.com//u/1653319021,一天天在审核，不知道在审核什么？,2,0
,4797609401647119,Mon Aug 01 10:57:58 +0800 2022,草莓味道的小文文,https://weibo.com//u/7135736181,"明明知道全中国就只有几条还吃<img alt=""[汗]"" title=""[汗]"" src=""https://face.t.sinajs.cn/t4/appstyle/expression/ext/normal/28/2018new_han_org.png"" />",10,0
,4798003271174289,Tue Aug 02 13:03:05 +0800 2022,生命中不可或缺的米饭,https://weibo.com//u/5790178860,"熊猫也有人工养殖，谁敢吃<img alt=""[doge]"" title=""[doge]"" src=""https://face.t.sinajs.cn/t4/appstyle/expression/ext/normal/a1/2018new_doge02_org.png"" />",1,0
,4797991271274643,Tue Aug 02 12:15:24 +0800 2022,秋天里的孩子阿,https://weibo.com//u/2041655901,啥玩意别推给我，让她噶,1,0
,4797978201556621,Tue Aug 02 11:23:28 +0800 2022,闫yee,https://weibo.com//u/5872475665,真的整个一个大憨匹,1,0
,4797973059605595,Tue Aug 02 11:03:02 +0800 2022,AngelGT豪,https://weibo.com//u/2347125481,自己都说中国才几条，你也好意思吃,1,0
,4797949915696458,Tue Aug 02 09:31:04 +0800 2022,梧桐成精了,https://weibo.com//u/7381771900,这个死声音不会真的有人听的下去吧,1,0
,4797937424534441,Tue Aug 02 08:41:26 +0800 2022,Eugene丶X,https://weibo.com//u/5245518492,"现在的人都那么闲了么，，<img alt=""[允悲]"" title=""[允悲]"" src=""https://face.t.sinajs.cn/t4/appstyle/expression/ext/normal/83/2018new_kuxiao_org.png"" />这种博主粉丝百万？？<img alt=""[允悲]"" title=""[允悲]"" src=""https://face.t.sinajs.cn/t4/appstyle/expression/ext/normal/83/2018new_kuxiao_org.png"" />",1,0
,4797893619483392,Tue Aug 02 05:47:22 +0800 2022,晶簇簇簇簇,https://weibo.com//u/6967271599,为什么不直接去宅舞区,1,0
,4797755392790694,Mon Aug 01 20:38:06 +0800 2022,温迪的小鹿,https://weibo.com//u/6394893380,这都是团队运作的，一个人绝对做不到，建议一个团队全都进去,1,0
,4797713672311659,Mon Aug 01 17:52:19 +0800 2022,c3是只猫,https://weibo.com//u/3545169582,什么都吃!像不像那恶鬼,4,0
,4797700723184549,Mon Aug 01 17:00:52 +0800 2022,楠楠难阿难,https://weibo.com//u/6384833198,还吃大白鲨，活该被判刑,1,0
,4797700085913912,Mon Aug 01 16:58:20 +0800 2022,想上陳冠希,https://weibo.com//u/2670762472,支持封杀,5,0
,4797640044449584,Mon Aug 01 12:59:45 +0800 2022,刘温柔lhx,https://weibo.com//u/2672787737,"敢杀这种大东西的 也厉害了<img alt=""[晕]"" title=""[晕]"" src=""https://face.t.sinajs.cn/t4/appstyle/expression/ext/normal/07/2018new_yun_org.png"" />",2,0
,4798576431203048,Thu Aug 04 03:00:37 +0800 2022,小野人Hedy,https://weibo.com//u/5662023591,业障,0,0
,4798465845232576,Wed Aug 03 19:41:10 +0800 2022,Fly_up_high_in_the_sky,https://weibo.com//u/1589051764,阿弥陀佛🙏造孽！,0,0
,4798378544728012,Wed Aug 03 13:54:17 +0800 2022,蓝月-沐沐,https://weibo.com//u/1525747902,人跟人之间的磁场频率是不一样的，这个女的以后仕途也会出现问题，因果已经产生,0,0
,4798358843037757,Wed Aug 03 12:35:59 +0800 2022,Arafffan,https://weibo.com//u/2269735700,太可怕,0,0
,4798092463048501,Tue Aug 02 18:57:30 +0800 2022,大卷21122,https://weibo.com//u/1861777370,背后有产业链的,0,0
,4798026999402701,Tue Aug 02 14:37:22 +0800 2022,橘子味儿哈哈,https://weibo.com//u/7481819867,好凶残 怎么可以下得了口？,1,0
,4798024654783773,Tue Aug 02 14:28:02 +0800 2022,小羊小羊卖铃铛,https://weibo.com//u/7249113814,之前还刷到过她,0,0
,4798021773298939,Tue Aug 02 14:16:36 +0800 2022,狮毛毛飞扬,https://weibo.com//u/5459652756,作孽的人犯的罪可不可以不被地球报复给没作孽的人。,0,0
,4798021096967036,Tue Aug 02 14:13:55 +0800 2022,拉尔夫88斯基,https://weibo.com//u/5582968187,无知真可怕,0,0
,4798019553984901,Tue Aug 02 14:07:46 +0800 2022,战斗羊,https://weibo.com//u/5793545580,"这一家子都挺吓人啊<img alt=""[吃惊]"" title=""[吃惊]"" src=""https://face.t.sinajs.cn/t4/appstyle/expression/ext/normal/49/2018new_chijing_org.png"" />那娘们吃相跟恐怖片似的😱",0,0
,4798019272448365,Tue Aug 02 14:06:40 +0800 2022,soul-5376,https://weibo.com//u/5828841004,"我一直以为这个是牢底坐穿兽<img alt=""[允悲]"" title=""[允悲]"" src=""https://face.t.sinajs.cn/t4/appstyle/expression/ext/normal/83/2018new_kuxiao_org.png"" />",0,0
,4798018576192668,Tue Aug 02 14:03:54 +0800 2022,虽则如云的存,https://weibo.com//u/5067458828,使劲查，什么人啊,0,0
,4798018533989511,Tue Aug 02 14:03:44 +0800 2022,一个光会胡诌八道的伪文艺少女,https://weibo.com//u/5225883344,太做作了,0,0
,4798017112639019,Tue Aug 02 13:58:04 +0800 2022,温柔君子再睡一夏,https://weibo.com//u/5041035442,这尼玛也能吃的下去，真的是造孽,0,0
,4798014146746412,Tue Aug 02 13:46:18 +0800 2022,误入森林_,https://weibo.com//u/1763874970,太吓人了,0,0
,4798013169470549,Tue Aug 02 13:42:25 +0800 2022,鹰潭刘昊然,https://weibo.com//u/2421541074,她的动作怎么这么多,1,0
,4798012407419312,Tue Aug 02 13:39:23 +0800 2022,轮回劫萧信73486,https://weibo.com//u/7451037551,md一巴掌打过去看她发不发颠,0,0
,4798012217365476,Tue Aug 02 13:38:38 +0800 2022,秋田稻庭,https://weibo.com//u/1784294335,"好残忍<img alt=""[怒]"" title=""[怒]"" src=""https://face.t.sinajs.cn/t4/appstyle/expression/ext/normal/f6/2018new_nu_org.png"" />",0,0
,4798012201107523,Tue Aug 02 13:38:33 +0800 2022,予我热烈,https://weibo.com//u/3187373881,魔鬼,0,0
,4798010900355112,Tue Aug 02 13:33:24 +0800 2022,洁茜卡酱,https://weibo.com//u/6465781087,怎么这么残忍,0,0
,4798010829048075,Tue Aug 02 13:33:07 +0800 2022,新征程美女剑豪带着肉走来了,https://weibo.com//u/3971120142,换人她也能吃的下去的吧,1,0
,4798010322324514,Tue Aug 02 13:31:06 +0800 2022,十点半的钟声o,https://weibo.com//u/6182478156,"放了它<img alt=""[泪]"" title=""[泪]"" src=""https://face.t.sinajs.cn/t4/appstyle/expression/ext/normal/6e/2018new_leimu_org.png"" /><img alt=""[泪]"" title=""[泪]"" src=""https://face.t.sinajs.cn/t4/appstyle/expression/ext/normal/6e/2018new_leimu_org.png"" /><img alt=""[泪]"" title=""[泪]"" src=""https://face.t.sinajs.cn/t4/appstyle/expression/ext/normal/6e/2018new_leimu_org.png"" /><img alt=""[泪]"" title=""[泪]"" src=""https://face.t.sinajs.cn/t4/appstyle/expression/ext/normal/6e/2018new_leimu_org.png"" />这个鱼<img alt=""[泪]"" title=""[泪]"" src=""https://face.t.sinajs.cn/t4/appstyle/expression/ext/normal/6e/2018new_leimu_org.png"" /><img alt=""[泪]"" title=""[泪]"" src=""https://face.t.sinajs.cn/t4/appstyle/expression/ext/normal/6e/2018new_leimu_org.png"" /><img alt=""[泪]"" title=""[泪]"" src=""https://face.t.sinajs.cn/t4/appstyle/expression/ext/normal/6e/2018new_leimu_org.png"" /><img alt=""[泪]"" title=""[泪]"" src=""https://face.t.sinajs.cn/t4/appstyle/expression/ext/normal/6e/2018new_leimu_org.png"" /><img alt=""[泪]"" title=""[泪]"" src=""https://face.t.sinajs.cn/t4/appstyle/expression/ext/normal/6e/2018new_leimu_org.png"" />",0,0
,4798009323817723,Tue Aug 02 13:27:08 +0800 2022,接二连三一跃而起拍桌吼-,https://weibo.com//u/2869736490,"观感不适<img alt=""[衰]"" title=""[衰]"" src=""https://face.t.sinajs.cn/t4/appstyle/expression/ext/normal/a2/2018new_shuai_org.png"" />",0,0
,4798006567895232,Tue Aug 02 13:16:10 +0800 2022,孙大剩么,https://weibo.com//u/5304760213,看得我家这几条瑟瑟发抖 ,0,0
,4798006220819261,Tue Aug 02 13:14:48 +0800 2022,芭芭不得语,https://weibo.com//u/6535713455,疫情还没过呢,0,0
,4798005226244487,Tue Aug 02 13:10:51 +0800 2022,xuxuxu-文思儿,https://weibo.com//u/3292374721,真残忍，无下限，太可恨了，主播风格也是互相学的，满屏幕咋呼，蹦来蹦去,0,0
,4798005108804834,Tue Aug 02 13:10:23 +0800 2022,夏树msc,https://weibo.com//u/2933889807,希望国家整顿网红产业。。像这种低俗 挑战法律食用国家保护生物的更该好好整顿整顿,0,0
,4798003419024522,Tue Aug 02 13:03:40 +0800 2022,哔哩吧啦马大哈,https://weibo.com//u/1724687690,"吃相真的好像丧尸<img alt=""[微笑]"" title=""[微笑]"" src=""https://face.t.sinajs.cn/t4/appstyle/expression/ext/normal/e3/2018new_weixioa02_org.png"" />",1,0
,4797998859815739,Tue Aug 02 12:45:33 +0800 2022,大大滴小蘑菇flight,https://weibo.com//u/1022323122,举报了,1,0
,4797997826968473,Tue Aug 02 12:41:26 +0800 2022,不油咸蛋黄月饼,https://weibo.com//u/6505928556,整个过程魔幻至极 不理解 大受震撼,2,0
,4797997793939339,Tue Aug 02 12:41:19 +0800 2022,仙草小方,https://weibo.com//u/6112940452,查她！,1,0
,4797997722373653,Tue Aug 02 12:41:02 +0800 2022,青舸飞弦514,https://weibo.com//u/2331470021,"能不能把这类主播封号啊！<img alt=""[怒]"" title=""[怒]"" src=""https://face.t.sinajs.cn/t4/appstyle/expression/ext/normal/f6/2018new_nu_org.png"" />",2,0
,4797997650547728,Tue Aug 02 12:40:45 +0800 2022,辛辛_zhima,https://weibo.com//u/5638572464,啥都吃，也不怕毒死,0,0
,4797996933324242,Tue Aug 02 12:37:54 +0800 2022,不油咸蛋黄月饼,https://weibo.com//u/6505928556,我不理解,0,0
,4797996820596845,Tue Aug 02 12:37:27 +0800 2022,星黛露0314,https://weibo.com//u/3715698977,她还没进去？,0,0
,4797995789060294,Tue Aug 02 12:33:21 +0800 2022,种了一种草,https://weibo.com//u/7526297161,看礼貌的二舅,0,0
,4797995142877980,Tue Aug 02 12:30:47 +0800 2022,此用户存在不再登录,https://weibo.com//u/2873192592,"把她刮了吧<img alt=""[泪]"" title=""[泪]"" src=""https://face.t.sinajs.cn/t4/appstyle/expression/ext/normal/6e/2018new_leimu_org.png"" />，求一双没看过的眼睛<img alt=""[泪]"" title=""[泪]"" src=""https://face.t.sinajs.cn/t4/appstyle/expression/ext/normal/6e/2018new_leimu_org.png"" />",0,0
,4797994987428881,Tue Aug 02 12:30:10 +0800 2022,亚里士多Meoww,https://weibo.com//u/2205221650,"那么可爱乖巧呆萌的娃娃鱼。。<img alt=""[苦涩]"" title=""[苦涩]"" src=""https://face.t.sinajs.cn/t4/appstyle/expression/ext/normal/7e/2021_bitter_org.png"" /><img alt=""[苦涩]"" title=""[苦涩]"" src=""https://face.t.sinajs.cn/t4/appstyle/expression/ext/normal/7e/2021_bitter_org.png"" />",0,0
,4797993905034266,Tue Aug 02 12:25:52 +0800 2022,逢出必乱de羡羡,https://weibo.com//u/7732820480,梦中情鱼是吧，你tm是螳螂还是黑寡妇啊，把自己的梦中情人下锅油炸了，还爆香香，真有你的,0,0
,4797992902592893,Tue Aug 02 12:21:53 +0800 2022,一轮海螺湾的满月,https://weibo.com//u/7734136145,"她怎么啥都吃啊？<img alt=""[吐]"" title=""[吐]"" src=""https://face.t.sinajs.cn/t4/appstyle/expression/ext/normal/08/2018new_tu_org.png"" /><img alt=""[吐]"" title=""[吐]"" src=""https://face.t.sinajs.cn/t4/appstyle/expression/ext/normal/08/2018new_tu_org.png"" /><img alt=""[吐]"" title=""[吐]"" src=""https://face.t.sinajs.cn/t4/appstyle/expression/ext/normal/08/2018new_tu_org.png"" />",0,0
,4797992224426332,Tue Aug 02 12:19:11 +0800 2022,2Suzy黄,https://weibo.com//u/6598103245,她还没进去吗,0,0
,4797991783500259,Tue Aug 02 12:17:25 +0800 2022,葵子筠,https://weibo.com//u/2138207957,该查了这个人,0,0
,4797991771440350,Tue Aug 02 12:17:23 +0800 2022,这里是安葵奎,https://weibo.com//u/6765972426,真服了，什么都吃,0,0
,4797991258427216,Tue Aug 02 12:15:21 +0800 2022,周锦淑92238,https://weibo.com//u/5535471416,一点也不可爱，挺讨厌的,0,0
,4797991045038785,Tue Aug 02 12:14:29 +0800 2022,周锦淑92238,https://weibo.com//u/5535471416,"大哥们，前面还喊你大哥，接着就把你吃了<img alt=""[允悲]"" title=""[允悲]"" src=""https://face.t.sinajs.cn/t4/appstyle/expression/ext/normal/83/2018new_kuxiao_org.png"" />",0,1
4797991045038785.0,4797991125516967,Tue Aug 02 12:14:48 +0800 2022,周锦淑92238,https://weibo.com//u/5535471416,"还觉得可爱吗？<img alt=""[太开心]"" title=""[太开心]"" src=""https://face.t.sinajs.cn/t4/appstyle/expression/ext/normal/1e/2018new_taikaixin_org.png"" />",0,0
,4797990708975926,Tue Aug 02 12:13:10 +0800 2022,晚夜猫宁是晚宁,https://weibo.com//u/5774766861,恶魔？,0,0
,4797990453908272,Tue Aug 02 12:12:09 +0800 2022,妮嘉大大大大妮,https://weibo.com//u/3542413002,人面兽心,0,0
,4797990345382052,Tue Aug 02 12:11:43 +0800 2022,周锦淑92238,https://weibo.com//u/5535471416,讨厌这个人,0,0
,4797988318222475,Tue Aug 02 12:03:40 +0800 2022,Calmff,https://weibo.com//u/7523777699,下次吃你自己,0,0
,4797988017539491,Tue Aug 02 12:02:27 +0800 2022,ff安德xx,https://weibo.com//u/7511830259,二臂啊,0,0
,4797987584216083,Tue Aug 02 12:00:45 +0800 2022,向阳的粉蓝蔷薇,https://weibo.com//u/2091472944,一群妖魔鬼怪,0,0
,4797986876162990,Tue Aug 02 11:57:55 +0800 2022,鸟人一般,https://weibo.com//u/1676768645,这玩意有人看？,0,0
,4797986800403377,Tue Aug 02 11:57:37 +0800 2022,MTLHUI,https://weibo.com//u/2812151064,这女的疯了,0,0
,4797984237424509,Tue Aug 02 11:47:27 +0800 2022,刘力FRANK,https://weibo.com//u/6137534372,期待直播吃这个女的，把13就给我家旺财,0,0
,4797984002545468,Tue Aug 02 11:46:31 +0800 2022,肿眼泡肉丸子,https://weibo.com//u/2715471981,天呐，这么大的娃娃鱼，还是金色,0,0
,4797983646551838,Tue Aug 02 11:45:06 +0800 2022,Echee_,https://weibo.com//u/7303986980,"吃点正常东西不行吗<img alt=""[汗]"" title=""[汗]"" src=""https://face.t.sinajs.cn/t4/appstyle/expression/ext/normal/28/2018new_han_org.png"" />",0,0
,4797983332238509,Tue Aug 02 11:43:50 +0800 2022,有庸狼吗,https://weibo.com//u/5664080770,希望国家好好整顿所谓的网红，再这样下去，会毫无底线的！,0,0
,4797983293445305,Tue Aug 02 11:43:42 +0800 2022,红霞Lii,https://weibo.com//u/1865619880,真他妈有毛病，这么多可以吃的家畜还不够，啥子都敢吃，博人眼球也要有个度啊！！,0,0
,4797981239284154,Tue Aug 02 11:35:32 +0800 2022,起名字真是件很难的事情,https://weibo.com//u/6698098814,这种主播病的不轻，应该早早停号，有多少封杀多少。,0,0
,4797980814875619,Tue Aug 02 11:33:51 +0800 2022,大宋衙門,https://weibo.com//u/7173174389,赶紧送进监狱里踩缝纫机吧，没有十年以上我不服，之前有个掏鸟蛋都被判十年，这个性质比掏鸟蛋更恶劣,0,0
,4797980508949952,Tue Aug 02 11:32:38 +0800 2022,冒个泡泡ing,https://weibo.com//u/7746676803,她的号是哪个，我要去举报她,0,0
,4797979997247092,Tue Aug 02 11:30:35 +0800 2022,冒个泡泡ing,https://weibo.com//u/7746676803,这种直接封杀吧，靠，气死了，无语！！～,0,0
,4797979704428779,Tue Aug 02 11:29:26 +0800 2022,Guiles0111,https://weibo.com//u/5610970678,还真啥都吃，恐怖,0,0
,4797979670876209,Tue Aug 02 11:29:18 +0800 2022,笑笑小朋友呢,https://weibo.com//u/5577656098,还有没有人管管了,0,0
,4797977706892073,Tue Aug 02 11:21:30 +0800 2022,冷漠的金刚石,https://weibo.com//u/2502529255,怎么吃得下去,0,0
,4797977203837043,Tue Aug 02 11:19:29 +0800 2022,不再头铁了,https://weibo.com//u/7310103240,感觉她的语言还有行为动作都好夸张啊,0,0
,4797975707256449,Tue Aug 02 11:13:33 +0800 2022,夏虫语冰斋,https://weibo.com//u/1936647512,这个一定是人工养殖的，不用查,0,0
,4797975257158921,Tue Aug 02 11:11:46 +0800 2022,快乐的重庆市市花,https://weibo.com//u/3829284730,<a href=/n/奶茶要无糖糖糖>@奶茶要无糖糖糖</a> 她的视频越看越觉得渗人  好像妖怪 🙉🙉🙉,0,1
4797975257158921.0,4798016378378647,Tue Aug 02 13:55:10 +0800 2022,奶茶要无糖糖糖,https://weibo.com//u/5342017840,多多少少带点不正常,0,0
,4797972912802398,Tue Aug 02 11:02:27 +0800 2022,hyqluvie,https://weibo.com//u/7370542177,不就吃个鱼吗？,0,0
,4797972850151956,Tue Aug 02 11:02:12 +0800 2022,鹿和鹿和鹿和鹿,https://weibo.com//u/6174732061,不适感强烈,0,0
,4797972837046955,Tue Aug 02 11:02:09 +0800 2022,钻钻宝贝贝333,https://weibo.com//u/6978342998,每一个动作都那么做作油腻,0,0
,4797972212880655,Tue Aug 02 10:59:40 +0800 2022,长物有志,https://weibo.com//u/7712623782,早就应该禁止她，无底线博眼球,0,0
,4797969491036406,Tue Aug 02 10:48:51 +0800 2022,奶油小鲸鱼123,https://weibo.com//u/7678142078,这个女主播完全是模仿别人,0,0
,4797968840135347,Tue Aug 02 10:46:16 +0800 2022,独醉饮欢,https://weibo.com//u/3256060502,进去了就别出来了你,0,0
,4797968659516244,Tue Aug 02 10:45:33 +0800 2022,迷人的石榴姐姐,https://weibo.com//u/7484169115,"看得我一口吃不下<img alt=""[怒]"" title=""[怒]"" src=""https://face.t.sinajs.cn/t4/appstyle/expression/ext/normal/f6/2018new_nu_org.png"" />",0,0
,4797967703739557,Tue Aug 02 10:41:44 +0800 2022,素面净心-,https://weibo.com//u/3151956912,"啧啧啧<img alt=""[吐]"" title=""[吐]"" src=""https://face.t.sinajs.cn/t4/appstyle/expression/ext/normal/08/2018new_tu_org.png"" /><img alt=""[打脸]"" title=""[打脸]"" src=""https://face.t.sinajs.cn/t4/appstyle/expression/ext/normal/cb/2018new_dalian_org.png"" />",0,0
,4797966914685916,Tue Aug 02 10:38:37 +0800 2022,慢鱼丸子,https://weibo.com//u/6333383247,"不管是不是濒危活化石，人工养殖就可以吃吗？那是不是熊猫也可以吃呢？熊猫也是人工培育呢<img alt=""[可爱]"" title=""[可爱]"" src=""https://face.t.sinajs.cn/t4/appstyle/expression/ext/normal/09/2018new_keai_org.png"" /><img alt=""[可爱]"" title=""[可爱]"" src=""https://face.t.sinajs.cn/t4/appstyle/expression/ext/normal/09/2018new_keai_org.png"" />",0,0
,4797965795067527,Tue Aug 02 10:34:10 +0800 2022,RainbowC0818,https://weibo.com//u/7393744525,真是为了流量毫无底线！,0,0
,4797963936995449,Tue Aug 02 10:26:47 +0800 2022,一丢丢002,https://weibo.com//u/5118668773,太可怕了,0,0
,4797961094303265,Tue Aug 02 10:15:29 +0800 2022,咕咕咕咕咕咕咕噜,https://weibo.com//u/2054853974,这是谁卖的是不是也得判一下？,0,0
,4797960967684663,Tue Aug 02 10:14:58 +0800 2022,落花泪殇倾城,https://weibo.com//u/5845442579,强烈建议死刑,0,0
,4797960435795782,Tue Aug 02 10:12:51 +0800 2022,桑若有所失,https://weibo.com//u/7275720979,"srds，人工养殖可以吃的，不要随便被带节奏<img alt=""[晕]"" title=""[晕]"" src=""https://face.t.sinajs.cn/t4/appstyle/expression/ext/normal/07/2018new_yun_org.png"" /><img alt=""[晕]"" title=""[晕]"" src=""https://face.t.sinajs.cn/t4/appstyle/expression/ext/normal/07/2018new_yun_org.png"" /><img alt=""[晕]"" title=""[晕]"" src=""https://face.t.sinajs.cn/t4/appstyle/expression/ext/normal/07/2018new_yun_org.png"" /><img alt=""[晕]"" title=""[晕]"" src=""https://face.t.sinajs.cn/t4/appstyle/expression/ext/normal/07/2018new_yun_org.png"" /><img alt=""[晕]"" title=""[晕]"" src=""https://face.t.sinajs.cn/t4/appstyle/expression/ext/normal/07/2018new_yun_org.png"" />",0,0
,4797959507809197,Tue Aug 02 10:09:11 +0800 2022,Ms颖963,https://weibo.com//u/1684995641,妖怪,0,0
,4797957536743993,Tue Aug 02 10:01:20 +0800 2022,没有狼户外,https://weibo.com//u/6079635882,这种披着人皮的魔鬼，不绳之以法，天理难容,1,0
,4797956559474867,Tue Aug 02 09:57:28 +0800 2022,青见MS,https://weibo.com//u/5991768223,“真是疯了” “聒噪的很”,1,0
,4797953560020736,Tue Aug 02 09:45:33 +0800 2022,切片板栗栗栗,https://weibo.com//u/2680592717,她怎么能做到上一秒抱着还加各种可爱画外音下一秒就切碎吃掉的……真的好可怕,0,0
,4797952210764370,Tue Aug 02 09:40:10 +0800 2022,Redamancy-807,https://weibo.com//u/7325359335,哇趣活该被捉这哪吃得下,0,0
,4797952063442717,Tue Aug 02 09:39:36 +0800 2022,爱揉纸团,https://weibo.com//u/7750814676,"下次不会吃大熊猫吧<img alt=""[doge]"" title=""[doge]"" src=""https://face.t.sinajs.cn/t4/appstyle/expression/ext/normal/a1/2018new_doge02_org.png"" />",1,0
,4797950255959308,Tue Aug 02 09:32:25 +0800 2022,JessPWM,https://weibo.com//u/2302704421,太恐怖了,0,0
,4797949281833380,Tue Aug 02 09:28:33 +0800 2022,泓泓潋滟,https://weibo.com//u/7149925098,光看视频，我都要吐了,0,0
,4797948325792659,Tue Aug 02 09:24:45 +0800 2022,M-可不可以等等我,https://weibo.com//u/3196767715,好腻的人,0,0
,4797947793904083,Tue Aug 02 09:22:38 +0800 2022,爱G老瓜413,https://weibo.com//u/7753750474,不刑吗？,0,0
,4797947222692808,Tue Aug 02 09:20:22 +0800 2022,好端端l,https://weibo.com//u/3917385731,"应该把这些人全抓起来，他们都吃了<img alt=""[doge]"" title=""[doge]"" src=""https://face.t.sinajs.cn/t4/appstyle/expression/ext/normal/a1/2018new_doge02_org.png"" />",0,0
,4797946866699650,Tue Aug 02 09:18:57 +0800 2022,婷落满茶21200,https://weibo.com//u/7342343734,"这不是东北人<img alt=""[怒]"" title=""[怒]"" src=""https://face.t.sinajs.cn/t4/appstyle/expression/ext/normal/f6/2018new_nu_org.png"" /><img alt=""[怒]"" title=""[怒]"" src=""https://face.t.sinajs.cn/t4/appstyle/expression/ext/normal/f6/2018new_nu_org.png"" />",0,0
,4797943313597575,Tue Aug 02 09:04:50 +0800 2022,一直在路上的小p,https://weibo.com//u/1751239173,直接判了她,0,0
,4797938834605859,Tue Aug 02 08:47:02 +0800 2022,椰汁玫瑰麥,https://weibo.com//u/1658614750,"只能说知识改变命运 还是要多读书<img alt=""[作揖]"" title=""[作揖]"" src=""https://face.t.sinajs.cn/t4/appstyle/expression/ext/normal/e7/2018new_zuoyi_org.png"" />",0,0
,4797938575082050,Tue Aug 02 08:45:59 +0800 2022,你看那盛开的花来自期盼的种子,https://weibo.com//u/5498391356,什么人啊,0,0
,4797931113415802,Tue Aug 02 08:16:20 +0800 2022,monica大王9797,https://weibo.com//u/6230536949,"<img alt=""[哼]"" title=""[哼]"" src=""https://face.t.sinajs.cn/t4/appstyle/expression/ext/normal/7c/2018new_heng_org.png"" />有人管管吗？为了流量什么都敢杀，什么都敢吃，文明社会为了赚钱太血腥了<img alt=""[苦涩]"" title=""[苦涩]"" src=""https://face.t.sinajs.cn/t4/appstyle/expression/ext/normal/7e/2021_bitter_org.png"" />",0,0
,4797930093416306,Tue Aug 02 08:12:18 +0800 2022,L陶小桃,https://weibo.com//u/5601392219,真是无语 这都吃,0,0
,4797929699413056,Tue Aug 02 08:10:44 +0800 2022,承蒙出现Yang,https://weibo.com//u/6575588975,真的好可怕,0,0
,4797929426781879,Tue Aug 02 08:09:39 +0800 2022,招财小猫猫和小狗头,https://weibo.com//u/1653975631,无知无聊无底线,0,0
,4797928998178452,Tue Aug 02 08:07:57 +0800 2022,雨雨心子,https://weibo.com//u/7423604500,我想知道那些人和他一起吃的那些亲戚会不会遭？,0,0
,4797924930750989,Tue Aug 02 07:51:47 +0800 2022,软抱熊熊,https://weibo.com//u/6576827767,"我觉得好吓人<img alt=""[泪]"" title=""[泪]"" src=""https://face.t.sinajs.cn/t4/appstyle/expression/ext/normal/6e/2018new_leimu_org.png"" /><img alt=""[泪]"" title=""[泪]"" src=""https://face.t.sinajs.cn/t4/appstyle/expression/ext/normal/6e/2018new_leimu_org.png"" /><img alt=""[泪]"" title=""[泪]"" src=""https://face.t.sinajs.cn/t4/appstyle/expression/ext/normal/6e/2018new_leimu_org.png"" /><img alt=""[泪]"" title=""[泪]"" src=""https://face.t.sinajs.cn/t4/appstyle/expression/ext/normal/6e/2018new_leimu_org.png"" />",0,0
,4797912599232557,Tue Aug 02 07:02:46 +0800 2022,振公子,https://weibo.com//u/1282887541,原来是她啊，我以前看过她,0,0
,4797903309111859,Tue Aug 02 06:25:52 +0800 2022,某位尊贵的vip,https://weibo.com//u/6996035300,她还吃过鲨鱼吧,0,0
,4797900682429076,Tue Aug 02 06:15:26 +0800 2022,柚姬i,https://weibo.com//u/5034551883,这女的被抓了没,0,0
,4797897873031257,Tue Aug 02 06:04:15 +0800 2022,蒋慧7087,https://weibo.com//u/5521723307,咋不吃死她，,0,0
,4797893103583764,Tue Aug 02 05:45:19 +0800 2022,茗超悦,https://weibo.com//u/1682150047,最高15年，真邢,0,0
,4797880923062301,Tue Aug 02 04:56:54 +0800 2022,zhuhe梅,https://weibo.com//u/5679147886,这人不抓起来判刑,0,0
,4797868256788796,Tue Aug 02 04:06:35 +0800 2022,他还是个孩子啊-,https://weibo.com//u/3427343974,吃像有点恐怖,0,0
,4797860413702309,Tue Aug 02 03:35:25 +0800 2022,家有大老虎微博,https://weibo.com//u/1836862910,这类网红真的没下限，为了流量他们可能连“人”都敢吃。,0,0
,4797859721380559,Tue Aug 02 03:32:40 +0800 2022,拉依库兹不族维奇,https://weibo.com//u/3869205490,好像个丧尸,0,0
,4797854876434656,Tue Aug 02 03:13:25 +0800 2022,兰小河,https://weibo.com//u/7468111557,好可怜,0,0
,4797841724409039,Tue Aug 02 02:21:09 +0800 2022,薯条琪儿小咕咚,https://weibo.com//u/2367620092,邪恶的灵魂,0,0
,4797838750384805,Tue Aug 02 02:09:20 +0800 2022,满眼深秋等花落y,https://weibo.com//u/5273316398,"说到底还是为了热度，正常人谁吃这玩意<img alt=""[抓狂]"" title=""[抓狂]"" src=""https://face.t.sinajs.cn/t4/appstyle/expression/ext/normal/17/2018new_zhuakuang_org.png"" />",0,0
,4797834237576158,Tue Aug 02 01:51:24 +0800 2022,灵灵公主,https://weibo.com//u/1658783520,她应该去日本发展。,0,0
,4797831485064917,Tue Aug 02 01:40:28 +0800 2022,物理再爱我一年吧,https://weibo.com//u/6229822290,"“全中国就只有几条”，所以你就把它吃了？<img alt=""[思考]"" title=""[思考]"" src=""https://face.t.sinajs.cn/t4/appstyle/expression/ext/normal/30/2018new_sikao_org.png"" />",0,0
,4797822177641995,Tue Aug 02 01:03:29 +0800 2022,琪璐keykey,https://weibo.com//u/2011175020,没有底线。。。,0,0
,4797815647899599,Tue Aug 02 00:37:32 +0800 2022,观众36857,https://weibo.com//u/6575664496,像个丧尸一样，在坐有一个算一个应该全抓起来,0,0
,4797806918767513,Tue Aug 02 00:02:51 +0800 2022,福尔摩冄,https://weibo.com//u/1693617370,希望你多坐几年牢,0,0
,4797804327212528,Mon Aug 01 23:52:33 +0800 2022,诸子宣,https://weibo.com//u/7458353759,吃这个真的心理不是个变态吗？,0,0
,4797803462659898,Mon Aug 01 23:49:07 +0800 2022,胖兔兔乖乖201810,https://weibo.com//u/1973198503,不作不会死,0,0
,4797803073372339,Mon Aug 01 23:47:33 +0800 2022,小晶晶儿呀呀呀,https://weibo.com//u/1545017301,这是什么心理素质,0,0
,4797801214509510,Mon Aug 01 23:40:10 +0800 2022,我的目标是国服大乔,https://weibo.com//u/7388938124,咋啥也吃啊,0,0
,4797800920914443,Mon Aug 01 23:39:01 +0800 2022,金杜阿泽,https://weibo.com//u/5881887536,为了流量不择手段，已经令人发指。,0,0
,4797796530264834,Mon Aug 01 23:21:34 +0800 2022,stxyyij,https://weibo.com//u/6940510915,你吃就算了，也正常，但是不停给特写镜头说生无可恋啥的真的很过分。,0,0
,4797795745142664,Mon Aug 01 23:18:27 +0800 2022,谁动了朕的小鱼干PUPU,https://weibo.com//u/5714345129,进去了已经,0,0
,4797791886642475,Mon Aug 01 23:03:07 +0800 2022,銀翼之狐,https://weibo.com//u/2210711035,一顿美味的牢饭已经准备好了！恭候大驾光临，品尝！,0,0
,4797786328927641,Mon Aug 01 22:41:01 +0800 2022,2022年暴富的lucky小锦鲤,https://weibo.com//u/5603642359,真刑啊,0,0
,4797785000379697,Mon Aug 01 22:35:44 +0800 2022,苹果橙_,https://weibo.com//u/1952997227,"视频感觉好可怕啊，看起来就不好吃啊<img alt=""[吐]"" title=""[吐]"" src=""https://face.t.sinajs.cn/t4/appstyle/expression/ext/normal/08/2018new_tu_org.png"" />",0,0
,4797783330525838,Mon Aug 01 22:29:07 +0800 2022,桉尚1998,https://weibo.com//u/6482005698,"这么大感觉都有灵性了 上面说老母鸡那个 你见到孔雀那么大的鸡也敢吃吗<img alt=""[白眼]"" title=""[白眼]"" src=""https://face.t.sinajs.cn/t4/appstyle/expression/ext/normal/ef/2018new_landelini_org.png"" />",0,0
,4797782000666225,Mon Aug 01 22:23:49 +0800 2022,不愿再搞楼,https://weibo.com//u/5744310308,我稍微有点生理不适……,0,0
,4797779429559153,Mon Aug 01 22:13:37 +0800 2022,头很油知不知道,https://weibo.com//u/5890148520,每次吃东西都要像丧尸一样？,0,0
,4797779265723129,Mon Aug 01 22:12:58 +0800 2022,乖乖隆德特儿,https://weibo.com//u/2077905991,国家不允许吃娃娃鱼！大鲵！包括人工养殖,0,0
,4797775458080997,Mon Aug 01 21:57:50 +0800 2022,uuc-co1,https://weibo.com//u/6593905388,吓人,0,0
,4797773075710754,Mon Aug 01 21:48:21 +0800 2022,放弃追星欢乐哆哆,https://weibo.com//u/7465964896,。。。,0,0
,4797771233891451,Mon Aug 01 21:41:03 +0800 2022,TTTonight-,https://weibo.com//u/5581803695,她好吵啊,0,0
,4797768578634505,Mon Aug 01 21:30:29 +0800 2022,狗门那赛,https://weibo.com//u/6132293280,"她声音好难听<img alt=""[苦涩]"" title=""[苦涩]"" src=""https://face.t.sinajs.cn/t4/appstyle/expression/ext/normal/7e/2021_bitter_org.png"" />",0,0
,4797759968247919,Mon Aug 01 20:56:16 +0800 2022,小画画1432,https://weibo.com//u/6358186897,她叫什么,0,0
,4797756507691341,Mon Aug 01 20:42:32 +0800 2022,雾都幺妹儿Wings,https://weibo.com//u/2183703883,全程不适、退！退！退！,0,0
,4797755380208523,Mon Aug 01 20:38:03 +0800 2022,潇蜜o,https://weibo.com//u/7641722094,额 她吃的不是金色的 如果看了视频就不会这样说,0,0
,4797755254641023,Mon Aug 01 20:37:33 +0800 2022,Elizabeth曰梦,https://weibo.com//u/1896869960,声音太难听了,0,0
,4797754213143597,Mon Aug 01 20:33:25 +0800 2022,汪崽儿贩售机,https://weibo.com//u/7330618290,啊啊啊啊啊啊那个指头，怎么能吃下去,0,0
,4797754104350537,Mon Aug 01 20:32:58 +0800 2022,灰化肥发黑不是黑化肥发灰,https://weibo.com//u/1890887814,不把牢底坐穿，天理难容!,0,0
,4797753370608431,Mon Aug 01 20:30:03 +0800 2022,爱喝水的孤独泰华,https://weibo.com//u/7029124713,为了流量无底线，简直毁三观,0,0
,4797752868080420,Mon Aug 01 20:28:04 +0800 2022,怎么那么爱吃土豆,https://weibo.com//u/5351675079,怎么吃得下去,0,0
,4797751906272535,Mon Aug 01 20:24:14 +0800 2022,艺术就是派大星15036,https://weibo.com//u/7495620181,活阎王,0,0
,4797751135571441,Mon Aug 01 20:21:11 +0800 2022,叁拾迩,https://weibo.com//u/5869755516,"不能吃点正常传统美食吗<img alt=""[费解]"" title=""[费解]"" src=""https://face.t.sinajs.cn/t4/appstyle/expression/ext/normal/2a/2018new_wenhao_org.png"" /><img alt=""[费解]"" title=""[费解]"" src=""https://face.t.sinajs.cn/t4/appstyle/expression/ext/normal/2a/2018new_wenhao_org.png"" /><img alt=""[费解]"" title=""[费解]"" src=""https://face.t.sinajs.cn/t4/appstyle/expression/ext/normal/2a/2018new_wenhao_org.png"" />看的我快吐了",1,0
,4797750687039750,Mon Aug 01 20:19:23 +0800 2022,--自由浪漫的神,https://weibo.com//u/1824770120,全家都抓去坐牢,0,0
,4797750112425384,Mon Aug 01 20:17:07 +0800 2022,--自由浪漫的神,https://weibo.com//u/1824770120,这种博眼球的能抓去坐牢最好,0,0
,4797740565403073,Mon Aug 01 19:39:11 +0800 2022,等下次看海,https://weibo.com//u/7518066908,"多少好吃的好看的你不吃，非要吃这种很刑又看的一言难尽的<img alt=""[泪]"" title=""[泪]"" src=""https://face.t.sinajs.cn/t4/appstyle/expression/ext/normal/6e/2018new_leimu_org.png"" /><img alt=""[泪]"" title=""[泪]"" src=""https://face.t.sinajs.cn/t4/appstyle/expression/ext/normal/6e/2018new_leimu_org.png"" /><img alt=""[泪]"" title=""[泪]"" src=""https://face.t.sinajs.cn/t4/appstyle/expression/ext/normal/6e/2018new_leimu_org.png"" />",0,0
,4797740522930965,Mon Aug 01 19:39:00 +0800 2022,事業批愛好者,https://weibo.com//u/6702953845,好残忍,0,0
,4797740082532322,Mon Aug 01 19:37:16 +0800 2022,梨砾砾砾砾砾砾,https://weibo.com//u/6465823917,"好难受，她一开始还在和那个鱼像宠物一样互动，然后就杀掉了<img alt=""[泪]"" title=""[泪]"" src=""https://face.t.sinajs.cn/t4/appstyle/expression/ext/normal/6e/2018new_leimu_org.png"" />",0,0
,4797739239475797,Mon Aug 01 19:33:55 +0800 2022,Adios微醺,https://weibo.com//u/2112530673,"看着都吓人<img alt=""[泪]"" title=""[泪]"" src=""https://face.t.sinajs.cn/t4/appstyle/expression/ext/normal/6e/2018new_leimu_org.png"" />",0,0
,4797737390310659,Mon Aug 01 19:26:33 +0800 2022,番茄茶汤,https://weibo.com//u/6298752786,大姐你别喊了,0,0
,4797733410442883,Mon Aug 01 19:10:45 +0800 2022,有胃姑娘,https://weibo.com//u/1891769263,不知道她是怎么做到一直带着程序化又饱含激情的笑容的,1,0
,4797732462008905,Mon Aug 01 19:06:59 +0800 2022,默默奇_,https://weibo.com//u/7497923174,"她吃娃娃鱼倒没事，但大白鲨不行啊<img alt=""[苦涩]"" title=""[苦涩]"" src=""https://face.t.sinajs.cn/t4/appstyle/expression/ext/normal/7e/2021_bitter_org.png"" />",0,0
,4797731976251289,Mon Aug 01 19:05:03 +0800 2022,wink-Kitty,https://weibo.com//u/3198045320,"我看着这个人就生理不适 <img alt=""[衰]"" title=""[衰]"" src=""https://face.t.sinajs.cn/t4/appstyle/expression/ext/normal/a2/2018new_shuai_org.png"" /><img alt=""[衰]"" title=""[衰]"" src=""https://face.t.sinajs.cn/t4/appstyle/expression/ext/normal/a2/2018new_shuai_org.png"" /><img alt=""[衰]"" title=""[衰]"" src=""https://face.t.sinajs.cn/t4/appstyle/expression/ext/normal/a2/2018new_shuai_org.png"" /><img alt=""[摊手]"" title=""[摊手]"" src=""https://face.t.sinajs.cn/t4/appstyle/expression/ext/normal/62/2018new_tanshou_org.png"" /><img alt=""[摊手]"" title=""[摊手]"" src=""https://face.t.sinajs.cn/t4/appstyle/expression/ext/normal/62/2018new_tanshou_org.png"" /><img alt=""[摊手]"" title=""[摊手]"" src=""https://face.t.sinajs.cn/t4/appstyle/expression/ext/normal/62/2018new_tanshou_org.png"" />",0,0
,4797731313026477,Mon Aug 01 19:02:25 +0800 2022,又珠圆玉润了,https://weibo.com//u/5340140610,还有一个大呲牙的什么姥姥也老是吃这些莫名其妙的东西，建议也查查她。,0,0
,4797730843005594,Mon Aug 01 19:00:33 +0800 2022,宥奈超奈斯,https://weibo.com//u/6480369151,她就不能吃点正常的瓜果梨桃吗？非得吃这些？,0,0
,4797730298270026,Mon Aug 01 18:58:23 +0800 2022,Li_Siyan,https://weibo.com//u/1642347624,这个视频前一半拍的就是养殖场,0,0
,4797729358745023,Mon Aug 01 18:54:39 +0800 2022,袮_aimer,https://weibo.com//u/6293113906,真lj,0,0
,4797728951112326,Mon Aug 01 18:53:02 +0800 2022,鸟山明保存会,https://weibo.com//u/3166190025,真是不懂胡说八道 大鲵是人工养殖的啊 她有问题也不是这么玩的,0,0
,4797727227253492,Mon Aug 01 18:46:11 +0800 2022,拖延症患者投简历了吗,https://weibo.com//u/7368520331,我这暴脾气 看见这么茶的说话方式真的想打人,0,0
,4797726326000029,Mon Aug 01 18:42:36 +0800 2022,冬瓜下小豆,https://weibo.com//u/5329973472,它积攒的几百万粉丝是怎样来的，不是因为上了热搜还真不知道这女的,0,0
,4797725318841987,Mon Aug 01 18:38:36 +0800 2022,Leoetty,https://weibo.com//u/7243868118,你真刑啊,0,0
,4797723629060684,Mon Aug 01 18:31:52 +0800 2022,麻麻麻麻麻仙,https://weibo.com//u/5116207279,看着都怕 怎么下得去口,0,0
,4797722643139190,Mon Aug 01 18:27:58 +0800 2022,今天要吃些什么呢_,https://weibo.com//u/7763377815,回复<a href=/n/8岁爱冒险>@8岁爱冒险</a> 的表态:？,0,0
,4797721191645644,Mon Aug 01 18:22:11 +0800 2022,这是用来哈哈哈哈哈哈的微博,https://weibo.com//u/3868065788,这女的怕是个傻子吧,0,0
,4797720878122896,Mon Aug 01 18:20:57 +0800 2022,今天要吃些什么呢_,https://weibo.com//u/7763377815,"看的好难受<img alt=""[悲伤]"" title=""[悲伤]"" src=""https://face.t.sinajs.cn/t4/appstyle/expression/ext/normal/ee/2018new_beishang_org.png"" />",0,0
,4797718813218929,Mon Aug 01 18:12:45 +0800 2022,阎小岩2012,https://weibo.com//u/1632620764,为何都骂得那么温柔,0,0
,4797716372917246,Mon Aug 01 18:03:03 +0800 2022,OH-My-Dear_璇仔,https://weibo.com//u/1851597547,我就想知道判几年,0,0
,4797715806424628,Mon Aug 01 18:00:48 +0800 2022,宇宙保护废物,https://weibo.com//u/1460849571,这种颜色的变异娃娃鱼，肯定是人工养殖的。因为野外这个皮肤根本活不到长成这么大……而且现在吃养殖娃娃鱼～～不违法的吧,0,0
,4797714095936144,Mon Aug 01 17:54:00 +0800 2022,當波波遇上bb機-L,https://weibo.com//u/6102708472,"我觉得好恐怖啊 她不仅摸了还抱<img alt=""[衰]"" title=""[衰]"" src=""https://face.t.sinajs.cn/t4/appstyle/expression/ext/normal/a2/2018new_shuai_org.png"" /><img alt=""[衰]"" title=""[衰]"" src=""https://face.t.sinajs.cn/t4/appstyle/expression/ext/normal/a2/2018new_shuai_org.png"" /><img alt=""[衰]"" title=""[衰]"" src=""https://face.t.sinajs.cn/t4/appstyle/expression/ext/normal/a2/2018new_shuai_org.png"" />",0,0
,4797713138583450,Mon Aug 01 17:50:12 +0800 2022,小宝xinxin,https://weibo.com//u/1765594164,人才,0,0
,4797711162807536,Mon Aug 01 17:42:21 +0800 2022,清笙s,https://weibo.com//u/5390331395,这都能下得去口,0,0
,4797710307167316,Mon Aug 01 17:38:57 +0800 2022,财宝羊羊,https://weibo.com//u/6207718352,"有点好奇，她搞这搞那，是怎么保持白衬衫干净的<img alt=""[吐]"" title=""[吐]"" src=""https://face.t.sinajs.cn/t4/appstyle/expression/ext/normal/08/2018new_tu_org.png"" />",0,0
,4797710269681443,Mon Aug 01 17:38:48 +0800 2022,Sevenpetals_07152202,https://weibo.com//u/7549471345,之前看过她，经常吃一些不太常见的动物，当时还不太清楚这些是稀有动物,0,0
,4797710236652001,Mon Aug 01 17:38:40 +0800 2022,我心情很复杂198706,https://weibo.com//u/7530144978,"女人真可怕<img alt=""[泪]"" title=""[泪]"" src=""https://face.t.sinajs.cn/t4/appstyle/expression/ext/normal/6e/2018new_leimu_org.png"" />",0,1
4797710236652001.0,4797990977406004,Tue Aug 02 12:14:13 +0800 2022,片寄撩太de迷妹,https://weibo.com//u/6561890122,她可怕   这种活泼可爱的最可怕   不会说话闭上你的嘴,0,0
,4797709699776996,Mon Aug 01 17:36:31 +0800 2022,猕猴桃狂热爱好者,https://weibo.com//u/3822773876,娃娃鱼太可怜了,0,0
,4797709334353715,Mon Aug 01 17:35:05 +0800 2022,猕猴桃狂热爱好者,https://weibo.com//u/3822773876,太可怜了,0,0
,4797708977573430,Mon Aug 01 17:33:40 +0800 2022,猕猴桃狂热爱好者,https://weibo.com//u/3822773876,这有什么好吃的啊？？？怎么什么都吃啊？？？？？无语,0,0
,4797708785157332,Mon Aug 01 17:32:53 +0800 2022,您的福气在后头,https://weibo.com//u/7721433770,"<img alt=""[黑线]"" title=""[黑线]"" src=""https://face.t.sinajs.cn/t4/appstyle/expression/ext/normal/a3/2018new_heixian_org.png"" />",0,0
,4797708759469956,Mon Aug 01 17:32:48 +0800 2022,您的福气在后头,https://weibo.com//u/7721433770,"<img alt=""[费解]"" title=""[费解]"" src=""https://face.t.sinajs.cn/t4/appstyle/expression/ext/normal/2a/2018new_wenhao_org.png"" />",0,0
,4797708693668252,Mon Aug 01 17:32:31 +0800 2022,兮欤徐,https://weibo.com//u/5675617453,她不说话是不是就会死  这嘴咋一会也不停,0,0
,4797708407146401,Mon Aug 01 17:31:24 +0800 2022,雪山无尘的迷声,https://weibo.com//u/3261546914,为了流量不择手段，啥你都敢吃，服了，那长那么大容易嘛,1,0
,4797707023031668,Mon Aug 01 17:25:54 +0800 2022,星空邮递,https://weibo.com//u/5906005893,"这么大的娃娃鱼感觉都有灵性了<img alt=""[哆啦A梦害怕]"" title=""[哆啦A梦害怕]"" src=""https://face.t.sinajs.cn/t4/appstyle/expression/ext/normal/c7/dorahaipa_org.gif"" />",0,0
,4797706155853576,Mon Aug 01 17:22:27 +0800 2022,爽三三,https://weibo.com//u/6386896271,感觉她在自作孽,0,0
,4797705257485659,Mon Aug 01 17:18:52 +0800 2022,真吾父a,https://weibo.com//u/5352137614,好尬,0,0
,4797704226736223,Mon Aug 01 17:14:46 +0800 2022,锋止-,https://weibo.com//u/5742274923,上次吃野生鲨鱼硬说养殖的是不是这个人？,0,0
,4797704108251302,Mon Aug 01 17:14:19 +0800 2022,一z-,https://weibo.com//u/5400822759,不是已经封了,0,0
,4797704091992413,Mon Aug 01 17:14:14 +0800 2022,Toki_小桃子,https://weibo.com//u/3186960704,什么人才喜欢看这种主播啊？,0,0
,4797702665933673,Mon Aug 01 17:08:35 +0800 2022,大大大大宵,https://weibo.com//u/3613131603,<a href=/n/R4kujitsu>@R4kujitsu</a>,0,0
,4797702569986352,Mon Aug 01 17:08:11 +0800 2022,Xoe-SUGA,https://weibo.com//u/7728405654,好恐怖田娜,0,0
,4797702447566782,Mon Aug 01 17:07:43 +0800 2022,甫枇杷,https://weibo.com//u/5849350575,这要是男生早就被喷娘了。,0,0
,4797702259345794,Mon Aug 01 17:06:58 +0800 2022,如此多娇1991,https://weibo.com//u/5140852919,这个女人真是美丽面孔下的恶魔,2,0
,4797701601104501,Mon Aug 01 17:04:21 +0800 2022,ZITAO韬哥,https://weibo.com//u/5948493639,吱哇乱叫,0,0
,4797701444865135,Mon Aug 01 17:03:44 +0800 2022,木讷的云,https://weibo.com//u/6090565993,不懂就问，这是癫痫病吗,0,0
,4797700928701591,Mon Aug 01 17:01:40 +0800 2022,374dream,https://weibo.com//u/6575866047,"这怎么下的去口？？？？<img alt=""[微笑]"" title=""[微笑]"" src=""https://face.t.sinajs.cn/t4/appstyle/expression/ext/normal/e3/2018new_weixioa02_org.png"" />",0,0
,4797699909488975,Mon Aug 01 16:57:38 +0800 2022,水良的世界,https://weibo.com//u/2396254675,吵得要死,0,0
,4797698832073605,Mon Aug 01 16:53:20 +0800 2022,口口厂敢,https://weibo.com//u/1738554163,全部带走,0,0
,4797698735868882,Mon Aug 01 16:52:58 +0800 2022,老王大娘-,https://weibo.com//u/5149072763,我感觉吃粑粑应该看的人比吃珍稀动物多，各大网红要不试一试,0,0
,4797698367033713,Mon Aug 01 16:51:30 +0800 2022,久未平复,https://weibo.com//u/6366695898,生理不适,0,0
,4797698304381674,Mon Aug 01 16:51:15 +0800 2022,icebear119,https://weibo.com//u/3361890544,这女人是男人变的么,0,1
4797698304381674.0,4797699855748687,Mon Aug 01 16:57:25 +0800 2022,她其实蛮好的,https://weibo.com//u/7769079789,"开除女籍<img alt=""[太开心]"" title=""[太开心]"" src=""https://face.t.sinajs.cn/t4/appstyle/expression/ext/normal/1e/2018new_taikaixin_org.png"" />",0,0
,4797698093615147,Mon Aug 01 16:50:25 +0800 2022,寒夜危凉,https://weibo.com//u/2752530170,有一个算一个，全部关进去,0,0
,4797698064255578,Mon Aug 01 16:50:18 +0800 2022,Niyannan_baby,https://weibo.com//u/2773511343,人类真残忍 好好的不吃 什么都吃,1,0
,4797697925844960,Mon Aug 01 16:49:45 +0800 2022,寒夜危凉,https://weibo.com//u/2752530170,一人害死一个村子的,0,0
,4797696889592304,Mon Aug 01 16:45:38 +0800 2022,Naenana,https://weibo.com//u/7518228302,"<img alt=""[费解]"" title=""[费解]"" src=""https://face.t.sinajs.cn/t4/appstyle/expression/ext/normal/2a/2018new_wenhao_org.png"" />",0,0
,4798542025590743,Thu Aug 04 00:43:54 +0800 2022,简露Jamie,https://weibo.com//u/2320560841,<a href=/n/乐活2022199505>@乐活2022199505</a> 看视频下的评论,0,0
,4798378120315678,Wed Aug 03 13:52:35 +0800 2022,毕竟网络7,https://weibo.com//u/7746997711,这也太刑了,0,0
,4798140986949919,Tue Aug 02 22:10:18 +0800 2022,46只小恐龙,https://weibo.com//u/5117072587,<a href=/n/HsmH777>@HsmH777</a>,0,0
