﻿parent_comment_id,comment_id,comment_time,comment_user_name,comment_user_link,comment_content,comment_like_num,child_comment_num
,4797716766917638,Mon Aug 01 18:04:36 +0800 2022,街口清风,https://weibo.com//u/3060591255,"<img alt=""[心]"" title=""[心]"" src=""https://face.t.sinajs.cn/t4/appstyle/expression/ext/normal/8a/2018new_xin_org.png"" /><img alt=""[心]"" title=""[心]"" src=""https://face.t.sinajs.cn/t4/appstyle/expression/ext/normal/8a/2018new_xin_org.png"" /><img alt=""[心]"" title=""[心]"" src=""https://face.t.sinajs.cn/t4/appstyle/expression/ext/normal/8a/2018new_xin_org.png"" />",0,0
,4797628619948051,Mon Aug 01 12:14:20 +0800 2022,魅力水乡新溪口,https://weibo.com//u/5538357221,"<img alt=""[心]"" title=""[心]"" src=""https://face.t.sinajs.cn/t4/appstyle/expression/ext/normal/8a/2018new_xin_org.png"" /><img alt=""[心]"" title=""[心]"" src=""https://face.t.sinajs.cn/t4/appstyle/expression/ext/normal/8a/2018new_xin_org.png"" />",0,0
,4797598043473971,Mon Aug 01 10:12:51 +0800 2022,把爱情当义气,https://weibo.com//u/5579721862,"<img alt=""[话筒]"" title=""[话筒]"" src=""https://face.t.sinajs.cn/t4/appstyle/expression/ext/normal/48/2018new_huatong_org.png"" />",0,0
,4797584101347037,Mon Aug 01 09:17:27 +0800 2022,昌溪本溪,https://weibo.com//u/6536474161,"<img alt=""[话筒]"" title=""[话筒]"" src=""https://face.t.sinajs.cn/t4/appstyle/expression/ext/normal/48/2018new_huatong_org.png"" />",0,0
,4797714996662548,Mon Aug 01 17:57:35 +0800 2022,凯风梓里,https://weibo.com//u/7598906358,"<img alt=""[话筒]"" title=""[话筒]"" src=""https://face.t.sinajs.cn/t4/appstyle/expression/ext/normal/48/2018new_huatong_org.png"" />",0,0
,4797606318052454,Mon Aug 01 10:45:44 +0800 2022,啊呀吴小小小琼啊,https://weibo.com//u/5186047688,"<img alt=""[话筒]"" title=""[话筒]"" src=""https://face.t.sinajs.cn/t4/appstyle/expression/ext/normal/48/2018new_huatong_org.png"" />",0,0
,4797605399759179,Mon Aug 01 10:42:05 +0800 2022,猛男编花篮,https://weibo.com//u/7747815487,"<img alt=""[话筒]"" title=""[话筒]"" src=""https://face.t.sinajs.cn/t4/appstyle/expression/ext/normal/48/2018new_huatong_org.png"" />",0,0
,4797604954904752,Mon Aug 01 10:40:19 +0800 2022,gogo唯爱_1987,https://weibo.com//u/6004056270,"<img alt=""[话筒]"" title=""[话筒]"" src=""https://face.t.sinajs.cn/t4/appstyle/expression/ext/normal/48/2018new_huatong_org.png"" />",0,0
,4797604477272779,Mon Aug 01 10:38:24 +0800 2022,一只小猫成了精,https://weibo.com//u/6062171142,"<img alt=""[话筒]"" title=""[话筒]"" src=""https://face.t.sinajs.cn/t4/appstyle/expression/ext/normal/48/2018new_huatong_org.png"" />",0,0
,4797603893482519,Mon Aug 01 10:36:06 +0800 2022,倾城之秀zxz,https://weibo.com//u/5703880799,"<img alt=""[话筒]"" title=""[话筒]"" src=""https://face.t.sinajs.cn/t4/appstyle/expression/ext/normal/48/2018new_huatong_org.png"" />",0,0
,4797590384152796,Mon Aug 01 09:42:25 +0800 2022,徽城清风,https://weibo.com//u/7621491020,"<img alt=""[微风]"" title=""[微风]"" src=""https://face.t.sinajs.cn/t4/appstyle/expression/ext/normal/c7/2018new_weifeng_thumb.png"" />",0,0
,4797587574228184,Mon Aug 01 09:31:15 +0800 2022,凯风徽城,https://weibo.com//u/7575713658,"<img alt=""[微风]"" title=""[微风]"" src=""https://face.t.sinajs.cn/t4/appstyle/expression/ext/normal/c7/2018new_weifeng_thumb.png"" /><img alt=""[微风]"" title=""[微风]"" src=""https://face.t.sinajs.cn/t4/appstyle/expression/ext/normal/c7/2018new_weifeng_thumb.png"" />",0,0
,4797606884283986,Mon Aug 01 10:47:59 +0800 2022,体贴的鹿人甲,https://weibo.com//u/6245026197,"<img alt=""[话筒]"" title=""[话筒]"" src=""https://face.t.sinajs.cn/t4/appstyle/expression/ext/normal/48/2018new_huatong_org.png"" />",0,0
,4797601285935293,Mon Aug 01 10:25:44 +0800 2022,岔口托儿索,https://weibo.com//u/6363211756,"<img alt=""[加油]"" title=""[加油]"" src=""https://face.t.sinajs.cn/t4/appstyle/expression/ext/normal/9f/2018new_jiayou_org.png"" />",0,0
,4797596185658321,Mon Aug 01 10:05:28 +0800 2022,我在洪琴晒太阳,https://weibo.com//u/7734838568,"<img alt=""[话筒]"" title=""[话筒]"" src=""https://face.t.sinajs.cn/t4/appstyle/expression/ext/normal/48/2018new_huatong_org.png"" />",0,0
,4797603457270042,Mon Aug 01 10:34:21 +0800 2022,江油公安,https://weibo.com//u/1919769503,"<img alt=""[话筒]"" title=""[话筒]"" src=""https://face.t.sinajs.cn/t4/appstyle/expression/ext/normal/48/2018new_huatong_org.png"" /><img alt=""[话筒]"" title=""[话筒]"" src=""https://face.t.sinajs.cn/t4/appstyle/expression/ext/normal/48/2018new_huatong_org.png"" />",0,0
,4797615936637182,Mon Aug 01 11:23:57 +0800 2022,溪头长风,https://weibo.com//u/5838220636,"<img alt=""[话筒]"" title=""[话筒]"" src=""https://face.t.sinajs.cn/t4/appstyle/expression/ext/normal/48/2018new_huatong_org.png"" /><img alt=""[话筒]"" title=""[话筒]"" src=""https://face.t.sinajs.cn/t4/appstyle/expression/ext/normal/48/2018new_huatong_org.png"" />",1,0
,4797607119948101,Mon Aug 01 10:48:55 +0800 2022,无敌美少女壮士201310,https://weibo.com//u/7745774900,"<img alt=""[话筒]"" title=""[话筒]"" src=""https://face.t.sinajs.cn/t4/appstyle/expression/ext/normal/48/2018new_huatong_org.png"" />",0,0
,4797605852480664,Mon Aug 01 10:43:52 +0800 2022,靓仔咯2022,https://weibo.com//u/7747699490,"<img alt=""[话筒]"" title=""[话筒]"" src=""https://face.t.sinajs.cn/t4/appstyle/expression/ext/normal/48/2018new_huatong_org.png"" />",0,0
,4797598957044438,Mon Aug 01 10:16:28 +0800 2022,团子和馒头1930,https://weibo.com//u/7743693472,"<img alt=""[话筒]"" title=""[话筒]"" src=""https://face.t.sinajs.cn/t4/appstyle/expression/ext/normal/48/2018new_huatong_org.png"" />",0,0
,4797598957046095,Mon Aug 01 10:16:28 +0800 2022,狮石清韵,https://weibo.com//u/7368710068,转发微博,0,0
,4797598583754006,Mon Aug 01 10:15:00 +0800 2022,发呆的大鲸鱼,https://weibo.com//u/7743450711,"<img alt=""[话筒]"" title=""[话筒]"" src=""https://face.t.sinajs.cn/t4/appstyle/expression/ext/normal/48/2018new_huatong_org.png"" />",0,0
,4797591344121873,Mon Aug 01 09:46:14 +0800 2022,光之追逐者,https://weibo.com//u/5501142552,"<img alt=""[笑而不语]"" title=""[笑而不语]"" src=""https://face.t.sinajs.cn/t4/appstyle/expression/ext/normal/2d/2018new_xiaoerbuyu_org.png"" />",0,0
,4797582763362584,Mon Aug 01 09:12:08 +0800 2022,lalalalala0107,https://weibo.com//u/6331257304,"<img alt=""[话筒]"" title=""[话筒]"" src=""https://face.t.sinajs.cn/t4/appstyle/expression/ext/normal/48/2018new_huatong_org.png"" />",0,0
,4797792080626934,Mon Aug 01 23:03:52 +0800 2022,北岸正风,https://weibo.com//u/7324572695,"<img alt=""[话筒]"" title=""[话筒]"" src=""https://face.t.sinajs.cn/t4/appstyle/expression/ext/normal/48/2018new_huatong_org.png"" />",0,0
,4797685024425620,Mon Aug 01 15:58:29 +0800 2022,雄村怪兽队长,https://weibo.com//u/7726283093,"<img alt=""[话筒]"" title=""[话筒]"" src=""https://face.t.sinajs.cn/t4/appstyle/expression/ext/normal/48/2018new_huatong_org.png"" />",0,0
,4797616469314746,Mon Aug 01 11:26:04 +0800 2022,溪头FXJ,https://weibo.com//u/7573041186,"<img alt=""[围观]"" title=""[围观]"" src=""https://face.t.sinajs.cn/t4/appstyle/expression/ext/normal/6c/2018new_weiguan_org.png"" /><img alt=""[围观]"" title=""[围观]"" src=""https://face.t.sinajs.cn/t4/appstyle/expression/ext/normal/6c/2018new_weiguan_org.png"" />",1,0
,4797616179644463,Mon Aug 01 11:24:55 +0800 2022,歙县岔口,https://weibo.com//u/7517264301,"<img alt=""[雪糕护卫]"" title=""[雪糕护卫]"" src=""https://face.t.sinajs.cn/t4/appstyle/expression/ext/normal/58/2022_IceCreamGuard_org.png"" />",0,0
,4797595937148396,Mon Aug 01 10:04:29 +0800 2022,胡潇1218,https://weibo.com//u/7592573849,"<img alt=""[微风]"" title=""[微风]"" src=""https://face.t.sinajs.cn/t4/appstyle/expression/ext/normal/c7/2018new_weifeng_thumb.png"" /><img alt=""[微风]"" title=""[微风]"" src=""https://face.t.sinajs.cn/t4/appstyle/expression/ext/normal/c7/2018new_weifeng_thumb.png"" /><img alt=""[话筒]"" title=""[话筒]"" src=""https://face.t.sinajs.cn/t4/appstyle/expression/ext/normal/48/2018new_huatong_org.png"" />",0,0
,4797587696391068,Mon Aug 01 09:31:44 +0800 2022,北岸正风,https://weibo.com//u/7324572695,"<img alt=""[话筒]"" title=""[话筒]"" src=""https://face.t.sinajs.cn/t4/appstyle/expression/ext/normal/48/2018new_huatong_org.png"" />",0,0
