﻿parent_comment_id,comment_id,comment_time,comment_user_name,comment_user_link,comment_content,comment_like_num,child_comment_num
,4798065657780375,Tue Aug 02 17:10:59 +0800 2022,-冬酿芽芽-,https://weibo.com//u/7382556534,"一点食欲都没有<img alt=""[左哼哼]"" title=""[左哼哼]"" src=""https://face.t.sinajs.cn/t4/appstyle/expression/ext/normal/43/2018new_zuohengheng_org.png"" />感觉她没有人性",0,0
,4797595728479613,Mon Aug 01 10:03:39 +0800 2022,踏雪寻MZYN,https://weibo.com//u/7222268629,"我也是，每次看他吃东西的时候，眉头都皱紧了<img alt=""[吐]"" title=""[吐]"" src=""https://face.t.sinajs.cn/t4/appstyle/expression/ext/normal/08/2018new_tu_org.png"" />",1,1
4797595728479613.0,4797610739896990,Mon Aug 01 11:03:18 +0800 2022,河豚吖httttt,https://weibo.com//u/5750619478,"看着真的很难受<img alt=""[衰]"" title=""[衰]"" src=""https://face.t.sinajs.cn/t4/appstyle/expression/ext/normal/a2/2018new_shuai_org.png"" />",1,0
,4797586006081551,Mon Aug 01 09:25:00 +0800 2022,我是周老板媳妇儿,https://weibo.com//u/7458708043,"真的是为了火什么都干的出来，丢四川人的脸<img alt=""[衰]"" title=""[衰]"" src=""https://face.t.sinajs.cn/t4/appstyle/expression/ext/normal/a2/2018new_shuai_org.png"" />",1,1
4797586006081551.0,4797610684319500,Mon Aug 01 11:03:05 +0800 2022,河豚吖httttt,https://weibo.com//u/5750619478,真的好过分,1,0
,4797584257060300,Mon Aug 01 09:18:04 +0800 2022,穆YISHUN,https://weibo.com//u/7539736222,"<img alt=""[吐]"" title=""[吐]"" src=""https://face.t.sinajs.cn/t4/appstyle/expression/ext/normal/08/2018new_tu_org.png"" /><img alt=""[吐]"" title=""[吐]"" src=""https://face.t.sinajs.cn/t4/appstyle/expression/ext/normal/08/2018new_tu_org.png"" /><img alt=""[吐]"" title=""[吐]"" src=""https://face.t.sinajs.cn/t4/appstyle/expression/ext/normal/08/2018new_tu_org.png"" /><img alt=""[吐]"" title=""[吐]"" src=""https://face.t.sinajs.cn/t4/appstyle/expression/ext/normal/08/2018new_tu_org.png"" /><img alt=""[吐]"" title=""[吐]"" src=""https://face.t.sinajs.cn/t4/appstyle/expression/ext/normal/08/2018new_tu_org.png"" /><img alt=""[吐]"" title=""[吐]"" src=""https://face.t.sinajs.cn/t4/appstyle/expression/ext/normal/08/2018new_tu_org.png"" />真的有这种人<img alt=""[吐]"" title=""[吐]"" src=""https://face.t.sinajs.cn/t4/appstyle/expression/ext/normal/08/2018new_tu_org.png"" /><img alt=""[吐]"" title=""[吐]"" src=""https://face.t.sinajs.cn/t4/appstyle/expression/ext/normal/08/2018new_tu_org.png"" /><img alt=""[吐]"" title=""[吐]"" src=""https://face.t.sinajs.cn/t4/appstyle/expression/ext/normal/08/2018new_tu_org.png"" /><img alt=""[吐]"" title=""[吐]"" src=""https://face.t.sinajs.cn/t4/appstyle/expression/ext/normal/08/2018new_tu_org.png"" /><img alt=""[吐]"" title=""[吐]"" src=""https://face.t.sinajs.cn/t4/appstyle/expression/ext/normal/08/2018new_tu_org.png"" /><img alt=""[吐]"" title=""[吐]"" src=""https://face.t.sinajs.cn/t4/appstyle/expression/ext/normal/08/2018new_tu_org.png"" />",1,1
4797584257060300.0,4797584340945698,Mon Aug 01 09:18:24 +0800 2022,河豚吖httttt,https://weibo.com//u/5750619478,"额啊啊啊<img alt=""[衰]"" title=""[衰]"" src=""https://face.t.sinajs.cn/t4/appstyle/expression/ext/normal/a2/2018new_shuai_org.png"" /><img alt=""[衰]"" title=""[衰]"" src=""https://face.t.sinajs.cn/t4/appstyle/expression/ext/normal/a2/2018new_shuai_org.png"" />",2,0
