﻿parent_comment_id,comment_id,comment_time,comment_user_name,comment_user_link,comment_content,comment_like_num,child_comment_num
,4797553763683041,Mon Aug 01 07:16:54 +0800 2022,作家黄伟文,https://weibo.com//u/1879597410,网鸡,0,0
,4797549863501898,Mon Aug 01 07:01:23 +0800 2022,bj乐山,https://weibo.com//u/6379316834,渠道的相关人员抓了么？,0,0
,4797544657585647,Mon Aug 01 06:40:43 +0800 2022,番茄蛋汤_123,https://weibo.com//u/2571556044,"<img alt=""[嘻嘻]"" title=""[嘻嘻]"" src=""https://face.t.sinajs.cn/t4/appstyle/expression/ext/normal/33/2018new_xixi_org.png"" />",0,0
,4797493696790597,Mon Aug 01 03:18:12 +0800 2022,优价君,https://weibo.com//u/5614930734,"一堆人要跟着坐牢<img alt=""[doge]"" title=""[doge]"" src=""https://face.t.sinajs.cn/t4/appstyle/expression/ext/normal/a1/2018new_doge02_org.png"" />",0,0
,4797492102955267,Mon Aug 01 03:11:53 +0800 2022,啦啦啦哈哈哈加油1984,https://weibo.com//u/7504020583,"小仙女，真可爱<img alt=""[允悲]"" title=""[允悲]"" src=""https://face.t.sinajs.cn/t4/appstyle/expression/ext/normal/83/2018new_kuxiao_org.png"" /><img alt=""[允悲]"" title=""[允悲]"" src=""https://face.t.sinajs.cn/t4/appstyle/expression/ext/normal/83/2018new_kuxiao_org.png"" />",0,0
,4797475594175717,Mon Aug 01 02:06:17 +0800 2022,-天冷,https://weibo.com//u/3319867695,如果她确实不知道是保护动物，那么在刑法上是无罪的。,1,0
,4797469278078068,Mon Aug 01 01:41:11 +0800 2022,哦米叔叔,https://weibo.com//u/2043844735,卖鱼的商家也脱不开干系吧,0,1
4797469278078068.0,4797572713025991,Mon Aug 01 08:32:12 +0800 2022,名字不宜取太长,https://weibo.com//u/1593633120,她自己带来的 摆拍,0,0
,4797458096064456,Mon Aug 01 00:56:45 +0800 2022,隔墙守候阳光,https://weibo.com//u/7463155755,"五年应该有了<img alt=""[二哈]"" title=""[二哈]"" src=""https://face.t.sinajs.cn/t4/appstyle/expression/ext/normal/22/2018new_erha_org.png"" />",0,0
,4797455743058734,Mon Aug 01 00:47:24 +0800 2022,lch46,https://weibo.com//u/1834434103,越来越多的巾帼风采,0,0
,4797453985648072,Mon Aug 01 00:40:25 +0800 2022,小懒懒懒岚,https://weibo.com//u/1708928195,收拾什么东西？她那不存在的脑子吗？,0,0
,4797452970104074,Mon Aug 01 00:36:23 +0800 2022,putaoyouzi,https://weibo.com//u/3308123795,自己给自己作死,0,0
,4797447778081399,Mon Aug 01 00:15:45 +0800 2022,伊尹子牙呀,https://weibo.com//u/2216273755,不是她一个人坐牢,0,0
,4797445839523263,Mon Aug 01 00:08:03 +0800 2022,至真斋主,https://weibo.com//u/1324946005,"网红为了流量也够拼的，把自己拼进去了<img alt=""[哈哈]"" title=""[哈哈]"" src=""https://face.t.sinajs.cn/t4/appstyle/expression/ext/normal/8f/2018new_haha_org.png"" />",0,0
,4797443117418545,Sun Jul 31 23:57:13 +0800 2022,小藤月衣,https://weibo.com//u/6263145911,问题是，她从什么渠道得到的国家保护动物鲨鱼，盗猎者那？抓起来，问问渠道，抓住那些偷猎者！,0,1
4797443117418545.0,4797447106729402,Mon Aug 01 00:13:05 +0800 2022,高楼文化视角,https://weibo.com//u/1338510435,一窝端,0,0
,4797437842294100,Sun Jul 31 23:36:16 +0800 2022,百慕大上的风,https://weibo.com//u/1937156780,有些网红为了流量真是不折手段，该！,0,0
,4797436759376139,Sun Jul 31 23:31:57 +0800 2022,没肺没心12,https://weibo.com//u/6857859673,这下估计五年起步,0,0
,4797436415705178,Sun Jul 31 23:30:35 +0800 2022,Z写真,https://weibo.com//u/1009943742,小女孩坐牢，你真没必要幸灾乐祸。怎么出来的无知无畏的操行，真该反思,0,0
,4797435702156628,Sun Jul 31 23:27:46 +0800 2022,名字不宜取太长,https://weibo.com//u/1593633120,这腿不踩缝纫机 可惜了,0,0
,4797435275384793,Sun Jul 31 23:26:04 +0800 2022,炸广岛的小男孩,https://weibo.com//u/1633498037,"法律史上第一个因为吃了尿而坐牢的女网红！！！<img alt=""[允悲]"" title=""[允悲]"" src=""https://face.t.sinajs.cn/t4/appstyle/expression/ext/normal/83/2018new_kuxiao_org.png"" />",0,0
,4797434670612613,Sun Jul 31 23:23:39 +0800 2022,谈燕琴,https://weibo.com//u/7481583288,"赶紧收拾！太恶心了！看到她就想到浮夸两字！为什么随便一个人都能成为“网红”？传递的都是什么玩意？<img alt=""[哼]"" title=""[哼]"" src=""https://face.t.sinajs.cn/t4/appstyle/expression/ext/normal/7c/2018new_heng_org.png"" /><img alt=""[哼]"" title=""[哼]"" src=""https://face.t.sinajs.cn/t4/appstyle/expression/ext/normal/7c/2018new_heng_org.png"" /><img alt=""[哼]"" title=""[哼]"" src=""https://face.t.sinajs.cn/t4/appstyle/expression/ext/normal/7c/2018new_heng_org.png"" />",1,0
,4797434452251968,Sun Jul 31 23:22:48 +0800 2022,当初豪言成笑谈,https://weibo.com//u/1685339013,"有判头了<img alt=""[吃瓜]"" title=""[吃瓜]"" src=""https://face.t.sinajs.cn/t4/appstyle/expression/ext/normal/01/2018new_chigua_org.png"" />",0,0
,4797434288408351,Sun Jul 31 23:22:09 +0800 2022,Nananokoo,https://weibo.com//u/3477277773,哪里来的鲨鱼啊,0,0
,4797433906729051,Sun Jul 31 23:20:38 +0800 2022,繁华不再凋谢,https://weibo.com//u/6532613440,"所谓正规渠道，就是菜市场鱼档老板，菜市场能卖就是正规渠道<img alt=""[doge]"" title=""[doge]"" src=""https://face.t.sinajs.cn/t4/appstyle/expression/ext/normal/a1/2018new_doge02_org.png"" />",0,0
,4797433705661867,Sun Jul 31 23:19:49 +0800 2022,jiataijoanna,https://weibo.com//u/1748390293,"大快人心<img alt=""[哈哈]"" title=""[哈哈]"" src=""https://face.t.sinajs.cn/t4/appstyle/expression/ext/normal/8f/2018new_haha_org.png"" /><img alt=""[哈哈]"" title=""[哈哈]"" src=""https://face.t.sinajs.cn/t4/appstyle/expression/ext/normal/8f/2018new_haha_org.png"" />",0,0
,4797433369857292,Sun Jul 31 23:18:30 +0800 2022,帘卷西风AM,https://weibo.com//u/1505855897,这张躺下的图像具尸体,0,0
,4797432984505027,Sun Jul 31 23:16:58 +0800 2022,名字不宜取太长,https://weibo.com//u/1593633120,五年起步,0,0
,4797432469393764,Sun Jul 31 23:14:55 +0800 2022,刚抑菌8849,https://weibo.com//u/1570725565,让她去监狱踩缝纫机一万年,0,0
,4797432447111041,Sun Jul 31 23:14:50 +0800 2022,蕚木韡韡,https://weibo.com//u/1897880484,小文哥可全网首吃不少新奇的海鲜，不知道有没有濒危物种,0,0
,4797431953495817,Sun Jul 31 23:12:52 +0800 2022,天行hero,https://weibo.com//u/6692128317,"背后还有公司，一起追究法律责任。<img alt=""[太开心]"" title=""[太开心]"" src=""https://face.t.sinajs.cn/t4/appstyle/expression/ext/normal/1e/2018new_taikaixin_org.png"" />",0,0
,4797430799800173,Sun Jul 31 23:08:17 +0800 2022,內个-萌哒哒,https://weibo.com//u/2139643713,四川美食博主拍摄好像都是这样的风格，难道她们都是一个公司在运作,0,0
,4797430573304822,Sun Jul 31 23:07:22 +0800 2022,由布雪下,https://weibo.com//u/3399344334,嘬到头了,0,0
,4797430513799489,Sun Jul 31 23:07:09 +0800 2022,会飞的壹只蜗牛,https://weibo.com//u/6552635253,鲨鱼肉不是一股尿味吗？这咋下口？,0,2
4797430513799489.0,4797431034937705,Sun Jul 31 23:09:12 +0800 2022,卡尔的旋律_284,https://weibo.com//u/2197027484,不是 但是肉食动物肉普遍有酸味是真的,0,0
4797430513799489.0,4797432171333789,Sun Jul 31 23:13:44 +0800 2022,会飞的壹只蜗牛,https://weibo.com//u/6552635253,"回复<a href=/n/卡尔的旋律_284>@卡尔的旋律_284</a>:鲨鱼会用皮肤来排泄，血液中也有尿素<img alt=""[汗]"" title=""[汗]"" src=""https://face.t.sinajs.cn/t4/appstyle/expression/ext/normal/28/2018new_han_org.png"" />因为鲨鱼的排泄系统独树一帜——泄殖腔",0,0
,4797430271578218,Sun Jul 31 23:06:11 +0800 2022,泡泡糖吃不吃,https://weibo.com//u/1731003951,渠道真的厉害了,0,0
,4797430144442338,Sun Jul 31 23:05:41 +0800 2022,Nsoshsms,https://weibo.com//u/7717284234,快点死,0,0
,4797430073659072,Sun Jul 31 23:05:24 +0800 2022,蘑菇只是个画画人,https://weibo.com//u/2395726084,牢底坐穿鱼,0,0
,4797430068941666,Sun Jul 31 23:05:23 +0800 2022,-zack-L,https://weibo.com//u/1995905443,<a href=/n/hello_chan>@hello_chan</a>,0,0
,4797430006551845,Sun Jul 31 23:05:08 +0800 2022,海的尽头是天边,https://weibo.com//u/1152040661,哈哈哈哈，活该,0,0
,4797429997901821,Sun Jul 31 23:05:06 +0800 2022,今天有没有又帅了,https://weibo.com//u/6343289051,互联网裁决,0,0
,4797429973256250,Sun Jul 31 23:05:00 +0800 2022,晓镇做题家2022,https://weibo.com//u/5872627553,"这个正规渠道别跟当年鸿茅药酒的豹骨从哪里买的到现在也不爆出来就好<img alt=""[doge]"" title=""[doge]"" src=""https://face.t.sinajs.cn/t4/appstyle/expression/ext/normal/a1/2018new_doge02_org.png"" />",0,0
,4797429076197818,Sun Jul 31 23:01:25 +0800 2022,大漠-紅柳,https://weibo.com//u/1747530340,挺好，打个样,0,0
,4797429067288055,Sun Jul 31 23:01:24 +0800 2022,Lucky7金泰坪,https://weibo.com//u/5316708650,<a href=/n/吃番茄的土豆->@吃番茄的土豆-</a>,1,2
4797429067288055.0,4797627327843700,Mon Aug 01 12:09:13 +0800 2022,Lucky7金泰坪,https://weibo.com//u/5316708650,回复<a href=/n/吃番茄的土豆->@吃番茄的土豆-</a>:对呀,0,0
4797429067288055.0,4797619413715889,Mon Aug 01 11:37:46 +0800 2022,吃番茄的土豆-,https://weibo.com//u/2075011454,活该吧,0,0
,4797428187012005,Sun Jul 31 22:57:54 +0800 2022,知堂门下,https://weibo.com//u/1778742467,不是要联系律师吗？,0,0
,4797428059871297,Sun Jul 31 22:57:24 +0800 2022,喝茶小花猫,https://weibo.com//u/7516488405,谁捕捞的？谁杀的？谁做成菜的？谁出售的？打击一个吃饭的食客？,0,0
,4797428022903336,Sun Jul 31 22:57:14 +0800 2022,呼呼呼呼吸Cream,https://weibo.com//u/1831114323,判几年？,1,0
,4797427749749463,Sun Jul 31 22:56:09 +0800 2022,秋风落叶落,https://weibo.com//u/6086544688,类似这样的白痴网红还有好多,1,0
,4797427380916247,Sun Jul 31 22:54:42 +0800 2022,荔枝味V,https://weibo.com//u/7164094288,"刑啊<img alt=""[doge]"" title=""[doge]"" src=""https://face.t.sinajs.cn/t4/appstyle/expression/ext/normal/a1/2018new_doge02_org.png"" />",1,0
,4797426953885575,Sun Jul 31 22:53:00 +0800 2022,踪隐影,https://weibo.com//u/3888928283,网络上千奇百怪的网红短视频，现在针对这一块也在清朗行动,2,0
,4797426672338299,Sun Jul 31 22:51:52 +0800 2022,淘气海鹞子,https://weibo.com//u/1196538497,"现在网红的文化水平越来越低了，简直毫无门槛<img alt=""[挖鼻]"" title=""[挖鼻]"" src=""https://face.t.sinajs.cn/t4/appstyle/expression/ext/normal/9a/2018new_wabi_thumb.png"" />需要整治和提升了！",5,1
4797426672338299.0,4797427411058822,Sun Jul 31 22:54:48 +0800 2022,欧佩蓉O,https://weibo.com//u/6590209367,对，毫无门槛,1,0
,4798306456440073,Wed Aug 03 09:07:50 +0800 2022,用户Mary7546,https://weibo.com//u/5715222788,"这女的看着就像有大病的年纪轻轻什么钱都敢赚赔了自己连家人都连累<img alt=""[心]"" title=""[心]"" src=""https://face.t.sinajs.cn/t4/appstyle/expression/ext/normal/8a/2018new_xin_org.png"" />应该在牢里反思一下自己以后的路该怎么走。",0,0
,4797643252826539,Mon Aug 01 13:12:29 +0800 2022,嘚嘚嘚芋圆奶茶,https://weibo.com//u/2116383621,《中华人民共和国刑法》第三百四十一条非法猎捕、杀害国家重点保护的珍贵、濒危野生动物的，或者非法收购、运输、出售国家重点保护的珍贵、濒危野生动物及其制品的，处五年以下有期徒刑或者拘役，并处罚金；情节严重的，处五年以上十年以下有期徒刑，并处罚金；,0,0
,4797609908634728,Mon Aug 01 11:00:00 +0800 2022,HxnnwqadYY,https://weibo.com//u/2283991301,真刑,0,0
,4797598042685613,Mon Aug 01 10:12:50 +0800 2022,心灵瑜伽0308,https://weibo.com//u/7385304680,"作大发了<img alt=""[坏笑]"" title=""[坏笑]"" src=""https://face.t.sinajs.cn/t4/appstyle/expression/ext/normal/4d/2018new_huaixiao_org.png"" />",0,0
,4797597191768633,Mon Aug 01 10:09:28 +0800 2022,龙门跳锦鲤,https://weibo.com//u/5534339856,"玩完了<img alt=""[允悲]"" title=""[允悲]"" src=""https://face.t.sinajs.cn/t4/appstyle/expression/ext/normal/83/2018new_kuxiao_org.png"" />",0,0
,4797586638638743,Mon Aug 01 09:27:32 +0800 2022,小甜鱼o,https://weibo.com//u/3966402347,"鹅抱歉，她俩躺一起，我还以为她俩互相残杀了hhh<img alt=""[裂开]"" title=""[裂开]"" src=""https://face.t.sinajs.cn/t4/appstyle/expression/ext/normal/1b/202011_liekai_org.png"" />",2,0
,4797584671772364,Mon Aug 01 09:19:43 +0800 2022,巡山人逝水流云,https://weibo.com//u/2510229660,"无知啊<img alt=""[二哈]"" title=""[二哈]"" src=""https://face.t.sinajs.cn/t4/appstyle/expression/ext/normal/22/2018new_erha_org.png"" />",0,0
,4797581479905782,Mon Aug 01 09:07:02 +0800 2022,wpxy大吉大利,https://weibo.com//u/5695030895,这些没有底线的博眼球的网红真让人无法忍受。,0,0
,4797578421469860,Mon Aug 01 08:54:52 +0800 2022,铭公子1314,https://weibo.com//u/5365423544,为了吸睛 流量 无下限，自己作死,0,0
,4797559794568002,Mon Aug 01 07:40:52 +0800 2022,KoKaKUgaWa,https://weibo.com//u/5186384593,正经的吃播不干，非要去吃牢饭,0,0
,4797555379274579,Mon Aug 01 07:23:19 +0800 2022,沐紫礼550,https://weibo.com//u/6299371930,恭喜,0,0
,4797545212282337,Mon Aug 01 06:42:55 +0800 2022,我心偏對你痴痴以醉,https://weibo.com//u/6573256150,无知的文盲法盲。,0,0
,4797545085403721,Mon Aug 01 06:42:25 +0800 2022,我心偏對你痴痴以醉,https://weibo.com//u/6573256150,咎由自取。,0,0
,4797523074220249,Mon Aug 01 05:14:57 +0800 2022,卉-Kandy,https://weibo.com//u/1599828051,这些无下限的网红该整治了,0,0
,4797515860279390,Mon Aug 01 04:46:16 +0800 2022,Cecile-233,https://weibo.com//u/5648681465,刑拘了吗,0,0
,4797479281492793,Mon Aug 01 02:20:56 +0800 2022,doctor-YYeco,https://weibo.com//u/1944323805,"到底能不能坐牢？<img alt=""[微笑]"" title=""[微笑]"" src=""https://face.t.sinajs.cn/t4/appstyle/expression/ext/normal/e3/2018new_weixioa02_org.png"" />不会拿钱摆平吧？",0,0
,4797475733636829,Mon Aug 01 02:06:50 +0800 2022,冬眠睡蛇,https://weibo.com//u/7515706724,去监狱度日如年去吧,0,0
,4797474885338364,Mon Aug 01 02:03:28 +0800 2022,海绵体之怒,https://weibo.com//u/1890578765,不错了进去体验人生,0,0
,4797471878283629,Mon Aug 01 01:51:31 +0800 2022,周伯通好哥们,https://weibo.com//u/3214403270,为了网红而涉嫌构成刑事犯罪了。涉嫌罪名：危害珍贵、濒危野生动物罪。犯本罪的，处五年以下有期徒刑或者拘役，并处罚金。,0,0
,4797470331111045,Mon Aug 01 01:45:22 +0800 2022,柚子蜜茶125,https://weibo.com//u/3868162509,"一网打尽一个团队<img alt=""[doge]"" title=""[doge]"" src=""https://face.t.sinajs.cn/t4/appstyle/expression/ext/normal/a1/2018new_doge02_org.png"" />",0,0
,4797469651371490,Mon Aug 01 01:42:40 +0800 2022,薯仔妈,https://weibo.com//u/5396745752,"挺好的网红举报太有用了<img alt=""[偷笑]"" title=""[偷笑]"" src=""https://face.t.sinajs.cn/t4/appstyle/expression/ext/normal/71/2018new_touxiao_org.png"" />",0,0
,4797468824831999,Mon Aug 01 01:39:23 +0800 2022,不止俊朗,https://weibo.com//u/5156254228,好,0,0
,4797467067156428,Mon Aug 01 01:32:24 +0800 2022,天生爱哔哔,https://weibo.com//u/7754950444,这种网红真是太多了,0,0
,4797460999046816,Mon Aug 01 01:08:17 +0800 2022,花随12,https://weibo.com//u/7710754181,"可以去吃清淡点了<img alt=""[doge]"" title=""[doge]"" src=""https://face.t.sinajs.cn/t4/appstyle/expression/ext/normal/a1/2018new_doge02_org.png"" />",0,0
,4797457806395677,Mon Aug 01 00:55:36 +0800 2022,超级蓝旗鱼,https://weibo.com//u/6791851809,这下玩完了！外面吃白鲨，进去让人插，乃的人生彻底碉堡了！,0,0
,4797457739023507,Mon Aug 01 00:55:19 +0800 2022,抬头钢炮,https://weibo.com//u/6015767579,鲨鱼最好吃就是皮 真的好吃,0,0
,4797427091245333,Sun Jul 31 22:53:33 +0800 2022,FreedomDive阿琪,https://weibo.com//u/5598063718,"正规渠道买的<img alt=""[doge]"" title=""[doge]"" src=""https://face.t.sinajs.cn/t4/appstyle/expression/ext/normal/a1/2018new_doge02_org.png"" />这个渠道也得收拾收拾了",936,10
4797427091245333.0,4797440270796874,Sun Jul 31 23:45:55 +0800 2022,亚特兰蒂斯第一咸鱼,https://weibo.com//u/1912080170,"这视频一看就是有团队的，团队全部抓走<img alt=""[兔子]"" title=""[兔子]"" src=""https://face.t.sinajs.cn/t4/appstyle/expression/ext/normal/c6/2018new_tuzi_org.png"" />",60,0
4797427091245333.0,4797438625847350,Sun Jul 31 23:39:23 +0800 2022,神奇小黑手,https://weibo.com//u/1700346423,"不是这个老板，就查查是哪个渠道<img alt=""[doge]"" title=""[doge]"" src=""https://face.t.sinajs.cn/t4/appstyle/expression/ext/normal/a1/2018new_doge02_org.png"" />总是买的，不信她自己下海抓",46,0
4797427091245333.0,4797446116352294,Mon Aug 01 00:09:09 +0800 2022,迷人的Dream,https://weibo.com//u/5780755054,"捕捞、买卖都违法了，吃的好像还好<img alt=""[挖鼻]"" title=""[挖鼻]"" src=""https://face.t.sinajs.cn/t4/appstyle/expression/ext/normal/9a/2018new_wabi_thumb.png"" />",8,0
4797427091245333.0,4797432347494077,Sun Jul 31 23:14:26 +0800 2022,90后优秀员工,https://weibo.com//u/7549183492,那个渠道说了，是这个提子自己带来的,52,0
4797427091245333.0,4797599686590627,Mon Aug 01 10:19:22 +0800 2022,想想有点困呢,https://weibo.com//u/7483433861,回复<a href=/n/以冬咚>@以冬咚</a>:我就是这个意思哈哈，他说那个提子带去的是冻货，不是他那儿的，得查那个女的在哪儿买的,0,0
4797427091245333.0,4797456962815426,Mon Aug 01 00:52:14 +0800 2022,云天卷,https://weibo.com//u/7760174046,回复<a href=/n/90后优秀员工>@90后优秀员工</a>:她总不可能自己去海里捞吧，不是那个场地卖的总是有购买渠道,1,0
4797427091245333.0,4797437963146250,Sun Jul 31 23:36:45 +0800 2022,记不住的那些事,https://weibo.com//u/7552307926,难道她自己从海里捞的？,2,0
4797427091245333.0,4797436083569900,Sun Jul 31 23:29:17 +0800 2022,以冬咚,https://weibo.com//u/5771142509,回复<a href=/n/想想有点困呢>@想想有点困呢</a>:之前不是说过了这个老板只是把场地提供给这个女的吗，鲨鱼不是从他那里来的,7,0
4797427091245333.0,4797434666163156,Sun Jul 31 23:23:39 +0800 2022,90后优秀员工,https://weibo.com//u/7549183492,回复<a href=/n/想想有点困呢>@想想有点困呢</a>:作死作到网上,13,0
4797427091245333.0,4797434506779132,Sun Jul 31 23:23:01 +0800 2022,想想有点困呢,https://weibo.com//u/7483433861,回复<a href=/n/90后优秀员工>@90后优秀员工</a>:那个老板他说是冻货，多半也是网上买的，也得查,36,0
,4797427342641563,Sun Jul 31 22:54:33 +0800 2022,小米大咖,https://weibo.com//u/2169306777,这下实锤啦，我看刑！,245,2
4797427342641563.0,4797590963489907,Mon Aug 01 09:44:43 +0800 2022,五十弦609,https://weibo.com//u/7397883170,"哗众取宠，就差吃人了。<img alt=""[吐]"" title=""[吐]"" src=""https://face.t.sinajs.cn/t4/appstyle/expression/ext/normal/08/2018new_tu_org.png"" />",0,0
4797427342641563.0,4797452835884267,Mon Aug 01 00:35:50 +0800 2022,副员级待遇工程师,https://weibo.com//u/7514093007,"我记得当初看她视频，吃鲨鱼时的妆容表情，令人恐怖，给人一种鬼的恐怖感觉<img alt=""[doge]"" title=""[doge]"" src=""https://face.t.sinajs.cn/t4/appstyle/expression/ext/normal/a1/2018new_doge02_org.png"" /><img alt=""[允悲]"" title=""[允悲]"" src=""https://face.t.sinajs.cn/t4/appstyle/expression/ext/normal/83/2018new_kuxiao_org.png"" />",1,0
,4797427275798865,Sun Jul 31 22:54:17 +0800 2022,著名哈哈怪,https://weibo.com//u/2163110900,这些无下限的网红，犯法就该抓,206,0
,4797426911156567,Sun Jul 31 22:52:50 +0800 2022,狡猾的猎物和高端的猎手,https://weibo.com//u/3100217515,坐牢啦,75,0
,4797428606439502,Sun Jul 31 22:59:34 +0800 2022,迪尔蔻诗黛,https://weibo.com//u/2633550221,国二能判几年？,34,22
4797428606439502.0,4797438680368012,Sun Jul 31 23:39:35 +0800 2022,硯之灬,https://weibo.com//u/2857394763,"她这属于情节比较严重的，最起码10年以上加罚款了<img alt=""[doge]"" title=""[doge]"" src=""https://face.t.sinajs.cn/t4/appstyle/expression/ext/normal/a1/2018new_doge02_org.png"" />",25,0
4797428606439502.0,4797431684534884,Sun Jul 31 23:11:48 +0800 2022,BlingDwenDwen,https://weibo.com//u/7743231868,非法猎捕、杀害国家重点保护的珍贵、濒危野生动物的，或者非法收购、运输、出售国家重点保护的珍贵、濒危野生动物及其制品的，处五年以下有期徒刑或者拘役，并处罚金;情节严重的，处五年以上十年以下有期徒刑，并处罚金;情节特别严重的，处十年以上有期徒刑，并处罚金或者没收财产。,19,0
4797428606439502.0,4797464266408588,Mon Aug 01 01:21:15 +0800 2022,碗碗连,https://weibo.com//u/5226233121,"太好了，给她十年。真的太心疼鲨鱼了，本来就濒危了，又少一条，太心痛了，<img alt=""[抓狂]"" title=""[抓狂]"" src=""https://face.t.sinajs.cn/t4/appstyle/expression/ext/normal/17/2018new_zhuakuang_org.png"" /><img alt=""[抓狂]"" title=""[抓狂]"" src=""https://face.t.sinajs.cn/t4/appstyle/expression/ext/normal/17/2018new_zhuakuang_org.png"" /><img alt=""[抓狂]"" title=""[抓狂]"" src=""https://face.t.sinajs.cn/t4/appstyle/expression/ext/normal/17/2018new_zhuakuang_org.png"" /><img alt=""[抓狂]"" title=""[抓狂]"" src=""https://face.t.sinajs.cn/t4/appstyle/expression/ext/normal/17/2018new_zhuakuang_org.png"" />",13,0
4797428606439502.0,4797601923205607,Mon Aug 01 10:28:16 +0800 2022,Pat哥哥,https://weibo.com//u/1957180055,"回复<a href=/n/机智的老橙子>@机智的老橙子</a>:应该是粉丝<img alt=""[笑cry]"" title=""[笑cry]"" src=""https://face.t.sinajs.cn/t4/appstyle/expression/ext/normal/4a/2018new_xiaoku_thumb.png"" />",1,0
4797428606439502.0,4797582632555222,Mon Aug 01 09:11:36 +0800 2022,机智的老橙子,https://weibo.com//u/3510954931,回复<a href=/n/-天冷>@-天冷</a>:哈哈哈哈哈，刑法里面推断都是根据已知和应知，我学过法律，对不起，你这种无知还应装的，自己编造起来倒是跟真的一样,6,0
4797428606439502.0,4797566687121518,Mon Aug 01 08:08:15 +0800 2022,XxxxxieyI,https://weibo.com//u/3904576459,"回复<a href=/n/-天冷>@-天冷</a>:笑死，不知法不影响犯罪成立。半吊子总以为自己都懂了<img alt=""[二哈]"" title=""[二哈]"" src=""https://face.t.sinajs.cn/t4/appstyle/expression/ext/normal/22/2018new_erha_org.png"" /><img alt=""[二哈]"" title=""[二哈]"" src=""https://face.t.sinajs.cn/t4/appstyle/expression/ext/normal/22/2018new_erha_org.png"" />",3,0
4797428606439502.0,4797561434803945,Mon Aug 01 07:47:23 +0800 2022,德爾諾,https://weibo.com//u/5435898362,"回复<a href=/n/-天冷>@-天冷</a>:每个人都像你这样说的话？全部都无罪了<img alt=""[笑而不语]"" title=""[笑而不语]"" src=""https://face.t.sinajs.cn/t4/appstyle/expression/ext/normal/2d/2018new_xiaoerbuyu_org.png"" />",6,0
4797428606439502.0,4797559035398665,Mon Aug 01 07:37:51 +0800 2022,-天冷,https://weibo.com//u/3319867695,回复<a href=/n/机智的老橙子>@机智的老橙子</a>:求求你先学学刑法吧,0,0
4797428606439502.0,4797484129583635,Mon Aug 01 02:40:12 +0800 2022,机智的老橙子,https://weibo.com//u/3510954931,回复<a href=/n/-天冷>@-天冷</a>:在你这里发现了，国内普法确实很有必要,2,0
4797428606439502.0,4797475732849206,Mon Aug 01 02:06:50 +0800 2022,-天冷,https://weibo.com//u/3319867695,若她确实不知道那是保护动物，那么在刑法上是无罪的。,1,0
4797428606439502.0,4797474093662356,Mon Aug 01 02:00:18 +0800 2022,鹤川74238,https://weibo.com//u/7271350604,回复<a href=/n/黑米今天不暴躁>@黑米今天不暴躁</a>:还有个平台700多万粉丝,0,0
4797428606439502.0,4797470083122217,Mon Aug 01 01:44:23 +0800 2022,黑米今天不暴躁,https://weibo.com//u/6306122888,"回复<a href=/n/逆了个天>@逆了个天</a>:天啊就这么没营养的内容也可以有100w粉丝，网红越来越邪门了<img alt=""[泪]"" title=""[泪]"" src=""https://face.t.sinajs.cn/t4/appstyle/expression/ext/normal/6e/2018new_leimu_org.png"" /><img alt=""[泪]"" title=""[泪]"" src=""https://face.t.sinajs.cn/t4/appstyle/expression/ext/normal/6e/2018new_leimu_org.png"" />",3,0
4797428606439502.0,4797463925359463,Mon Aug 01 01:19:55 +0800 2022,小布cxq2,https://weibo.com//u/5871164229,回复<a href=/n/hi11>@hi11</a>:主动啥呀，说是去店里拿的，结果警察带着过去指认现场，发现压根不是从正规店里买的的，这事大了去了，又是有影响的，起码10年了,3,0
4797428606439502.0,4797447034901855,Mon Aug 01 00:12:48 +0800 2022,hi11,https://weibo.com//u/1135676354,回复<a href=/n/硯之灬>@硯之灬</a>:五年最多了。积极悔过啊，主动交代啊，初犯啊，就能减轻不少了,0,0
4797428606439502.0,4797439070180001,Sun Jul 31 23:41:09 +0800 2022,逆了个天,https://weibo.com//u/5475548479,回复<a href=/n/幸福圆满一家人儿>@幸福圆满一家人儿</a>:应该算严重吧 一百多万粉丝 传播量也特别大,11,0
4797428606439502.0,4797438957977653,Sun Jul 31 23:40:41 +0800 2022,Pamper-,https://weibo.com//u/1957483657,回复<a href=/n/幸福圆满一家人儿>@幸福圆满一家人儿</a>:肯定属于严重。公众人物对社会产生极其恶劣影响。,12,0
4797428606439502.0,4797438001153613,Sun Jul 31 23:36:54 +0800 2022,乖怪小HATAs,https://weibo.com//u/1733913093,回复<a href=/n/幸福圆满一家人儿>@幸福圆满一家人儿</a>:属于，她用来拍摄视频，属于谋利行为了。,5,0
4797428606439502.0,4797436793194540,Sun Jul 31 23:32:05 +0800 2022,啦啦啦啦啦欧拉啦,https://weibo.com//u/6582808936,"回复<a href=/n/幸福圆满一家人儿>@幸福圆满一家人儿</a>:算严重，因为她是公众人物<img alt=""[doge]"" title=""[doge]"" src=""https://face.t.sinajs.cn/t4/appstyle/expression/ext/normal/a1/2018new_doge02_org.png"" /><img alt=""[二哈]"" title=""[二哈]"" src=""https://face.t.sinajs.cn/t4/appstyle/expression/ext/normal/22/2018new_erha_org.png"" />",9,0
4797428606439502.0,4797434913623070,Sun Jul 31 23:24:38 +0800 2022,幸福圆满一家人儿,https://weibo.com//u/6479278593,回复<a href=/n/BlingDwenDwen>@BlingDwenDwen</a>:她这属于严重吗,0,0
,4797430548399171,Sun Jul 31 23:07:16 +0800 2022,俞霏格格,https://weibo.com//u/1882544375,该,41,8
4797430548399171.0,4797454518324620,Mon Aug 01 00:42:32 +0800 2022,华夏第一xian,https://weibo.com//u/7317169068,中科院物理研究所所徽像个旭日旗,0,0
,4797427775440286,Sun Jul 31 22:56:15 +0800 2022,GUNANCHU_soso,https://weibo.com//u/3195305410,"她可真刑<img alt=""[赢牛奶]"" title=""[赢牛奶]"" src=""https://face.t.sinajs.cn/t4/appstyle/expression/ext/normal/9c/2021_yingniunai_org.png"" />，希望严惩，购买渠道也得查清楚",83,1
4797427775440286.0,4797428487954497,Sun Jul 31 22:59:06 +0800 2022,GUNANCHU_soso,https://weibo.com//u/3195305410,<a href=/n/地瓜熊老六>@地瓜熊老六</a>,1,0
,4797427511201708,Sun Jul 31 22:55:13 +0800 2022,Arwen_XQX_夏至,https://weibo.com//u/6019476116,什么渠道买的呢？一个籍籍无名的小网红都能买到二级保护动物，这渠道是不是太大了点,93,1
4797427511201708.0,4797438731488111,Sun Jul 31 23:39:47 +0800 2022,Pamper-,https://weibo.com//u/1957483657,这是几百万粉丝的。 应该属于大网红了。背后都是一个大团队。,1,0
,4797426734992223,Sun Jul 31 22:52:08 +0800 2022,南陆融融花绮丽,https://weibo.com//u/1960969610,必须让这种家伙付出代价。,39,0
,4797427343951933,Sun Jul 31 22:54:32 +0800 2022,狗带009,https://weibo.com//u/1349294640,"上次掏鸟窝的是怎么判的？<img alt=""[doge]"" title=""[doge]"" src=""https://face.t.sinajs.cn/t4/appstyle/expression/ext/normal/a1/2018new_doge02_org.png"" /><img alt=""[污]"" title=""[污]"" src=""https://face.t.sinajs.cn/t4/appstyle/expression/ext/normal/10/2018new_wu_org.png"" />",12,14
4797427343951933.0,4797428534614083,Sun Jul 31 22:59:17 +0800 2022,梧桐树边的等待,https://weibo.com//u/5352853644,那是国家二级保护动物，别再说掏鸟窝了，说的好像没事一样,11,0
4797427343951933.0,4797434352635861,Sun Jul 31 23:22:24 +0800 2022,-十字开头的年龄怎敢说永远,https://weibo.com//u/5700467031,上次掏鸟窝的在贴吧就开始卖了,8,0
4797427343951933.0,4797438903456874,Sun Jul 31 23:40:29 +0800 2022,如影随形X233,https://weibo.com//u/7658772683,"十年！河南掴掌卖爱心餐的只需要一句道歉就没事了<img alt=""[偷笑]"" title=""[偷笑]"" src=""https://face.t.sinajs.cn/t4/appstyle/expression/ext/normal/71/2018new_touxiao_org.png"" />",1,0
4797427343951933.0,4797910405612595,Tue Aug 02 06:54:04 +0800 2022,梧桐树边的等待,https://weibo.com//u/5352853644,回复<a href=/n/想把作业做完>@想把作业做完</a>:那就不是普通的鸟，是国家二级保护动物，那些人只不过想洗白，故意不提是保护动物，只说是鸟,0,0
4797427343951933.0,4797642842834241,Mon Aug 01 13:10:51 +0800 2022,如影随形X233,https://weibo.com//u/7658772683,回复<a href=/n/尘落-归尘>@尘落-归尘</a>:我了解了，既然入室殴打他人不判刑，那掏鸟蛋也不应该判刑。人权大于物权，否则就别谈法治,0,0
4797427343951933.0,4797574379208902,Mon Aug 01 08:38:48 +0800 2022,尘落-归尘,https://weibo.com//u/5744589560,回复<a href=/n/如影随形X233>@如影随形X233</a>:麻烦你了解一下再来放吧，都能上微博带节奏了该不会百度都不会用吧？他就不是不小心掏的，已经故意掏了很多次并且都开始往外卖了，明显是知法犯法。,1,0
4797427343951933.0,4797476042965199,Mon Aug 01 02:08:03 +0800 2022,-天冷,https://weibo.com//u/3319867695,掏鸟蛋那个是知道是保护动物有意为之。如果她确实不知道是保护动物，那么在刑法上是无罪的。,2,0
4797427343951933.0,4797470746083703,Mon Aug 01 01:47:01 +0800 2022,Easyeggs,https://weibo.com//u/5497312368,鸟窝？他把那片区的隼窝都掏了，判他那样算是轻了,0,0
4797427343951933.0,4797444293133605,Mon Aug 01 00:01:53 +0800 2022,爱情的巨轮单手开,https://weibo.com//u/5623811885,隼窝,1,0
4797427343951933.0,4797438814853278,Sun Jul 31 23:40:08 +0800 2022,猫猫狗狗超可爱的bb,https://weibo.com//u/5289762749,回复<a href=/n/想把作业做完>@想把作业做完</a>:不只是因为掏鸟窝，因为他售卖成鸟,2,0
4797427343951933.0,4797436524759391,Sun Jul 31 23:31:02 +0800 2022,陆谦寓,https://weibo.com//u/7335781951,回复 <a href=/n/梧桐树边的等待>@梧桐树边的等待</a>:而且是明知国家保护动物还多次售卖呀，这判罚没问题,4,0
4797427343951933.0,4797433592160049,Sun Jul 31 23:19:23 +0800 2022,正版咏雩,https://weibo.com//u/6128115737,"回复 <a href=/n/梧桐树边的等待>@梧桐树边的等待</a>:而且还是卖了<img alt=""[二哈]"" title=""[二哈]"" src=""https://face.t.sinajs.cn/t4/appstyle/expression/ext/normal/22/2018new_erha_org.png"" />",1,0
4797427343951933.0,4797431545603295,Sun Jul 31 23:11:15 +0800 2022,想把作业做完,https://weibo.com//u/5845789941,"回复<a href=/n/梧桐树边的等待>@梧桐树边的等待</a>:因为掏的鸟窝也是保护动物啊<img alt=""[白眼]"" title=""[白眼]"" src=""https://face.t.sinajs.cn/t4/appstyle/expression/ext/normal/ef/2018new_landelini_org.png"" />几个年轻的小伙子判了十几年还是怎么的记不清了",2,0
,4797428358188103,Sun Jul 31 22:58:35 +0800 2022,孔天爱,https://weibo.com//u/6911317708,麻烦十年以上 否则她以为自己不刑成全她真刑,18,1
4797428358188103.0,4797435173933494,Sun Jul 31 23:25:40 +0800 2022,瓦蓝的老楞,https://weibo.com//u/2531718573,5年以下,0,0
,4797434780451939,Sun Jul 31 23:24:05 +0800 2022,唏嘘的须根2019,https://weibo.com//u/6993735295,"就这样吃上国家粮了。<img alt=""[嘻嘻]"" title=""[嘻嘻]"" src=""https://face.t.sinajs.cn/t4/appstyle/expression/ext/normal/33/2018new_xixi_org.png"" /><img alt=""[嘻嘻]"" title=""[嘻嘻]"" src=""https://face.t.sinajs.cn/t4/appstyle/expression/ext/normal/33/2018new_xixi_org.png"" /><img alt=""[嘻嘻]"" title=""[嘻嘻]"" src=""https://face.t.sinajs.cn/t4/appstyle/expression/ext/normal/33/2018new_xixi_org.png"" /><img alt=""[嘻嘻]"" title=""[嘻嘻]"" src=""https://face.t.sinajs.cn/t4/appstyle/expression/ext/normal/33/2018new_xixi_org.png"" />",13,1
,4797427792219739,Sun Jul 31 22:56:19 +0800 2022,婴儿会跳舞,https://weibo.com//u/7590244190,"自助餐吃起来，不用自己做了<img alt=""[哈哈]"" title=""[哈哈]"" src=""https://face.t.sinajs.cn/t4/appstyle/expression/ext/normal/8f/2018new_haha_org.png"" /><img alt=""[哈哈]"" title=""[哈哈]"" src=""https://face.t.sinajs.cn/t4/appstyle/expression/ext/normal/8f/2018new_haha_org.png"" />",11,0
,4797429628802046,Sun Jul 31 23:03:38 +0800 2022,琉廉茶,https://weibo.com//u/6968357626,娃娃鱼鳄鱼哪些不知道是不是也是野生的,6,8
4797429628802046.0,4797439775344638,Sun Jul 31 23:43:57 +0800 2022,長谷川勉_,https://weibo.com//u/2722887565,娃娃鱼和鳄鱼确实有人工养殖的,1,0
4797429628802046.0,4797430085723818,Sun Jul 31 23:05:27 +0800 2022,天文astro,https://weibo.com//u/5953202899,大鲵和扬子鳄有人工养殖的，可以作为食品。,0,0
4797429628802046.0,4797459551223876,Mon Aug 01 01:02:31 +0800 2022,大括号中括号小括号,https://weibo.com//u/2644620390,"烤鳄鱼还是挺常见的<img alt=""[并不简单]"" title=""[并不简单]"" src=""https://face.t.sinajs.cn/t4/appstyle/expression/ext/normal/aa/2018new_bingbujiandan_org.png"" />",0,0
4797429628802046.0,4797432686969433,Sun Jul 31 23:15:46 +0800 2022,BARNETT·18,https://weibo.com//u/7557071525,这些可以人工养殖的，在市场买到可以放心吃,0,0
4797429628802046.0,4797436218838639,Sun Jul 31 23:29:49 +0800 2022,小楠瓜团子,https://weibo.com//u/6290268413,"回复<a href=/n/琉廉茶>@琉廉茶</a>:哦哦<img alt=""[允悲]"" title=""[允悲]"" src=""https://face.t.sinajs.cn/t4/appstyle/expression/ext/normal/83/2018new_kuxiao_org.png"" />",0,0
4797429628802046.0,4797435870708276,Sun Jul 31 23:28:25 +0800 2022,琉廉茶,https://weibo.com//u/6968357626,回复<a href=/n/小楠瓜团子>@小楠瓜团子</a>:我没说大白鲨可以养殖呀，我说她也没办法证明她之前吃的娃娃鱼和鳄鱼是养殖的,0,0
4797429628802046.0,4797432372398547,Sun Jul 31 23:14:31 +0800 2022,小楠瓜团子,https://weibo.com//u/6290268413,回复<a href=/n/琉廉茶>@琉廉茶</a>:人工饲养大白鲨的成功率几乎为零，“大白鲨性格凶猛，没有过人工饲养成活的先例，关键是，法律也不允许个人饲养。它活动需要的水域实在太广，人工饲养根本达不到大白鲨的生存条件，我们所知道的，国内的海洋馆没有人工饲养大白鲨的，因为成活几率太低。”,1,0
4797429628802046.0,4797431852306073,Sun Jul 31 23:12:28 +0800 2022,小楠瓜团子,https://weibo.com//u/6290268413,"回复<a href=/n/琉廉茶>@琉廉茶</a>:大白鲨没有人工养殖<img alt=""[允悲]"" title=""[允悲]"" src=""https://face.t.sinajs.cn/t4/appstyle/expression/ext/normal/83/2018new_kuxiao_org.png"" />",0,0
,4797432019553779,Sun Jul 31 23:13:08 +0800 2022,悟语体行,https://weibo.com//u/3775974165,她怎么吃得下，鲨鱼是靠皮肤排尿的，所以皮肉里会有尿素的味道，非常难吃，所以过去才会有渔民将鲨鱼鳍割下，而把鱼身丢回海里,17,6
4797432019553779.0,4797444699719706,Mon Aug 01 00:03:31 +0800 2022,威哥是教授老军医,https://weibo.com//u/3526446715,氨循环的动物都很臭，鲨鱼的味只能想象，但她吃的贼开心。,5,0
4797432019553779.0,4797476436968186,Mon Aug 01 02:09:38 +0800 2022,Vavoom233,https://weibo.com//u/5667764378,回复<a href=/n/小猫哭小狗叫>@小猫哭小狗叫</a>:啊，我以为尿素是那个尿素化肥,0,0
4797432019553779.0,4797459768807842,Mon Aug 01 01:03:24 +0800 2022,大括号中括号小括号,https://weibo.com//u/2644620390,"<img alt=""[并不简单]"" title=""[并不简单]"" src=""https://face.t.sinajs.cn/t4/appstyle/expression/ext/normal/aa/2018new_bingbujiandan_org.png"" />这货可能没有味觉",1,0
4797432019553779.0,4797442043943552,Sun Jul 31 23:52:58 +0800 2022,小猫哭小狗叫,https://weibo.com//u/6234924170,"回复<a href=/n/李玄萌>@李玄萌</a>:尿素啥味不就尿味呗<img alt=""[笑cry]"" title=""[笑cry]"" src=""https://face.t.sinajs.cn/t4/appstyle/expression/ext/normal/4a/2018new_xiaoku_thumb.png"" />",1,0
4797432019553779.0,4797439761979102,Sun Jul 31 23:43:54 +0800 2022,李玄萌,https://weibo.com//u/1082929734,真是敢说啊，你来说说尿素啥味道,1,0
,4797430517992524,Sun Jul 31 23:07:10 +0800 2022,派大星inside,https://weibo.com//u/1240304455,大快人心！[嘿哈],4,0
,4797427520118002,Sun Jul 31 22:55:15 +0800 2022,Coisini-·-,https://weibo.com//u/7747920327,真刑啊，给自己吃进去了。,20,0
,4797426617816313,Sun Jul 31 22:51:40 +0800 2022,牧桐人2022,https://weibo.com//u/7276033692,背后的公司呢？,10,0
,4797427309090064,Sun Jul 31 22:54:25 +0800 2022,凉日夏風,https://weibo.com//u/3366190854,无下限，该治,7,0
,4797434787794324,Sun Jul 31 23:24:08 +0800 2022,任子超同志,https://weibo.com//u/1065590053,"违法必究！<img alt=""[允悲]"" title=""[允悲]"" src=""https://face.t.sinajs.cn/t4/appstyle/expression/ext/normal/83/2018new_kuxiao_org.png"" />",1,0
,4797433026971187,Sun Jul 31 23:17:08 +0800 2022,橘橘橘猫猫13748,https://weibo.com//u/5802505851,想问一下啊，假如她不知道是保护动物，以为是正规渠道买的鱼，吃了也要坐牢吗,0,2
4797433026971187.0,4797495107125495,Mon Aug 01 03:23:49 +0800 2022,风起时卷云舒,https://weibo.com//u/7415364686,那就要供出找谁卖的，谁送的货，这么大一条鱼，菜市场可买不着，估计到时候就是狗咬狗一嘴毛了。如果最终结果真的是被卖家忽悠了，可能判轻点再罚款，毕竟她还是吃了啊，法盲犯法也得负法律责任哦。,1,0
4797433026971187.0,4797602283655617,Mon Aug 01 10:29:42 +0800 2022,Pat哥哥,https://weibo.com//u/1957180055,"犯罪者个个都说不知道这是犯法，那法律还有可用<img alt=""[笑cry]"" title=""[笑cry]"" src=""https://face.t.sinajs.cn/t4/appstyle/expression/ext/normal/4a/2018new_xiaoku_thumb.png"" />",0,0
,4797430492829024,Sun Jul 31 23:07:04 +0800 2022,我是谢明浩,https://weibo.com//u/3525231854,"<img alt=""[鼓掌]"" title=""[鼓掌]"" src=""https://face.t.sinajs.cn/t4/appstyle/expression/ext/normal/6e/2018new_guzhang_org.png"" /><img alt=""[鼓掌]"" title=""[鼓掌]"" src=""https://face.t.sinajs.cn/t4/appstyle/expression/ext/normal/6e/2018new_guzhang_org.png"" /><img alt=""[鼓掌]"" title=""[鼓掌]"" src=""https://face.t.sinajs.cn/t4/appstyle/expression/ext/normal/6e/2018new_guzhang_org.png"" />吃现成饭啰<img alt=""[哈哈]"" title=""[哈哈]"" src=""https://face.t.sinajs.cn/t4/appstyle/expression/ext/normal/8f/2018new_haha_org.png"" />",3,0
,4797452684624416,Mon Aug 01 00:35:14 +0800 2022,学学菜刀,https://weibo.com//u/7268813045,如果只是购买的话，不一定够判刑。,2,1
4797452684624416.0,4797545043723155,Mon Aug 01 06:42:15 +0800 2022,tempdb,https://weibo.com//u/2429738332,供出卖家，罚款肯定跑不脱了,1,0
,4797436525019715,Sun Jul 31 23:31:01 +0800 2022,是小胖晚托班,https://weibo.com//u/1788570985,"绝对刑啊<img alt=""[冲刺]"" title=""[冲刺]"" src=""https://face.t.sinajs.cn/t4/appstyle/expression/ext/normal/ac/2022_Sprint_org.png"" />",2,0
,4797426394990453,Sun Jul 31 22:50:47 +0800 2022,糊涂的S姐_651,https://weibo.com//u/5658441500,这…尽快抓了…,2,0
,4797438340892376,Sun Jul 31 23:38:14 +0800 2022,梦与泪6368385002,https://weibo.com//u/6368385002,还人工养殖，这下出结果了,0,1
4797438340892376.0,4797446644832972,Mon Aug 01 00:11:15 +0800 2022,高楼文化视角,https://weibo.com//u/1338510435,没听说那种鱼可以人工养殖的，应该是野生的，偷偷买的。不懂法真可怕,0,0
,4797435748813884,Sun Jul 31 23:27:57 +0800 2022,ghs30_,https://weibo.com//u/2156738022,人工养殖的鲨鱼我也是第一次听说,0,1
4797435748813884.0,4797446871586167,Mon Aug 01 00:12:09 +0800 2022,高楼文化视角,https://weibo.com//u/1338510435,海洋公园有，也不是拿来吃的。保护动物吃了就是犯罪,0,0
,4797426692785972,Sun Jul 31 22:51:58 +0800 2022,WB就是个粪坑,https://weibo.com//u/2741097110,"没想到还有反转啊<img alt=""[汗]"" title=""[汗]"" src=""https://face.t.sinajs.cn/t4/appstyle/expression/ext/normal/28/2018new_han_org.png"" />",1,0
,4797430601614748,Sun Jul 31 23:07:29 +0800 2022,沉睡的彩之死神,https://weibo.com//u/2621766281,无下限，又没文化，迟早把自己送进去,2,0
,4797448927843019,Mon Aug 01 00:20:19 +0800 2022,七度光辰,https://weibo.com//u/7749481568,呵呵，这次求仁得仁,0,0
,4797446318198195,Mon Aug 01 00:09:57 +0800 2022,九尾羡鱼,https://weibo.com//u/5731123287,"该，无下限，该刑<img alt=""[挖鼻]"" title=""[挖鼻]"" src=""https://face.t.sinajs.cn/t4/appstyle/expression/ext/normal/9a/2018new_wabi_thumb.png"" />",0,0
,4797442329150070,Sun Jul 31 23:54:05 +0800 2022,ty夜猫856,https://weibo.com//u/6567338485,"蹲个后续<img alt=""[赞]"" title=""[赞]"" src=""https://face.t.sinajs.cn/t4/appstyle/expression/ext/normal/e6/2018new_zan_org.png"" />",0,0
,4797439715843165,Sun Jul 31 23:43:43 +0800 2022,优秀好少年,https://weibo.com//u/2639813893,"一个问题 吃播不是早就被整治了么？为啥她还这么多视频啊<img alt=""[裂开]"" title=""[裂开]"" src=""https://face.t.sinajs.cn/t4/appstyle/expression/ext/normal/1b/202011_liekai_org.png"" />",0,0
,4797434691329362,Sun Jul 31 23:23:45 +0800 2022,乘风cvmin,https://weibo.com//u/5832806380,真是为了流量在所不惜,0,0
,4797431021315451,Sun Jul 31 23:09:10 +0800 2022,String_C,https://weibo.com//u/2176617085,"求求了 坐牢吧<img alt=""[赞]"" title=""[赞]"" src=""https://face.t.sinajs.cn/t4/appstyle/expression/ext/normal/e6/2018new_zan_org.png"" />",0,0
,4797429804964304,Sun Jul 31 23:04:20 +0800 2022,CeRfsam-,https://weibo.com//u/5733233221,曝光了，还tm嘴硬,0,0
,4797443311143658,Sun Jul 31 23:58:00 +0800 2022,波猪i,https://weibo.com//u/3181170011,"这小日子过得可真刑，越来越有判头了<img alt=""[doge]"" title=""[doge]"" src=""https://face.t.sinajs.cn/t4/appstyle/expression/ext/normal/a1/2018new_doge02_org.png"" />",1,0
,4797433257660660,Sun Jul 31 23:18:03 +0800 2022,男德,https://weibo.com//u/5937986794,想问这种一般判多久,1,0
,4797429183939735,Sun Jul 31 23:01:51 +0800 2022,天诚1982,https://weibo.com//u/1092984615,"主要还是卖方，网红无知被骗的可能性更大。至少算是帮助警方抓获捕捞贩卖一条龙的犯罪渠道，还是死得其所。<img alt=""[二哈]"" title=""[二哈]"" src=""https://face.t.sinajs.cn/t4/appstyle/expression/ext/normal/22/2018new_erha_org.png"" /><img alt=""[二哈]"" title=""[二哈]"" src=""https://face.t.sinajs.cn/t4/appstyle/expression/ext/normal/22/2018new_erha_org.png"" /><img alt=""[二哈]"" title=""[二哈]"" src=""https://face.t.sinajs.cn/t4/appstyle/expression/ext/normal/22/2018new_erha_org.png"" />",2,0
,4797428164984974,Sun Jul 31 22:57:48 +0800 2022,Rab-Tanya,https://weibo.com//u/1035354034,可以，赶紧进去吧,1,0
,4797453034065986,Mon Aug 01 00:36:38 +0800 2022,马廊咕3225,https://weibo.com//u/2693779941,网红是个啥？？💩💩,0,0
,4797449191296747,Mon Aug 01 00:21:22 +0800 2022,山茶语217,https://weibo.com//u/6033754673,该,0,0
,4797448621396857,Mon Aug 01 00:19:06 +0800 2022,爱吃碧池里的鱼,https://weibo.com//u/6057877728,"真刑，活该<img alt=""[可爱]"" title=""[可爱]"" src=""https://face.t.sinajs.cn/t4/appstyle/expression/ext/normal/09/2018new_keai_org.png"" />",0,0
,4797447665354193,Mon Aug 01 00:15:18 +0800 2022,是小姐姐太迷人了,https://weibo.com//u/5618861223,他们老板也要进去吧,0,0
,4797447522485801,Mon Aug 01 00:14:44 +0800 2022,高楼文化视角,https://weibo.com//u/1338510435,几年劳改跑不掉了,0,0
,4797445722081209,Mon Aug 01 00:07:35 +0800 2022,不过是只飞飞,https://weibo.com//u/1953940651,buff是叠满了,0,0
,4797445400169709,Mon Aug 01 00:06:18 +0800 2022,人生何处不相逢呀宝贝,https://weibo.com//u/7302605876,"好似<img alt=""[打call]"" title=""[打call]"" src=""https://face.t.sinajs.cn/t4/appstyle/expression/ext/normal/39/moren_dacall02_org.png"" /><img alt=""[打call]"" title=""[打call]"" src=""https://face.t.sinajs.cn/t4/appstyle/expression/ext/normal/39/moren_dacall02_org.png"" /><img alt=""[打call]"" title=""[打call]"" src=""https://face.t.sinajs.cn/t4/appstyle/expression/ext/normal/39/moren_dacall02_org.png"" />",0,0
,4797443260027304,Sun Jul 31 23:57:48 +0800 2022,逍遥辽远_333,https://weibo.com//u/5653502029,无知又没底线,0,0
,4797442136475742,Sun Jul 31 23:53:20 +0800 2022,咖啡乐开了花,https://weibo.com//u/2772482337,我看刑,0,0
,4797442082212588,Sun Jul 31 23:53:07 +0800 2022,蓉树成荫,https://weibo.com//u/5130522545,喜闻乐见,0,0
,4797441927287354,Sun Jul 31 23:52:30 +0800 2022,三言两语2020,https://weibo.com//u/2932080450,当年掏鸟窝的怎么判的？,0,0
,4797441658066102,Sun Jul 31 23:51:26 +0800 2022,Mr_咖,https://weibo.com//u/1828052644,"一般是缓刑，一年半到两年左右<img alt=""[doge]"" title=""[doge]"" src=""https://face.t.sinajs.cn/t4/appstyle/expression/ext/normal/a1/2018new_doge02_org.png"" />",0,0
,4797441347945129,Sun Jul 31 23:50:11 +0800 2022,锅都飞了,https://weibo.com//u/5384738993,记住掏鸟蛋十年、十年、十年！！！,0,0
,4797437992767351,Sun Jul 31 23:36:52 +0800 2022,roseyi女生,https://weibo.com//u/2347130405,为了作网红啥事情都敢。,0,0
,4797437271872733,Sun Jul 31 23:34:00 +0800 2022,怪化猫化怪,https://weibo.com//u/3807214887,"心惊报：在小河边随手抓了一条鱼<img alt=""[doge]"" title=""[doge]"" src=""https://face.t.sinajs.cn/t4/appstyle/expression/ext/normal/a1/2018new_doge02_org.png"" /><img alt=""[doge]"" title=""[doge]"" src=""https://face.t.sinajs.cn/t4/appstyle/expression/ext/normal/a1/2018new_doge02_org.png"" /><img alt=""[doge]"" title=""[doge]"" src=""https://face.t.sinajs.cn/t4/appstyle/expression/ext/normal/a1/2018new_doge02_org.png"" />，就被判5年",0,0
,4797431939859641,Sun Jul 31 23:12:49 +0800 2022,秦国上将军嬴华,https://weibo.com//u/6052115451,"No zuo no die！！<img alt=""[摊手]"" title=""[摊手]"" src=""https://face.t.sinajs.cn/t4/appstyle/expression/ext/normal/62/2018new_tanshou_org.png"" />",0,0
,4797429624345418,Sun Jul 31 23:03:37 +0800 2022,揭露公门之恶,https://weibo.com//u/6419087623,铐谱，刑啊，有判头了,0,0
,4797429594986825,Sun Jul 31 23:03:30 +0800 2022,张君琅,https://weibo.com//u/5638768390,"你很希望这个是大白鲨<img alt=""[笑cry]"" title=""[笑cry]"" src=""https://face.t.sinajs.cn/t4/appstyle/expression/ext/normal/4a/2018new_xiaoku_thumb.png"" />",0,0
,4797428789936876,Sun Jul 31 23:00:17 +0800 2022,无趣吃饭,https://weibo.com//u/6211862114,"哪可能有正规渠道//<a href=/n/FreedomDive阿琪>@FreedomDive阿琪</a>:正规渠道买的<img alt=""[doge]"" title=""[doge]"" src=""https://face.t.sinajs.cn/t4/appstyle/expression/ext/normal/a1/2018new_doge02_org.png"" />这个渠道也得收拾收拾了",0,0
,4797426554118278,Sun Jul 31 22:51:25 +0800 2022,云南的天空666,https://weibo.com//u/7592580863,长得挺好看的，可惜了,0,1
,4797432171595595,Sun Jul 31 23:13:43 +0800 2022,晴天_9995,https://weibo.com//u/5368309699,"那个视频像丧尸，至今回想起来都感到恶心<img alt=""[允悲]"" title=""[允悲]"" src=""https://face.t.sinajs.cn/t4/appstyle/expression/ext/normal/83/2018new_kuxiao_org.png"" /><img alt=""[允悲]"" title=""[允悲]"" src=""https://face.t.sinajs.cn/t4/appstyle/expression/ext/normal/83/2018new_kuxiao_org.png"" />",1,0
,4797431181741892,Sun Jul 31 23:09:48 +0800 2022,瑞洁YB,https://weibo.com//u/5591192316,不让她坐牢天理难容,0,0
,4797450084417966,Mon Aug 01 00:24:54 +0800 2022,ttlft1,https://weibo.com//u/2747229894,看看怎么判,0,0
,4797447232036549,Mon Aug 01 00:13:35 +0800 2022,牙牙学语的孩子词不达意,https://weibo.com//u/2609121510,"煮是真煮了，但吃没真吃就不一定了，反正都免不了要坐牢<img alt=""[允悲]"" title=""[允悲]"" src=""https://face.t.sinajs.cn/t4/appstyle/expression/ext/normal/83/2018new_kuxiao_org.png"" />",0,0
,4797445958011864,Mon Aug 01 00:08:31 +0800 2022,CIHCO3,https://weibo.com//u/3296448724,那些一起吃的人一起遭了不喃,0,0
,4797445441327656,Mon Aug 01 00:06:28 +0800 2022,血花飘,https://weibo.com//u/1739629692,"这些年各种网红挑战法律底线，抓都抓不绝<img alt=""[doge]"" title=""[doge]"" src=""https://face.t.sinajs.cn/t4/appstyle/expression/ext/normal/a1/2018new_doge02_org.png"" />",0,0
,4797443831499038,Mon Aug 01 00:00:04 +0800 2022,快把这精致的淘气叉出去,https://weibo.com//u/6017736807,我就想看她年纪轻轻坐牢，快安排,0,0
,4797442304514669,Sun Jul 31 23:54:00 +0800 2022,今日都要早啲训,https://weibo.com//u/5611588599,"能来个懂法的来科普下判多少年吗<img alt=""[doge]"" title=""[doge]"" src=""https://face.t.sinajs.cn/t4/appstyle/expression/ext/normal/a1/2018new_doge02_org.png"" />",0,0
,4797440467144225,Sun Jul 31 23:46:42 +0800 2022,李小小小马,https://weibo.com//u/2511395485,终于,0,0
,4797438420063396,Sun Jul 31 23:38:34 +0800 2022,念旧但不恋旧,https://weibo.com//u/6337197303,这下可真刑了,0,0
,4797438307079126,Sun Jul 31 23:38:07 +0800 2022,念旧但不恋旧,https://weibo.com//u/6337197303,哦吼,0,0
,4797436470232129,Sun Jul 31 23:30:48 +0800 2022,星儿飘飘飘,https://weibo.com//u/7308969598,"<img alt=""[赢牛奶]"" title=""[赢牛奶]"" src=""https://face.t.sinajs.cn/t4/appstyle/expression/ext/normal/9c/2021_yingniunai_org.png"" />",0,0
,4797433768315063,Sun Jul 31 23:20:05 +0800 2022,烂人不烂伈,https://weibo.com//u/5161860764,"掏鸟窝可是十年起步，这不能少于十年吧<img alt=""[微笑]"" title=""[微笑]"" src=""https://face.t.sinajs.cn/t4/appstyle/expression/ext/normal/e3/2018new_weixioa02_org.png"" />",0,0
,4797433676040716,Sun Jul 31 23:19:42 +0800 2022,小龙虾味儿螺蛳粉,https://weibo.com//u/2811472964,自己实拍自己犯罪记录？,0,0
,4797433555715538,Sun Jul 31 23:19:13 +0800 2022,体积太大0栓不了,https://weibo.com//u/7502645798,不能因为你可爱萌萌哒就什么都可以做吧,0,0
,4797432720005298,Sun Jul 31 23:15:55 +0800 2022,Chngmyae,https://weibo.com//u/6102728157,笑死了，快给自己联系个辩护律师吧，还在那威胁网友呢,0,0
,4797432388912704,Sun Jul 31 23:14:36 +0800 2022,狂拽炫酷-,https://weibo.com//u/2736934373,"收拾收拾去喝茶吧<img alt=""[哇]"" title=""[哇]"" src=""https://face.t.sinajs.cn/t4/appstyle/expression/ext/normal/3d/2022_wow_org.png"" />",0,0
,4797431525411454,Sun Jul 31 23:11:10 +0800 2022,旧旧的回忆mie,https://weibo.com//u/5273001394,牢底坐穿,0,0
,4797430586149615,Sun Jul 31 23:07:25 +0800 2022,Carey-Yang,https://weibo.com//u/1199593004,"她所谓的正规渠道有点慌……特别反感吃播<img alt=""[哼]"" title=""[哼]"" src=""https://face.t.sinajs.cn/t4/appstyle/expression/ext/normal/7c/2018new_heng_org.png"" />",0,0
,4797430212857079,Sun Jul 31 23:05:57 +0800 2022,simplyF,https://weibo.com//u/1872050084,赶紧把哪个“正规”渠道也查查，太离谱了这些人,0,0
,4797428840008230,Sun Jul 31 23:00:29 +0800 2022,我决定换一个名字,https://weibo.com//u/5319528221,那么问题来了，是从哪买的？,0,0
,4797428118850011,Sun Jul 31 22:57:38 +0800 2022,韮驾,https://weibo.com//u/7654811942,太好了，和凡凡一起踩缝纫机,0,0
,4797427742154243,Sun Jul 31 22:56:08 +0800 2022,新手VS解释,https://weibo.com//u/6462031340,一首凉凉送给你,0,0
,4797428458856345,Sun Jul 31 22:58:59 +0800 2022,二马户他爹,https://weibo.com//u/6599237308,真刑 什么都敢吃,0,0
,4797453355712689,Mon Aug 01 00:37:54 +0800 2022,两条没有尾巴的鱼,https://weibo.com//u/1247363337,娃娃鱼的也是她,0,0
,4797447856983707,Mon Aug 01 00:16:04 +0800 2022,吴宗wei,https://weibo.com//u/1406614132,想看她进去了的生活，这个搞个直播说不定有点教育意义。,0,0
,4797436306132425,Sun Jul 31 23:30:10 +0800 2022,黒压丽,https://weibo.com//u/6408052258,为啥卖家不进呢 ,0,0
,4797431373893218,Sun Jul 31 23:10:34 +0800 2022,一心从军,https://weibo.com//u/5675764688,为了流量无所不用其极,0,0
,4797430937424652,Sun Jul 31 23:08:50 +0800 2022,紫薇经络睡仙圣人,https://weibo.com//u/7564648617,佛门曰，不可杀生。这希尔那懂这道理。。,0,0
,4797429734441197,Sun Jul 31 23:04:02 +0800 2022,追疯者壹号,https://weibo.com//u/6208707597,"看样子要去监狱当吃播介绍里面的饭菜了<img alt=""[允悲]"" title=""[允悲]"" src=""https://face.t.sinajs.cn/t4/appstyle/expression/ext/normal/83/2018new_kuxiao_org.png"" />",1,0
,4797428438403814,Sun Jul 31 22:58:54 +0800 2022,机械司机1971,https://weibo.com//u/5617041280,不作不会死,0,0
