﻿parent_comment_id,comment_id,comment_time,comment_user_name,comment_user_link,comment_content,comment_like_num,child_comment_num
,4797568368772990,Mon Aug 01 08:14:56 +0800 2022,紫霜挽陌雪,https://weibo.com//u/7579453286,"附议<img alt=""[亲亲]"" title=""[亲亲]"" src=""https://face.t.sinajs.cn/t4/appstyle/expression/ext/normal/2c/2018new_qinqin_org.png"" />",0,0
,4797456950495715,Mon Aug 01 00:52:12 +0800 2022,kkyeol-,https://weibo.com//u/6818222658,十七日尾，灯火万家长不灭。想你是三分泉水七分月，把青山浩渺看遍，你独天下奇绝。,0,0
,4797454375978207,Mon Aug 01 00:41:58 +0800 2022,-奶熊奶熊-,https://weibo.com//u/7186371785,"<img alt=""[心]"" title=""[心]"" src=""https://face.t.sinajs.cn/t4/appstyle/expression/ext/normal/8a/2018new_xin_org.png"" />",0,0
,4797453041403749,Mon Aug 01 00:36:40 +0800 2022,我是大娟卷,https://weibo.com//u/3989916045,顶你上去,0,0
,4797451384395595,Mon Aug 01 00:30:05 +0800 2022,好运煊,https://weibo.com//u/6558430798,顶,0,0
,4797450961816473,Mon Aug 01 00:28:24 +0800 2022,soso的芒果冰,https://weibo.com//u/5532135194,是的,0,0
