﻿parent_comment_id,comment_id,comment_time,comment_user_name,comment_user_link,comment_content,comment_like_num,child_comment_num
,4797585405772645,Mon Aug 01 09:22:38 +0800 2022,高新服务,https://weibo.com//u/3359245562,"<img alt=""[话筒]"" title=""[话筒]"" src=""https://face.t.sinajs.cn/t4/appstyle/expression/ext/normal/48/2018new_huatong_org.png"" /><img alt=""[话筒]"" title=""[话筒]"" src=""https://face.t.sinajs.cn/t4/appstyle/expression/ext/normal/48/2018new_huatong_org.png"" />",1,0
,4797669748510905,Mon Aug 01 14:57:47 +0800 2022,甘孜文旅,https://weibo.com//u/2014827750,"<img alt=""[话筒]"" title=""[话筒]"" src=""https://face.t.sinajs.cn/t4/appstyle/expression/ext/normal/48/2018new_huatong_org.png"" /><img alt=""[话筒]"" title=""[话筒]"" src=""https://face.t.sinajs.cn/t4/appstyle/expression/ext/normal/48/2018new_huatong_org.png"" />",0,0
,4797668167256851,Mon Aug 01 14:51:30 +0800 2022,长春文旅,https://weibo.com//u/2798034700,"关注<img alt=""[话筒]"" title=""[话筒]"" src=""https://face.t.sinajs.cn/t4/appstyle/expression/ext/normal/48/2018new_huatong_org.png"" />",0,0
,4797620792330379,Mon Aug 01 11:43:14 +0800 2022,金华交警,https://weibo.com//u/1939682450,关注,0,0
,4797615214170339,Mon Aug 01 11:21:05 +0800 2022,江油公安,https://weibo.com//u/1919769503,"<img alt=""[话筒]"" title=""[话筒]"" src=""https://face.t.sinajs.cn/t4/appstyle/expression/ext/normal/48/2018new_huatong_org.png"" /><img alt=""[话筒]"" title=""[话筒]"" src=""https://face.t.sinajs.cn/t4/appstyle/expression/ext/normal/48/2018new_huatong_org.png"" />",0,0
,4797607116014049,Mon Aug 01 10:48:54 +0800 2022,游仙公安,https://weibo.com//u/1920901005,"<img alt=""[话筒]"" title=""[话筒]"" src=""https://face.t.sinajs.cn/t4/appstyle/expression/ext/normal/48/2018new_huatong_org.png"" /><img alt=""[话筒]"" title=""[话筒]"" src=""https://face.t.sinajs.cn/t4/appstyle/expression/ext/normal/48/2018new_huatong_org.png"" /><img alt=""[话筒]"" title=""[话筒]"" src=""https://face.t.sinajs.cn/t4/appstyle/expression/ext/normal/48/2018new_huatong_org.png"" />",0,0
,4797605923787908,Mon Aug 01 10:44:10 +0800 2022,碑林检察,https://weibo.com//u/3925831483,关注热点信息，传递法治资讯,0,0
,4797604410690825,Mon Aug 01 10:38:09 +0800 2022,平安纳溪,https://weibo.com//u/5218198569,"<img alt=""[话筒]"" title=""[话筒]"" src=""https://face.t.sinajs.cn/t4/appstyle/expression/ext/normal/48/2018new_huatong_org.png"" />",0,0
,4797602715926894,Mon Aug 01 10:31:24 +0800 2022,郴州中院,https://weibo.com//u/3776183674,"<img alt=""[话筒]"" title=""[话筒]"" src=""https://face.t.sinajs.cn/t4/appstyle/expression/ext/normal/48/2018new_huatong_org.png"" />",0,0
,4797602006305520,Mon Aug 01 10:28:36 +0800 2022,平安雅安,https://weibo.com//u/3898311280,"早上好<img alt=""[心]"" title=""[心]"" src=""https://face.t.sinajs.cn/t4/appstyle/expression/ext/normal/8a/2018new_xin_org.png"" /><img alt=""[爱你]"" title=""[爱你]"" src=""https://face.t.sinajs.cn/t4/appstyle/expression/ext/normal/f6/2018new_aini_org.png"" /><img alt=""[心]"" title=""[心]"" src=""https://face.t.sinajs.cn/t4/appstyle/expression/ext/normal/8a/2018new_xin_org.png"" />",0,0
,4797600698470165,Mon Aug 01 10:23:24 +0800 2022,济南市天桥区人民检察,https://weibo.com//u/5539558550,传递法治资讯<a href=/n/济南市天桥区人民检察>@济南市天桥区人民检察</a>,0,0
,4797600161073894,Mon Aug 01 10:21:16 +0800 2022,兰州文化旅游,https://weibo.com//u/5770755050,"<img alt=""[话筒]"" title=""[话筒]"" src=""https://face.t.sinajs.cn/t4/appstyle/expression/ext/normal/48/2018new_huatong_org.png"" /><img alt=""[话筒]"" title=""[话筒]"" src=""https://face.t.sinajs.cn/t4/appstyle/expression/ext/normal/48/2018new_huatong_org.png"" />",0,0
,4797595420989763,Mon Aug 01 10:02:26 +0800 2022,汉阴检察,https://weibo.com//u/5249979200,"<img alt=""[话筒]"" title=""[话筒]"" src=""https://face.t.sinajs.cn/t4/appstyle/expression/ext/normal/48/2018new_huatong_org.png"" /><img alt=""[话筒]"" title=""[话筒]"" src=""https://face.t.sinajs.cn/t4/appstyle/expression/ext/normal/48/2018new_huatong_org.png"" />",0,0
,4797594385518215,Mon Aug 01 09:58:19 +0800 2022,绥阳检察院,https://weibo.com//u/6159318611,"<img alt=""[话筒]"" title=""[话筒]"" src=""https://face.t.sinajs.cn/t4/appstyle/expression/ext/normal/48/2018new_huatong_org.png"" /><img alt=""[话筒]"" title=""[话筒]"" src=""https://face.t.sinajs.cn/t4/appstyle/expression/ext/normal/48/2018new_huatong_org.png"" />",0,0
,4797594289046969,Mon Aug 01 09:57:56 +0800 2022,云南平安高速,https://weibo.com//u/5012384433,"<img alt=""[话筒]"" title=""[话筒]"" src=""https://face.t.sinajs.cn/t4/appstyle/expression/ext/normal/48/2018new_huatong_org.png"" />",0,0
,4797590824288387,Mon Aug 01 09:44:09 +0800 2022,宝鸡检察,https://weibo.com//u/5193731648,"【<a href=""//s.weibo.com/weibo?q=%23%E8%B4%AD%E4%B9%B0%E9%A3%9F%E7%94%A8%E5%9B%BD%E5%AE%B6%E4%BA%8C%E7%BA%A7%E4%BF%9D%E6%8A%A4%E5%8A%A8%E7%89%A9%E5%A6%82%E4%BD%95%E6%8B%85%E8%B4%A3%23"" target=""_blank"">#购买食用国家二级保护动物如何担责#</a>？】",0,0
,4797590145860735,Mon Aug 01 09:41:28 +0800 2022,黄龙检察,https://weibo.com//u/3540153945,关注热点，传播资讯关注热点，传播资讯,0,0
,4797590123583943,Mon Aug 01 09:41:23 +0800 2022,黄龙检察,https://weibo.com//u/3540153945,关注热点，传播资讯,0,0
,4797589523794839,Mon Aug 01 09:39:00 +0800 2022,黑龙江高速交警,https://weibo.com//u/6052733332,"<img alt=""[话筒]"" title=""[话筒]"" src=""https://face.t.sinajs.cn/t4/appstyle/expression/ext/normal/48/2018new_huatong_org.png"" /><img alt=""[话筒]"" title=""[话筒]"" src=""https://face.t.sinajs.cn/t4/appstyle/expression/ext/normal/48/2018new_huatong_org.png"" />",0,0
,4797589071859193,Mon Aug 01 09:37:12 +0800 2022,郴州北湖法院,https://weibo.com//u/3914207834,"<img alt=""[话筒]"" title=""[话筒]"" src=""https://face.t.sinajs.cn/t4/appstyle/expression/ext/normal/48/2018new_huatong_org.png"" /><img alt=""[话筒]"" title=""[话筒]"" src=""https://face.t.sinajs.cn/t4/appstyle/expression/ext/normal/48/2018new_huatong_org.png"" /><img alt=""[话筒]"" title=""[话筒]"" src=""https://face.t.sinajs.cn/t4/appstyle/expression/ext/normal/48/2018new_huatong_org.png"" />",0,0
,4797583828452607,Mon Aug 01 09:16:22 +0800 2022,大同消防,https://weibo.com//u/5430282517,"<img alt=""[话筒]"" title=""[话筒]"" src=""https://face.t.sinajs.cn/t4/appstyle/expression/ext/normal/48/2018new_huatong_org.png"" /><img alt=""[话筒]"" title=""[话筒]"" src=""https://face.t.sinajs.cn/t4/appstyle/expression/ext/normal/48/2018new_huatong_org.png"" /><img alt=""[话筒]"" title=""[话筒]"" src=""https://face.t.sinajs.cn/t4/appstyle/expression/ext/normal/48/2018new_huatong_org.png"" />",0,0
,4797583471678705,Mon Aug 01 09:14:57 +0800 2022,历城检察,https://weibo.com//u/5559711500,"关注热点<img alt=""[话筒]"" title=""[话筒]"" src=""https://face.t.sinajs.cn/t4/appstyle/expression/ext/normal/48/2018new_huatong_org.png"" />",0,0
,4797582105117239,Mon Aug 01 09:09:30 +0800 2022,铜仁消防,https://weibo.com//u/3192193400,"<img alt=""[话筒]"" title=""[话筒]"" src=""https://face.t.sinajs.cn/t4/appstyle/expression/ext/normal/48/2018new_huatong_org.png"" /><img alt=""[话筒]"" title=""[话筒]"" src=""https://face.t.sinajs.cn/t4/appstyle/expression/ext/normal/48/2018new_huatong_org.png"" />",0,0
,4798042421073241,Tue Aug 02 15:38:39 +0800 2022,贵港政法,https://weibo.com//u/1918373972,"关注<img alt=""[话筒]"" title=""[话筒]"" src=""https://face.t.sinajs.cn/t4/appstyle/expression/ext/normal/48/2018new_huatong_org.png"" /><img alt=""[话筒]"" title=""[话筒]"" src=""https://face.t.sinajs.cn/t4/appstyle/expression/ext/normal/48/2018new_huatong_org.png"" />",0,0
,4797967234241522,Tue Aug 02 10:39:53 +0800 2022,右江政法官方微博,https://weibo.com//u/6380860737,"<img alt=""[话筒]"" title=""[话筒]"" src=""https://face.t.sinajs.cn/t4/appstyle/expression/ext/normal/48/2018new_huatong_org.png"" /><img alt=""[话筒]"" title=""[话筒]"" src=""https://face.t.sinajs.cn/t4/appstyle/expression/ext/normal/48/2018new_huatong_org.png"" />",0,0
,4797769883848901,Mon Aug 01 21:35:41 +0800 2022,玉林政法,https://weibo.com//u/2310627033,"<img alt=""[话筒]"" title=""[话筒]"" src=""https://face.t.sinajs.cn/t4/appstyle/expression/ext/normal/48/2018new_huatong_org.png"" />",0,0
,4797668046668834,Mon Aug 01 14:51:01 +0800 2022,富阳检察,https://weibo.com//u/5181798374,关注热点，传递法治资讯,0,0
,4797667227732869,Mon Aug 01 14:47:46 +0800 2022,潍坊市人民检察院,https://weibo.com//u/6285362680,"<img alt=""[话筒]"" title=""[话筒]"" src=""https://face.t.sinajs.cn/t4/appstyle/expression/ext/normal/48/2018new_huatong_org.png"" /><img alt=""[话筒]"" title=""[话筒]"" src=""https://face.t.sinajs.cn/t4/appstyle/expression/ext/normal/48/2018new_huatong_org.png"" />",0,0
,4797659334840934,Mon Aug 01 14:16:24 +0800 2022,品质崇州,https://weibo.com//u/2000090825,关注,0,0
,4797630548547677,Mon Aug 01 12:22:01 +0800 2022,汕头政法,https://weibo.com//u/6092082113,"<img alt=""[话筒]"" title=""[话筒]"" src=""https://face.t.sinajs.cn/t4/appstyle/expression/ext/normal/48/2018new_huatong_org.png"" /><img alt=""[话筒]"" title=""[话筒]"" src=""https://face.t.sinajs.cn/t4/appstyle/expression/ext/normal/48/2018new_huatong_org.png"" />",0,0
,4797623519154708,Mon Aug 01 11:54:05 +0800 2022,菏泽市人民检察院,https://weibo.com//u/5455970373,"关注<img alt=""[话筒]"" title=""[话筒]"" src=""https://face.t.sinajs.cn/t4/appstyle/expression/ext/normal/48/2018new_huatong_org.png"" />关注<img alt=""[话筒]"" title=""[话筒]"" src=""https://face.t.sinajs.cn/t4/appstyle/expression/ext/normal/48/2018new_huatong_org.png"" />",0,0
,4797613189372224,Mon Aug 01 11:13:02 +0800 2022,槐荫检察,https://weibo.com//u/5541405531,关注热点信息，传递法治资讯<a href=/n/槐荫检察>@槐荫检察</a>,0,0
,4797610203024781,Mon Aug 01 11:01:10 +0800 2022,汉滨检察,https://weibo.com//u/5999587576,"<img alt=""[话筒]"" title=""[话筒]"" src=""https://face.t.sinajs.cn/t4/appstyle/expression/ext/normal/48/2018new_huatong_org.png"" /><img alt=""[话筒]"" title=""[话筒]"" src=""https://face.t.sinajs.cn/t4/appstyle/expression/ext/normal/48/2018new_huatong_org.png"" />",0,0
,4797609052471903,Mon Aug 01 10:56:35 +0800 2022,法润成华,https://weibo.com//u/3379501122,"<img alt=""[话筒]"" title=""[话筒]"" src=""https://face.t.sinajs.cn/t4/appstyle/expression/ext/normal/48/2018new_huatong_org.png"" /><img alt=""[话筒]"" title=""[话筒]"" src=""https://face.t.sinajs.cn/t4/appstyle/expression/ext/normal/48/2018new_huatong_org.png"" />",0,0
,4797607861555939,Mon Aug 01 10:51:52 +0800 2022,重庆巴南检察院,https://weibo.com//u/1748243474,"<img alt=""[话筒]"" title=""[话筒]"" src=""https://face.t.sinajs.cn/t4/appstyle/expression/ext/normal/48/2018new_huatong_org.png"" /><img alt=""[话筒]"" title=""[话筒]"" src=""https://face.t.sinajs.cn/t4/appstyle/expression/ext/normal/48/2018new_huatong_org.png"" />",0,0
,4797604825399354,Mon Aug 01 10:39:47 +0800 2022,丹棱县公安局,https://weibo.com//u/5168131006,"<img alt=""[话筒]"" title=""[话筒]"" src=""https://face.t.sinajs.cn/t4/appstyle/expression/ext/normal/48/2018new_huatong_org.png"" /><img alt=""[话筒]"" title=""[话筒]"" src=""https://face.t.sinajs.cn/t4/appstyle/expression/ext/normal/48/2018new_huatong_org.png"" />",0,0
,4797602945828147,Mon Aug 01 10:32:20 +0800 2022,成都人社局,https://weibo.com//u/2397088380,"<img alt=""[话筒]"" title=""[话筒]"" src=""https://face.t.sinajs.cn/t4/appstyle/expression/ext/normal/48/2018new_huatong_org.png"" />",0,0
,4797602769930208,Mon Aug 01 10:31:38 +0800 2022,重庆两江自贸法院,https://weibo.com//u/7181215996,"<img alt=""[话筒]"" title=""[话筒]"" src=""https://face.t.sinajs.cn/t4/appstyle/expression/ext/normal/48/2018new_huatong_org.png"" />",0,0
,4797597971650328,Mon Aug 01 10:12:34 +0800 2022,龙泉驿人社,https://weibo.com//u/2596443261,"<img alt=""[话筒]"" title=""[话筒]"" src=""https://face.t.sinajs.cn/t4/appstyle/expression/ext/normal/48/2018new_huatong_org.png"" />",0,0
,4797595535542748,Mon Aug 01 10:02:53 +0800 2022,济宁高新检察,https://weibo.com//u/6011848593,"<img alt=""[话筒]"" title=""[话筒]"" src=""https://face.t.sinajs.cn/t4/appstyle/expression/ext/normal/48/2018new_huatong_org.png"" /><img alt=""[话筒]"" title=""[话筒]"" src=""https://face.t.sinajs.cn/t4/appstyle/expression/ext/normal/48/2018new_huatong_org.png"" /><img alt=""[话筒]"" title=""[话筒]"" src=""https://face.t.sinajs.cn/t4/appstyle/expression/ext/normal/48/2018new_huatong_org.png"" />",0,0
,4797592679220234,Mon Aug 01 09:51:32 +0800 2022,西青检察官,https://weibo.com//u/5042240803,"<img alt=""[话筒]"" title=""[话筒]"" src=""https://face.t.sinajs.cn/t4/appstyle/expression/ext/normal/48/2018new_huatong_org.png"" /><img alt=""[话筒]"" title=""[话筒]"" src=""https://face.t.sinajs.cn/t4/appstyle/expression/ext/normal/48/2018new_huatong_org.png"" />",0,0
,4797589185365064,Mon Aug 01 09:37:39 +0800 2022,昌乐公安,https://weibo.com//u/2497909765,"<img alt=""[话筒]"" title=""[话筒]"" src=""https://face.t.sinajs.cn/t4/appstyle/expression/ext/normal/48/2018new_huatong_org.png"" /><img alt=""[话筒]"" title=""[话筒]"" src=""https://face.t.sinajs.cn/t4/appstyle/expression/ext/normal/48/2018new_huatong_org.png"" />",0,0
,4797585816293503,Mon Aug 01 09:24:16 +0800 2022,潍坊公安,https://weibo.com//u/2616360197,"<img alt=""[话筒]"" title=""[话筒]"" src=""https://face.t.sinajs.cn/t4/appstyle/expression/ext/normal/48/2018new_huatong_org.png"" />",0,0
,4797585179018925,Mon Aug 01 09:21:44 +0800 2022,菏泽中院,https://weibo.com//u/2156372723,"关注<img alt=""[话筒]"" title=""[话筒]"" src=""https://face.t.sinajs.cn/t4/appstyle/expression/ext/normal/48/2018new_huatong_org.png"" />关注<img alt=""[话筒]"" title=""[话筒]"" src=""https://face.t.sinajs.cn/t4/appstyle/expression/ext/normal/48/2018new_huatong_org.png"" />",0,0
,4797582981464184,Mon Aug 01 09:12:59 +0800 2022,眉山公安,https://weibo.com//u/3355041210,"<img alt=""[话筒]"" title=""[话筒]"" src=""https://face.t.sinajs.cn/t4/appstyle/expression/ext/normal/48/2018new_huatong_org.png"" /><img alt=""[话筒]"" title=""[话筒]"" src=""https://face.t.sinajs.cn/t4/appstyle/expression/ext/normal/48/2018new_huatong_org.png"" />",0,0
,4797584177103901,Mon Aug 01 09:17:45 +0800 2022,烟台市人民检察院,https://weibo.com//u/5043723586,关注热点信息，传递法治资讯,0,0
,4798057998716026,Tue Aug 02 16:40:33 +0800 2022,崇左市政法,https://weibo.com//u/3879624315,"关注<img alt=""[话筒]"" title=""[话筒]"" src=""https://face.t.sinajs.cn/t4/appstyle/expression/ext/normal/48/2018new_huatong_org.png"" /><img alt=""[话筒]"" title=""[话筒]"" src=""https://face.t.sinajs.cn/t4/appstyle/expression/ext/normal/48/2018new_huatong_org.png"" />",0,0
,4797699011905245,Mon Aug 01 16:54:04 +0800 2022,凌云政法微博2021,https://weibo.com//u/7491237153,"<img alt=""[话筒]"" title=""[话筒]"" src=""https://face.t.sinajs.cn/t4/appstyle/expression/ext/normal/48/2018new_huatong_org.png"" /><img alt=""[话筒]"" title=""[话筒]"" src=""https://face.t.sinajs.cn/t4/appstyle/expression/ext/normal/48/2018new_huatong_org.png"" />",0,0
,4797676660720932,Mon Aug 01 15:25:14 +0800 2022,百色政法微博,https://weibo.com//u/3880221777,关注<a href=/n/广西政法>@广西政法</a>,0,0
,4797596097053301,Mon Aug 01 10:05:06 +0800 2022,右江政法官方微博,https://weibo.com//u/6380860737,"<img alt=""[话筒]"" title=""[话筒]"" src=""https://face.t.sinajs.cn/t4/appstyle/expression/ext/normal/48/2018new_huatong_org.png"" /><img alt=""[话筒]"" title=""[话筒]"" src=""https://face.t.sinajs.cn/t4/appstyle/expression/ext/normal/48/2018new_huatong_org.png"" />",0,0
,4797594864191641,Mon Aug 01 10:00:13 +0800 2022,正义通山,https://weibo.com//u/5075850400,"<img alt=""[话筒]"" title=""[话筒]"" src=""https://face.t.sinajs.cn/t4/appstyle/expression/ext/normal/48/2018new_huatong_org.png"" />",0,0
,4797593357648165,Mon Aug 01 09:54:13 +0800 2022,凌云政法微博2021,https://weibo.com//u/7491237153,"<img alt=""[话筒]"" title=""[话筒]"" src=""https://face.t.sinajs.cn/t4/appstyle/expression/ext/normal/48/2018new_huatong_org.png"" /><img alt=""[话筒]"" title=""[话筒]"" src=""https://face.t.sinajs.cn/t4/appstyle/expression/ext/normal/48/2018new_huatong_org.png"" />",0,0
,4797586231268374,Mon Aug 01 09:25:55 +0800 2022,田阳政法,https://weibo.com//u/3879592696,"关注热点<img alt=""[话筒]"" title=""[话筒]"" src=""https://face.t.sinajs.cn/t4/appstyle/expression/ext/normal/48/2018new_huatong_org.png"" />",0,0
