﻿parent_comment_id,comment_id,comment_time,comment_user_name,comment_user_link,comment_content,comment_like_num,child_comment_num
,4797559699147239,Mon Aug 01 07:40:29 +0800 2022,墨墨爱啵赞,https://weibo.com//u/1821155860,他还吃过美人鱼,0,0
,4797431860430293,Sun Jul 31 23:12:29 +0800 2022,王大叽,https://weibo.com//u/5974308855,他痘印叫什么名字啊姐妹,0,2
4797431860430293.0,4797432221401497,Sun Jul 31 23:13:55 +0800 2022,奶盖帅桃,https://weibo.com//u/5501124595,"提子，不过现在账号找不到了<img alt=""[汗]"" title=""[汗]"" src=""https://face.t.sinajs.cn/t4/appstyle/expression/ext/normal/28/2018new_han_org.png"" />",0,0
4797431860430293.0,4797433068127634,Sun Jul 31 23:17:17 +0800 2022,王大叽,https://weibo.com//u/5974308855,回复<a href=/n/奶盖帅桃>@奶盖帅桃</a>:OK,0,0
,4797427926177658,Sun Jul 31 22:56:52 +0800 2022,就问你是不是不服输,https://weibo.com//u/7444028526,叫什么名字啊,0,1
4797427926177658.0,4797430090694769,Sun Jul 31 23:05:27 +0800 2022,奶盖帅桃,https://weibo.com//u/5501124595,等出事后她的视频好像全部下架了的，你去抖搜提子大白鲨说不定还能找到,0,0
