﻿parent_comment_id,comment_id,comment_time,comment_user_name,comment_user_link,comment_content,comment_like_num,child_comment_num
,4797559735848332,Mon Aug 01 07:40:38 +0800 2022,执笔写心·笑看花开88,https://weibo.com//u/6194598083,"<img alt=""[摊手]"" title=""[摊手]"" src=""https://face.t.sinajs.cn/t4/appstyle/expression/ext/normal/62/2018new_tanshou_org.png"" /><img alt=""[摊手]"" title=""[摊手]"" src=""https://face.t.sinajs.cn/t4/appstyle/expression/ext/normal/62/2018new_tanshou_org.png"" /><img alt=""[摊手]"" title=""[摊手]"" src=""https://face.t.sinajs.cn/t4/appstyle/expression/ext/normal/62/2018new_tanshou_org.png"" />",1,1
4797559735848332.0,4797726707680551,Mon Aug 01 18:44:06 +0800 2022,汪秀华77,https://weibo.com//u/5400501139,"<img alt=""[哆啦A梦害怕]"" title=""[哆啦A梦害怕]"" src=""https://face.t.sinajs.cn/t4/appstyle/expression/ext/normal/c7/dorahaipa_org.gif"" /><img alt=""[哆啦A梦害怕]"" title=""[哆啦A梦害怕]"" src=""https://face.t.sinajs.cn/t4/appstyle/expression/ext/normal/c7/dorahaipa_org.gif"" />",0,0
,4797551134376927,Mon Aug 01 07:06:27 +0800 2022,a若狭·,https://weibo.com//u/6912098909,吓人,1,1
4797551134376927.0,4797726750149081,Mon Aug 01 18:44:17 +0800 2022,汪秀华77,https://weibo.com//u/5400501139,"是的<img alt=""[摊手]"" title=""[摊手]"" src=""https://face.t.sinajs.cn/t4/appstyle/expression/ext/normal/62/2018new_tanshou_org.png"" />",0,0
,4797549657983140,Mon Aug 01 07:00:35 +0800 2022,无双公子0918,https://weibo.com//u/7442833570,咋滴吸引眼球咋来,2,1
4797549657983140.0,4797726883318895,Mon Aug 01 18:44:49 +0800 2022,汪秀华77,https://weibo.com//u/5400501139,是的,0,0
,4797534125686938,Mon Aug 01 05:58:52 +0800 2022,归港老船,https://weibo.com//u/7606868539,早,1,1
4797534125686938.0,4797726905340063,Mon Aug 01 18:44:54 +0800 2022,汪秀华77,https://weibo.com//u/5400501139,早安,0,0
,4797486549435110,Mon Aug 01 02:49:49 +0800 2022,蓝胖的日光浴,https://weibo.com//u/5848085227,深情不及久伴,2,1
4797486549435110.0,4797726858943620,Mon Aug 01 18:44:43 +0800 2022,汪秀华77,https://weibo.com//u/5400501139,💞💫👧🏻🐈🌟👌🏻  ॱଳ͘ 陷落美好 满溢温柔  我们的八月 都要过的足够好 ˙Ⱉ˙ฅ,0,0
,4797484024987819,Mon Aug 01 02:39:46 +0800 2022,轻舞飞扬613,https://weibo.com//u/7769860310,"<a href=""//s.weibo.com/weibo?q=%23%E8%AD%A6%E6%96%B9%E8%AE%A4%E5%AE%9A%E7%BD%91%E7%BA%A2%E7%94%A8%E6%BF%92%E5%8D%B1%E5%A4%A7%E7%99%BD%E9%B2%A8%E5%81%9A%E7%BE%8E%E9%A3%9F%23"" target=""_blank"">#警方认定网红用濒危大白鲨做美食#</a><a href=""//s.weibo.com/weibo?q=%23%E6%8F%90%E5%AD%90%23"" target=""_blank"">#提子#</a>   为什么有那么多人为了流量铤而走险呢？不是吃大白鲨？就是写小作文消费前任或者敲诈前任？恋爱的时候，没人知道，分手时，天下皆知？",2,1
4797484024987819.0,4797726934700825,Mon Aug 01 18:45:01 +0800 2022,汪秀华77,https://weibo.com//u/5400501139,"<img alt=""[抱抱]"" title=""[抱抱]"" src=""https://face.t.sinajs.cn/t4/appstyle/expression/ext/normal/42/2018new_baobao_org.png"" /><img alt=""[抱抱]"" title=""[抱抱]"" src=""https://face.t.sinajs.cn/t4/appstyle/expression/ext/normal/42/2018new_baobao_org.png"" /><img alt=""[抱抱]"" title=""[抱抱]"" src=""https://face.t.sinajs.cn/t4/appstyle/expression/ext/normal/42/2018new_baobao_org.png"" />",0,0
,4797483602149381,Mon Aug 01 02:38:05 +0800 2022,航航713,https://weibo.com//u/7777342362,"<a href=""//s.weibo.com/weibo?q=%23%E8%AD%A6%E6%96%B9%E8%AE%A4%E5%AE%9A%E7%BD%91%E7%BA%A2%E7%94%A8%E6%BF%92%E5%8D%B1%E5%A4%A7%E7%99%BD%E9%B2%A8%E5%81%9A%E7%BE%8E%E9%A3%9F%23"" target=""_blank"">#警方认定网红用濒危大白鲨做美食#</a><a href=""//s.weibo.com/weibo?q=%23%E6%8F%90%E5%AD%90%23"" target=""_blank"">#提子#</a>   为什么有那么多人为了流量铤而走险呢？不是吃大白鲨？就是写小作文消费前任或者敲诈前任？",2,1
4797483602149381.0,4797726972448599,Mon Aug 01 18:45:10 +0800 2022,汪秀华77,https://weibo.com//u/5400501139,"<img alt=""[摊手]"" title=""[摊手]"" src=""https://face.t.sinajs.cn/t4/appstyle/expression/ext/normal/62/2018new_tanshou_org.png"" /><img alt=""[摊手]"" title=""[摊手]"" src=""https://face.t.sinajs.cn/t4/appstyle/expression/ext/normal/62/2018new_tanshou_org.png"" /><img alt=""[摊手]"" title=""[摊手]"" src=""https://face.t.sinajs.cn/t4/appstyle/expression/ext/normal/62/2018new_tanshou_org.png"" />",0,0
,4797480484733644,Mon Aug 01 02:25:43 +0800 2022,汪秀华77,https://weibo.com//u/5400501139,"<img alt=""[摊手]"" title=""[摊手]"" src=""https://face.t.sinajs.cn/t4/appstyle/expression/ext/normal/62/2018new_tanshou_org.png"" /><img alt=""[摊手]"" title=""[摊手]"" src=""https://face.t.sinajs.cn/t4/appstyle/expression/ext/normal/62/2018new_tanshou_org.png"" />",2,1
4797480484733644.0,4797726686186757,Mon Aug 01 18:44:02 +0800 2022,汪秀华77,https://weibo.com//u/5400501139,"<img alt=""[摊手]"" title=""[摊手]"" src=""https://face.t.sinajs.cn/t4/appstyle/expression/ext/normal/62/2018new_tanshou_org.png"" /><img alt=""[摊手]"" title=""[摊手]"" src=""https://face.t.sinajs.cn/t4/appstyle/expression/ext/normal/62/2018new_tanshou_org.png"" />",0,0
