﻿parent_comment_id,comment_id,comment_time,comment_user_name,comment_user_link,comment_content,comment_like_num,child_comment_num
,4797450584066855,Mon Aug 01 00:26:54 +0800 2022,见国超当然要跑着去,https://weibo.com//u/6434440306,捞,1,0
,4797450277096046,Mon Aug 01 00:25:41 +0800 2022,爱超超的小十二,https://weibo.com//u/7495451141,捞捞,1,0
,4797449997126341,Mon Aug 01 00:24:34 +0800 2022,汐颜is嘉人吖,https://weibo.com//u/7456696852,"吃牢饭去吧<img alt=""[吃瓜]"" title=""[吃瓜]"" src=""https://face.t.sinajs.cn/t4/appstyle/expression/ext/normal/01/2018new_chigua_org.png"" />",2,0
,4797449409402099,Mon Aug 01 00:22:14 +0800 2022,任嘉伦周生如故周生辰,https://weibo.com//u/6469919438,捞,1,0
,4797448516799816,Mon Aug 01 00:18:41 +0800 2022,soso的芒果冰,https://weibo.com//u/5532135194,"<img alt=""[费解]"" title=""[费解]"" src=""https://face.t.sinajs.cn/t4/appstyle/expression/ext/normal/2a/2018new_wenhao_org.png"" />",3,0
,4797448465157198,Mon Aug 01 00:18:29 +0800 2022,坠星湾_果果,https://weibo.com//u/5263503758,捞,3,0
,4797447958959209,Mon Aug 01 00:16:28 +0800 2022,叶可爱·,https://weibo.com//u/5159240533,捞,3,0
,4797447698908105,Mon Aug 01 00:15:25 +0800 2022,嘉伦会发光RJL,https://weibo.com//u/7199845113,么放出来了,3,0
,4797447690259341,Mon Aug 01 00:15:24 +0800 2022,超超家的汐颜吖,https://weibo.com//u/7392662109,"<img alt=""[笑cry]"" title=""[笑cry]"" src=""https://face.t.sinajs.cn/t4/appstyle/expression/ext/normal/4a/2018new_xiaoku_thumb.png"" /><img alt=""[笑cry]"" title=""[笑cry]"" src=""https://face.t.sinajs.cn/t4/appstyle/expression/ext/normal/4a/2018new_xiaoku_thumb.png"" />",2,0
,4797447648057540,Mon Aug 01 00:15:14 +0800 2022,·星辰島·,https://weibo.com//u/7650981833,"<img alt=""[哆啦A梦害怕]"" title=""[哆啦A梦害怕]"" src=""https://face.t.sinajs.cn/t4/appstyle/expression/ext/normal/c7/dorahaipa_org.gif"" /><img alt=""[哆啦A梦害怕]"" title=""[哆啦A梦害怕]"" src=""https://face.t.sinajs.cn/t4/appstyle/expression/ext/normal/c7/dorahaipa_org.gif"" />",3,0
,4797447534809042,Mon Aug 01 00:14:47 +0800 2022,超超家的汐颜吖,https://weibo.com//u/7392662109,"<img alt=""[吃瓜]"" title=""[吃瓜]"" src=""https://face.t.sinajs.cn/t4/appstyle/expression/ext/normal/01/2018new_chigua_org.png"" /><img alt=""[吃瓜]"" title=""[吃瓜]"" src=""https://face.t.sinajs.cn/t4/appstyle/expression/ext/normal/01/2018new_chigua_org.png"" /><img alt=""[吃瓜]"" title=""[吃瓜]"" src=""https://face.t.sinajs.cn/t4/appstyle/expression/ext/normal/01/2018new_chigua_org.png"" />",2,0
,4797447408457944,Mon Aug 01 00:14:17 +0800 2022,艾嘉·叮当猫,https://weibo.com//u/7729502054,太作了,1,0
