﻿parent_comment_id,comment_id,comment_time,comment_user_name,comment_user_link,comment_content,comment_like_num,child_comment_num
,4797680742568161,Mon Aug 01 15:41:28 +0800 2022,四川魏静,https://weibo.com//u/2248834985,"<a href=""//s.weibo.com/weibo?q=%23%E7%BD%91%E7%BA%A2%E5%90%83%E5%A4%A7%E7%99%BD%E9%B2%A8%E4%BA%8B%E4%BB%B6%E5%BF%85%E9%A1%BB%E4%B8%A5%E6%9F%A5%23"" target=""_blank"">#网红吃大白鲨事件必须严查#</a> ，<a href=""//s.weibo.com/weibo?q=%23%E7%BD%91%E7%BA%A2%E6%8F%90%E5%AD%90%E8%B4%A6%E5%8F%B7%E8%A2%AB%E5%B0%81%E7%A6%81%23"" target=""_blank"">#网红提子账号被封禁#</a>！//<a href=/n/灵水旁边>@灵水旁边</a>:无底线的网红太多了。",0,0
,4797532632253065,Mon Aug 01 05:52:56 +0800 2022,夏淮清歌,https://weibo.com//u/2973262521,这个够得上情节严重恶劣了吧,4,1
4797532632253065.0,4797679581011359,Mon Aug 01 15:36:51 +0800 2022,四川魏静,https://weibo.com//u/2248834985,"<img alt=""[并不简单]"" title=""[并不简单]"" src=""https://face.t.sinajs.cn/t4/appstyle/expression/ext/normal/aa/2018new_bingbujiandan_org.png"" />",0,0
,4797486147305761,Mon Aug 01 02:48:13 +0800 2022,男道蜀,https://weibo.com//u/6125766523,HP绰绰的。,0,1
4797486147305761.0,4797679560037533,Mon Aug 01 15:36:46 +0800 2022,四川魏静,https://weibo.com//u/2248834985,"<img alt=""[允悲]"" title=""[允悲]"" src=""https://face.t.sinajs.cn/t4/appstyle/expression/ext/normal/83/2018new_kuxiao_org.png"" />",0,0
,4797447605589669,Mon Aug 01 00:15:04 +0800 2022,灵水旁边,https://weibo.com//u/1018373005,无底线的网红太多了。,4,1
4797447605589669.0,4797448708949893,Mon Aug 01 00:19:27 +0800 2022,四川魏静,https://weibo.com//u/2248834985,"<img alt=""[污]"" title=""[污]"" src=""https://face.t.sinajs.cn/t4/appstyle/expression/ext/normal/10/2018new_wu_org.png"" />",0,0
