﻿parent_comment_id,comment_id,comment_time,comment_user_name,comment_user_link,comment_content,comment_like_num,child_comment_num
,4797573368382204,Mon Aug 01 08:34:47 +0800 2022,格格动植物保护中心官方微博,https://weibo.com//u/7278623869,重判,0,0
,4797562483638530,Mon Aug 01 07:51:32 +0800 2022,蛮吉咔咔,https://weibo.com//u/5315314849,买的时候是死是活,0,0
,4797999513339644,Tue Aug 02 12:48:09 +0800 2022,青青46625,https://weibo.com//u/7213187676,"还耶不耶了<img alt=""[笑cry]"" title=""[笑cry]"" src=""https://face.t.sinajs.cn/t4/appstyle/expression/ext/normal/4a/2018new_xiaoku_thumb.png"" />",0,0
,4797794403747719,Mon Aug 01 23:13:07 +0800 2022,俗不可耐的黑,https://weibo.com//u/2005140581,"看法：产生这种事情原因1流量至上，通过猎奇收集群众目光，危害2畸形的价值观，对社会产生不好的导向，易产生犯罪心理，对策3正确引导，加大宣传，通过三微一端，加强普法教育，举例子摆事实的方式，完善对对平台监管，加大对类似吃播处罚力度，<img alt=""[doge]"" title=""[doge]"" src=""https://face.t.sinajs.cn/t4/appstyle/expression/ext/normal/a1/2018new_doge02_org.png"" /><img alt=""[doge]"" title=""[doge]"" src=""https://face.t.sinajs.cn/t4/appstyle/expression/ext/normal/a1/2018new_doge02_org.png"" /><img alt=""[doge]"" title=""[doge]"" src=""https://face.t.sinajs.cn/t4/appstyle/expression/ext/normal/a1/2018new_doge02_org.png"" /><img alt=""[doge]"" title=""[doge]"" src=""https://face.t.sinajs.cn/t4/appstyle/expression/ext/normal/a1/2018new_doge02_org.png"" />",0,1
4797794403747719.0,4797794545833524,Mon Aug 01 23:13:41 +0800 2022,俗不可耐的黑,https://weibo.com//u/2005140581,有没有面试大佬给我补下,0,0
,4797786337840017,Mon Aug 01 22:41:04 +0800 2022,wpxy大吉大利,https://weibo.com//u/5695030895,这头大白鲨终于可以安息了。,2,0
,4797764880566696,Mon Aug 01 21:15:48 +0800 2022,奥特之傅,https://weibo.com//u/1610270530,"好像丧尸<img alt=""[费解]"" title=""[费解]"" src=""https://face.t.sinajs.cn/t4/appstyle/expression/ext/normal/2a/2018new_wenhao_org.png"" /><img alt=""[费解]"" title=""[费解]"" src=""https://face.t.sinajs.cn/t4/appstyle/expression/ext/normal/2a/2018new_wenhao_org.png"" />",0,0
,4797754398737100,Mon Aug 01 20:34:08 +0800 2022,河北大学生务农日记,https://weibo.com//u/7770684399,僵尸🧟‍♂️<a href=/n/怎敌她晚来疯急>@怎敌她晚来疯急</a>,0,1
4797754398737100.0,4797987652371617,Tue Aug 02 12:01:00 +0800 2022,怎敌她晚来疯急,https://weibo.com//u/7040191826,像第五人格的画风（）,0,0
,4797681635431131,Mon Aug 01 15:45:01 +0800 2022,提子吐司一片,https://weibo.com//u/3980145720,"老铁们，给大伙表演吃牢饭了，双击点赞<img alt=""[doge]"" title=""[doge]"" src=""https://face.t.sinajs.cn/t4/appstyle/expression/ext/normal/a1/2018new_doge02_org.png"" />",3,0
,4797665047218409,Mon Aug 01 14:39:06 +0800 2022,易胖难瘦体质患者,https://weibo.com//u/1250403087,关键是通过视频的方式全程记录并公开展示了自己的犯罪过程，尴尬。,0,0
,4797627269644370,Mon Aug 01 12:08:58 +0800 2022,猕猴桃爱喝酸奶,https://weibo.com//u/7168673341,"这个画面如同丧尸<img alt=""[二哈]"" title=""[二哈]"" src=""https://face.t.sinajs.cn/t4/appstyle/expression/ext/normal/22/2018new_erha_org.png"" />",1,0
,4797586194303435,Mon Aug 01 09:25:46 +0800 2022,沉醉在富真的眼神里,https://weibo.com//u/7596074756,"鬼啊<img alt=""[笑而不语]"" title=""[笑而不语]"" src=""https://face.t.sinajs.cn/t4/appstyle/expression/ext/normal/2d/2018new_xiaoerbuyu_org.png"" /><img alt=""[笑而不语]"" title=""[笑而不语]"" src=""https://face.t.sinajs.cn/t4/appstyle/expression/ext/normal/2d/2018new_xiaoerbuyu_org.png"" /><img alt=""[允悲]"" title=""[允悲]"" src=""https://face.t.sinajs.cn/t4/appstyle/expression/ext/normal/83/2018new_kuxiao_org.png"" /><img alt=""[允悲]"" title=""[允悲]"" src=""https://face.t.sinajs.cn/t4/appstyle/expression/ext/normal/83/2018new_kuxiao_org.png"" /><img alt=""[笑cry]"" title=""[笑cry]"" src=""https://face.t.sinajs.cn/t4/appstyle/expression/ext/normal/4a/2018new_xiaoku_thumb.png"" /><img alt=""[笑cry]"" title=""[笑cry]"" src=""https://face.t.sinajs.cn/t4/appstyle/expression/ext/normal/4a/2018new_xiaoku_thumb.png"" />",1,0
,4797572072080458,Mon Aug 01 08:29:39 +0800 2022,Smile土鳖王子,https://weibo.com//u/1677428250,刑啊 有判头了,4,0
,4797571513455920,Mon Aug 01 08:27:26 +0800 2022,飞天咸鱼33,https://weibo.com//u/2941253993,吐了这吃相,16,0
,4797568380309112,Mon Aug 01 08:14:59 +0800 2022,灵鸽c,https://weibo.com//u/2621809313,"人是出名了 但是人也进去了<img alt=""[doge]"" title=""[doge]"" src=""https://face.t.sinajs.cn/t4/appstyle/expression/ext/normal/a1/2018new_doge02_org.png"" />",10,0
,4797565587949274,Mon Aug 01 08:03:53 +0800 2022,LMM70,https://weibo.com//u/1904419360,不知道为什么有些美食博主会拍配图这种吃法的视频，看到就觉得胃满满的，食欲都没了。一有这种跳出来，赶紧划走。,51,2
4797565587949274.0,4797633468830030,Mon Aug 01 12:33:37 +0800 2022,LMM70,https://weibo.com//u/1904419360,回复<a href=/n/比较难相处的皓>@比较难相处的皓</a>:我相信一个浮躁的时代过了，会回归正常。,1,0
4797565587949274.0,4797626941441606,Mon Aug 01 12:07:41 +0800 2022,比较难相处的皓,https://weibo.com//u/1856748902,因为现在喜欢这类猎奇风格的人很多，只是我们不喜欢罢了，整个大环境，我们才是孤儿。,3,0
,4797561540708403,Mon Aug 01 07:47:48 +0800 2022,会飞的青蛙__,https://weibo.com//u/2575631101,她这个判几年啊？,3,0
,4797561158764445,Mon Aug 01 07:46:17 +0800 2022,hawax_w1,https://weibo.com//u/5598821654,她这个判几年啊？,19,4
4797561158764445.0,4797561350654609,Mon Aug 01 07:47:03 +0800 2022,NewDPRK,https://weibo.com//u/5483769449,"参考图片评论 <a target=""_blank"" data-pid=005Z7kWlgy1h4qxezltvuj30ky0dc0um  href=""http://wx3.sinaimg.cn/large/005Z7kWlgy1h4qxezltvuj30ky0dc0um.jpg""><img class=""icon-link"" src=""https://h5.sinaimg.cn/upload/2015/01/21/20/timeline_card_small_photo_default.png""/>查看图片</a>",0,0
4797561158764445.0,4798323078469076,Wed Aug 03 10:13:53 +0800 2022,虾米有羽的幸福时光08376,https://weibo.com//u/6313424481,"<img alt=""[笑cry]"" title=""[笑cry]"" src=""https://face.t.sinajs.cn/t4/appstyle/expression/ext/normal/4a/2018new_xiaoku_thumb.png"" />，不至于，她买来的已经是死掉了的，行政处罚可能性大一点。不过好像还涉及到其他件，那就不好说了。",0,0
4797561158764445.0,4798018106430748,Tue Aug 02 14:02:02 +0800 2022,愤怒的辉歌,https://weibo.com//u/6076366403,"很可能只是拘役 如果没有参与杀害捕捞贩卖的话很难入刑  如果买的时候是活的的话她就去牢里蹲吧<img alt=""[怒]"" title=""[怒]"" src=""https://face.t.sinajs.cn/t4/appstyle/expression/ext/normal/f6/2018new_nu_org.png"" />",0,0
4797561158764445.0,4797609648853775,Mon Aug 01 10:58:58 +0800 2022,熙熙攘攘emj,https://weibo.com//u/1637141234,"回复<a href=/n/NewDPRK>@NewDPRK</a>:如果算影响的范围的话，那不是要判10年以上<img alt=""[doge]"" title=""[doge]"" src=""https://face.t.sinajs.cn/t4/appstyle/expression/ext/normal/a1/2018new_doge02_org.png"" />",1,0
