﻿parent_comment_id,comment_id,comment_time,comment_user_name,comment_user_link,comment_content,comment_like_num,child_comment_num
,4797433475503805,Sun Jul 31 23:18:55 +0800 2022,自信的扣jio,https://weibo.com//u/3220531430,"那玩意能好吃么<img alt=""[并不简单]"" title=""[并不简单]"" src=""https://face.t.sinajs.cn/t4/appstyle/expression/ext/normal/aa/2018new_bingbujiandan_org.png"" />",0,0
,4797429972737124,Sun Jul 31 23:05:00 +0800 2022,提子吐司一片,https://weibo.com//u/3980145720,"<img alt=""[微笑]"" title=""[微笑]"" src=""https://face.t.sinajs.cn/t4/appstyle/expression/ext/normal/e3/2018new_weixioa02_org.png"" />好奇使我去看了她的其他视频，好浮夸，像妖怪吃人",2,1
4797429972737124.0,4797430153615464,Sun Jul 31 23:05:43 +0800 2022,8090数码美视,https://weibo.com//u/5388050071,"是挺渗人的<img alt=""[允悲]"" title=""[允悲]"" src=""https://face.t.sinajs.cn/t4/appstyle/expression/ext/normal/83/2018new_kuxiao_org.png"" />",0,0
,4797429809943540,Sun Jul 31 23:04:21 +0800 2022,薛定谔的英短咕咭咕,https://weibo.com//u/6244150805,5年以下,1,0
,4797428488211829,Sun Jul 31 22:59:05 +0800 2022,熊不知,https://weibo.com//u/1731371333,当网红真拼。,1,1
4797428488211829.0,4797428731224729,Sun Jul 31 23:00:04 +0800 2022,8090数码美视,https://weibo.com//u/5388050071,"甚至毫无底线<img alt=""[哼]"" title=""[哼]"" src=""https://face.t.sinajs.cn/t4/appstyle/expression/ext/normal/7c/2018new_heng_org.png"" />",0,0
