﻿parent_comment_id,comment_id,comment_time,comment_user_name,comment_user_link,comment_content,comment_like_num,child_comment_num
,4797426554379778,Sun Jul 31 22:51:25 +0800 2022,趟过这条河是山坡,https://weibo.com//u/7245124884,si了也要报仇！,0,0
,4797425107338633,Sun Jul 31 22:45:40 +0800 2022,Sarat_bag,https://weibo.com//u/3178019612,"笑死我了<img alt=""[允悲]"" title=""[允悲]"" src=""https://face.t.sinajs.cn/t4/appstyle/expression/ext/normal/83/2018new_kuxiao_org.png"" />",0,0
,4797432078534109,Sun Jul 31 23:13:21 +0800 2022,考研专用小马甲哈,https://weibo.com//u/6208868385,哈哈哈哈哈哈哈笑死我了,0,0
,4797441741689296,Sun Jul 31 23:51:46 +0800 2022,-雾里寻kun,https://weibo.com//u/7622195121,"哈哈哈<img alt=""[doge]"" title=""[doge]"" src=""https://face.t.sinajs.cn/t4/appstyle/expression/ext/normal/a1/2018new_doge02_org.png"" />",0,0
,4797438156610598,Sun Jul 31 23:37:31 +0800 2022,春田花花啊May,https://weibo.com//u/7715040243,"<img alt=""[允悲]"" title=""[允悲]"" src=""https://face.t.sinajs.cn/t4/appstyle/expression/ext/normal/83/2018new_kuxiao_org.png"" /><img alt=""[允悲]"" title=""[允悲]"" src=""https://face.t.sinajs.cn/t4/appstyle/expression/ext/normal/83/2018new_kuxiao_org.png"" /><img alt=""[允悲]"" title=""[允悲]"" src=""https://face.t.sinajs.cn/t4/appstyle/expression/ext/normal/83/2018new_kuxiao_org.png"" />",0,0
,4797437987788470,Sun Jul 31 23:36:51 +0800 2022,一颗聪明蛋的心情,https://weibo.com//u/5048440586,"<img alt=""[允悲]"" title=""[允悲]"" src=""https://face.t.sinajs.cn/t4/appstyle/expression/ext/normal/83/2018new_kuxiao_org.png"" />",0,0
,4797430182973717,Sun Jul 31 23:05:50 +0800 2022,天羽狩的傲娇龙人大宝贝敖雪,https://weibo.com//u/5647555156,"用魔法打败魔法 <img alt=""[允悲]"" title=""[允悲]"" src=""https://face.t.sinajs.cn/t4/appstyle/expression/ext/normal/83/2018new_kuxiao_org.png"" />",9,0
