﻿parent_comment_id,comment_id,comment_time,comment_user_name,comment_user_link,comment_content,comment_like_num,child_comment_num
,4797600388088613,Mon Aug 01 10:22:10 +0800 2022,胖球球_yomin,https://weibo.com//u/1861569974,"我有画面感了，人没了<img alt=""[裂开]"" title=""[裂开]"" src=""https://face.t.sinajs.cn/t4/appstyle/expression/ext/normal/1b/202011_liekai_org.png"" /><img alt=""[裂开]"" title=""[裂开]"" src=""https://face.t.sinajs.cn/t4/appstyle/expression/ext/normal/1b/202011_liekai_org.png"" /><img alt=""[裂开]"" title=""[裂开]"" src=""https://face.t.sinajs.cn/t4/appstyle/expression/ext/normal/1b/202011_liekai_org.png"" />",1,16
4797600388088613.0,4797628384808670,Mon Aug 01 12:13:25 +0800 2022,猫眼-妖孽,https://weibo.com//u/2291797891,🙈🙈🙈🙈,1,0
4797600388088613.0,4797799105038607,Mon Aug 01 23:31:47 +0800 2022,胖球球_yomin,https://weibo.com//u/1861569974,"回复<a href=/n/猫眼-妖孽>@猫眼-妖孽</a>:啊啊啊啊啊啊，好蛊啊<img alt=""[污]"" title=""[污]"" src=""https://face.t.sinajs.cn/t4/appstyle/expression/ext/normal/10/2018new_wu_org.png"" /><img alt=""[污]"" title=""[污]"" src=""https://face.t.sinajs.cn/t4/appstyle/expression/ext/normal/10/2018new_wu_org.png"" /><img alt=""[污]"" title=""[污]"" src=""https://face.t.sinajs.cn/t4/appstyle/expression/ext/normal/10/2018new_wu_org.png"" />我发布了动图<img alt=""[裂开]"" title=""[裂开]"" src=""https://face.t.sinajs.cn/t4/appstyle/expression/ext/normal/1b/202011_liekai_org.png"" /><img alt=""[裂开]"" title=""[裂开]"" src=""https://face.t.sinajs.cn/t4/appstyle/expression/ext/normal/1b/202011_liekai_org.png"" /><img alt=""[裂开]"" title=""[裂开]"" src=""https://face.t.sinajs.cn/t4/appstyle/expression/ext/normal/1b/202011_liekai_org.png"" />",1,0
4797600388088613.0,4797798735943440,Mon Aug 01 23:30:20 +0800 2022,猫眼-妖孽,https://weibo.com//u/2291797891,"回复<a href=/n/胖球球_yomin>@胖球球_yomin</a>:图片评论 <a target=""_blank"" href=""https://t.cn/A6aDqC8L""><img class=""icon-link"" src=""https://h5.sinaimg.cn/upload/2015/09/25/3/timeline_card_small_web_default.png""/>网页链接</a>",1,0
4797600388088613.0,4797798317294699,Mon Aug 01 23:28:40 +0800 2022,胖球球_yomin,https://weibo.com//u/1861569974,回复<a href=/n/猫眼-妖孽>@猫眼-妖孽</a>:拉上姐姐，三个人坐一天，就盯着👀,1,0
4797600388088613.0,4797798157123926,Mon Aug 01 23:28:01 +0800 2022,猫眼-妖孽,https://weibo.com//u/2291797891,"回复<a href=/n/胖球球_yomin>@胖球球_yomin</a>:我也能，看他就行了<img alt=""[哈哈]"" title=""[哈哈]"" src=""https://face.t.sinajs.cn/t4/appstyle/expression/ext/normal/8f/2018new_haha_org.png"" /><img alt=""[哈哈]"" title=""[哈哈]"" src=""https://face.t.sinajs.cn/t4/appstyle/expression/ext/normal/8f/2018new_haha_org.png"" /><img alt=""[哈哈]"" title=""[哈哈]"" src=""https://face.t.sinajs.cn/t4/appstyle/expression/ext/normal/8f/2018new_haha_org.png"" />",1,0
4797600388088613.0,4797798010591288,Mon Aug 01 23:27:27 +0800 2022,胖球球_yomin,https://weibo.com//u/1861569974,"回复<a href=/n/猫眼-妖孽>@猫眼-妖孽</a>:这酒吧我能坐一天，啥也不用吃<img alt=""[doge]"" title=""[doge]"" src=""https://face.t.sinajs.cn/t4/appstyle/expression/ext/normal/a1/2018new_doge02_org.png"" />",1,0
4797600388088613.0,4797797779898957,Mon Aug 01 23:26:31 +0800 2022,猫眼-妖孽,https://weibo.com//u/2291797891,"回复<a href=/n/胖球球_yomin>@胖球球_yomin</a>:老公<img alt=""[亲亲]"" title=""[亲亲]"" src=""https://face.t.sinajs.cn/t4/appstyle/expression/ext/normal/2c/2018new_qinqin_org.png"" /><img alt=""[亲亲]"" title=""[亲亲]"" src=""https://face.t.sinajs.cn/t4/appstyle/expression/ext/normal/2c/2018new_qinqin_org.png"" /><img alt=""[亲亲]"" title=""[亲亲]"" src=""https://face.t.sinajs.cn/t4/appstyle/expression/ext/normal/2c/2018new_qinqin_org.png"" />",1,0
4797600388088613.0,4797797096490560,Mon Aug 01 23:23:48 +0800 2022,胖球球_yomin,https://weibo.com//u/1861569974,"回复<a href=/n/猫眼-妖孽>@猫眼-妖孽</a>:蛊惑你<img alt=""[抱一抱]"" title=""[抱一抱]"" src=""https://face.t.sinajs.cn/t4/appstyle/expression/ext/normal/af/2020_hug_org.png"" /> <a target=""_blank"" href=""https://t.cn/A6aDqqAh""><img class=""icon-link"" src=""https://h5.sinaimg.cn/upload/2015/09/25/3/timeline_card_small_web_default.png""/>网页链接</a>",1,0
4797600388088613.0,4797796894638929,Mon Aug 01 23:23:00 +0800 2022,猫眼-妖孽,https://weibo.com//u/2291797891,"回复<a href=/n/胖球球_yomin>@胖球球_yomin</a>:好主意<img alt=""[偷乐]"" title=""[偷乐]"" src=""https://face.t.sinajs.cn/t4/appstyle/expression/ext/normal/fa/lxhtouxiao_thumb.gif"" /><img alt=""[偷乐]"" title=""[偷乐]"" src=""https://face.t.sinajs.cn/t4/appstyle/expression/ext/normal/fa/lxhtouxiao_thumb.gif"" /><img alt=""[偷乐]"" title=""[偷乐]"" src=""https://face.t.sinajs.cn/t4/appstyle/expression/ext/normal/fa/lxhtouxiao_thumb.gif"" /> <a target=""_blank"" href=""https://t.cn/A6aDq4m4""><img class=""icon-link"" src=""https://h5.sinaimg.cn/upload/2015/09/25/3/timeline_card_small_web_default.png""/>网页链接</a>",1,0
4797600388088613.0,4797791530126280,Mon Aug 01 23:01:42 +0800 2022,胖球球_yomin,https://weibo.com//u/1861569974,"回复<a href=/n/猫眼-妖孽>@猫眼-妖孽</a>:我需要看看梁梁，洗洗脑洗洗眼<img alt=""[亲亲]"" title=""[亲亲]"" src=""https://face.t.sinajs.cn/t4/appstyle/expression/ext/normal/2c/2018new_qinqin_org.png"" />",1,0
4797600388088613.0,4797790033809610,Mon Aug 01 22:55:45 +0800 2022,猫眼-妖孽,https://weibo.com//u/2291797891,"回复<a href=/n/胖球球_yomin>@胖球球_yomin</a>:忘了它忘了它忘了它<img alt=""[喵喵]"" title=""[喵喵]"" src=""https://face.t.sinajs.cn/t4/appstyle/expression/ext/normal/7b/2018new_miaomiao_org.png"" /><img alt=""[喵喵]"" title=""[喵喵]"" src=""https://face.t.sinajs.cn/t4/appstyle/expression/ext/normal/7b/2018new_miaomiao_org.png"" /><img alt=""[喵喵]"" title=""[喵喵]"" src=""https://face.t.sinajs.cn/t4/appstyle/expression/ext/normal/7b/2018new_miaomiao_org.png"" />念咒中",1,0
4797600388088613.0,4797788543783943,Mon Aug 01 22:49:50 +0800 2022,胖球球_yomin,https://weibo.com//u/1861569974,"回复<a href=/n/猫眼-妖孽>@猫眼-妖孽</a>:我刚刚不小心点开了她被封号的消息…然后我<img alt=""[裂开]"" title=""[裂开]"" src=""https://face.t.sinajs.cn/t4/appstyle/expression/ext/normal/1b/202011_liekai_org.png"" />",1,0
4797600388088613.0,4797787839665681,Mon Aug 01 22:47:02 +0800 2022,猫眼-妖孽,https://weibo.com//u/2291797891,"回复<a href=/n/胖球球_yomin>@胖球球_yomin</a>:<img alt=""[允悲]"" title=""[允悲]"" src=""https://face.t.sinajs.cn/t4/appstyle/expression/ext/normal/83/2018new_kuxiao_org.png"" /><img alt=""[允悲]"" title=""[允悲]"" src=""https://face.t.sinajs.cn/t4/appstyle/expression/ext/normal/83/2018new_kuxiao_org.png"" /><img alt=""[允悲]"" title=""[允悲]"" src=""https://face.t.sinajs.cn/t4/appstyle/expression/ext/normal/83/2018new_kuxiao_org.png"" /><img alt=""[允悲]"" title=""[允悲]"" src=""https://face.t.sinajs.cn/t4/appstyle/expression/ext/normal/83/2018new_kuxiao_org.png"" />",1,0
4797600388088613.0,4797787532692867,Mon Aug 01 22:45:49 +0800 2022,胖球球_yomin,https://weibo.com//u/1861569974,"回复<a href=/n/猫眼-妖孽>@猫眼-妖孽</a>:想要自己记忆力不在这种事情好那么好<img alt=""[裂开]"" title=""[裂开]"" src=""https://face.t.sinajs.cn/t4/appstyle/expression/ext/normal/1b/202011_liekai_org.png"" /><img alt=""[裂开]"" title=""[裂开]"" src=""https://face.t.sinajs.cn/t4/appstyle/expression/ext/normal/1b/202011_liekai_org.png"" /><img alt=""[裂开]"" title=""[裂开]"" src=""https://face.t.sinajs.cn/t4/appstyle/expression/ext/normal/1b/202011_liekai_org.png"" /><img alt=""[裂开]"" title=""[裂开]"" src=""https://face.t.sinajs.cn/t4/appstyle/expression/ext/normal/1b/202011_liekai_org.png"" />",1,0
4797600388088613.0,4797785074833327,Mon Aug 01 22:36:03 +0800 2022,猫眼-妖孽,https://weibo.com//u/2291797891,"回复<a href=/n/胖球球_yomin>@胖球球_yomin</a>:忘了它<img alt=""[苦涩]"" title=""[苦涩]"" src=""https://face.t.sinajs.cn/t4/appstyle/expression/ext/normal/7e/2021_bitter_org.png"" /><img alt=""[苦涩]"" title=""[苦涩]"" src=""https://face.t.sinajs.cn/t4/appstyle/expression/ext/normal/7e/2021_bitter_org.png"" /><img alt=""[苦涩]"" title=""[苦涩]"" src=""https://face.t.sinajs.cn/t4/appstyle/expression/ext/normal/7e/2021_bitter_org.png"" />",1,0
4797600388088613.0,4797783674981579,Mon Aug 01 22:30:29 +0800 2022,胖球球_yomin,https://weibo.com//u/1861569974,"回复<a href=/n/猫眼-妖孽>@猫眼-妖孽</a>:那个画面在脑子里过不去了<img alt=""[裂开]"" title=""[裂开]"" src=""https://face.t.sinajs.cn/t4/appstyle/expression/ext/normal/1b/202011_liekai_org.png"" /><img alt=""[裂开]"" title=""[裂开]"" src=""https://face.t.sinajs.cn/t4/appstyle/expression/ext/normal/1b/202011_liekai_org.png"" />",1,0
