﻿parent_comment_id,comment_id,comment_time,comment_user_name,comment_user_link,comment_content,comment_like_num,child_comment_num
,4797688648566622,Mon Aug 01 16:12:53 +0800 2022,150是不不啊,https://weibo.com//u/7588584627,"<img alt=""[泪]"" title=""[泪]"" src=""https://face.t.sinajs.cn/t4/appstyle/expression/ext/normal/6e/2018new_leimu_org.png"" />",0,0
,4797657623824119,Mon Aug 01 14:09:35 +0800 2022,哈哈鸡爪子,https://weibo.com//u/7679477238,笑死了,0,0
,4797649650451005,Mon Aug 01 13:37:55 +0800 2022,Xiao朝星星想锦鲤一回,https://weibo.com//u/6023640869,笑死,0,0
,4797647846639606,Mon Aug 01 13:30:44 +0800 2022,冰碴酥不辣,https://weibo.com//u/6304334968,哈哈哈,0,0
,4797621657667633,Mon Aug 01 11:46:40 +0800 2022,天天爱秋秋1314,https://weibo.com//u/5090098865,就是。,0,0
,4797571970894657,Mon Aug 01 08:29:15 +0800 2022,宝baby龙,https://weibo.com//u/3843121514,"不懂<img alt=""[doge]"" title=""[doge]"" src=""https://face.t.sinajs.cn/t4/appstyle/expression/ext/normal/a1/2018new_doge02_org.png"" />",0,0
,4797564132789228,Mon Aug 01 07:58:06 +0800 2022,隔着云雾追你,https://weibo.com//u/7569441987,就是,0,1
4797564132789228.0,4797568477825103,Mon Aug 01 08:15:22 +0800 2022,红番薯妈咪,https://weibo.com//u/1737990990,"还没吃已经引起我的不适<img alt=""[笑cry]"" title=""[笑cry]"" src=""https://face.t.sinajs.cn/t4/appstyle/expression/ext/normal/4a/2018new_xiaoku_thumb.png"" />",7,0
,4797557925216303,Mon Aug 01 07:33:25 +0800 2022,春风荡漾春风荡漾秋冬无暖阳,https://weibo.com//u/7750146089,追究！,0,1
4797557925216303.0,4797568506662353,Mon Aug 01 08:15:29 +0800 2022,红番薯妈咪,https://weibo.com//u/1737990990,"嗯呢！<img alt=""[举手]"" title=""[举手]"" src=""https://face.t.sinajs.cn/t4/appstyle/expression/ext/normal/fd/2022_raisehand_org.png"" />",7,0
