﻿parent_comment_id,comment_id,comment_time,comment_user_name,comment_user_link,comment_content,comment_like_num,child_comment_num
,4797704000243255,Mon Aug 01 17:13:53 +0800 2022,东阳公安,https://weibo.com//u/1314938863,周一愉快,0,1
4797704000243255.0,4797798014259843,Mon Aug 01 23:27:28 +0800 2022,宁津公安,https://weibo.com//u/2316874621,"<img alt=""[月亮]"" title=""[月亮]"" src=""https://face.t.sinajs.cn/t4/appstyle/expression/ext/normal/d5/2018new_yueliang_org.png"" />",0,0
,4797697276775023,Mon Aug 01 16:47:10 +0800 2022,攀枝花平安西区,https://weibo.com//u/5762468571,"<img alt=""[心]"" title=""[心]"" src=""https://face.t.sinajs.cn/t4/appstyle/expression/ext/normal/8a/2018new_xin_org.png"" /><img alt=""[心]"" title=""[心]"" src=""https://face.t.sinajs.cn/t4/appstyle/expression/ext/normal/8a/2018new_xin_org.png"" /><img alt=""[心]"" title=""[心]"" src=""https://face.t.sinajs.cn/t4/appstyle/expression/ext/normal/8a/2018new_xin_org.png"" />",0,1
4797697276775023.0,4797798145068952,Mon Aug 01 23:27:59 +0800 2022,宁津公安,https://weibo.com//u/2316874621,"<img alt=""[抱抱]"" title=""[抱抱]"" src=""https://face.t.sinajs.cn/t4/appstyle/expression/ext/normal/42/2018new_baobao_org.png"" />",0,0
,4797696274074336,Mon Aug 01 16:43:11 +0800 2022,凤翔检察,https://weibo.com//u/5219515197,"<img alt=""[话筒]"" title=""[话筒]"" src=""https://face.t.sinajs.cn/t4/appstyle/expression/ext/normal/48/2018new_huatong_org.png"" /><img alt=""[话筒]"" title=""[话筒]"" src=""https://face.t.sinajs.cn/t4/appstyle/expression/ext/normal/48/2018new_huatong_org.png"" /><img alt=""[话筒]"" title=""[话筒]"" src=""https://face.t.sinajs.cn/t4/appstyle/expression/ext/normal/48/2018new_huatong_org.png"" />",0,1
4797696274074336.0,4797798870161805,Mon Aug 01 23:30:52 +0800 2022,宁津公安,https://weibo.com//u/2316874621,"<img alt=""[太阳]"" title=""[太阳]"" src=""https://face.t.sinajs.cn/t4/appstyle/expression/ext/normal/cd/2018new_taiyang_org.png"" /><img alt=""[太阳]"" title=""[太阳]"" src=""https://face.t.sinajs.cn/t4/appstyle/expression/ext/normal/cd/2018new_taiyang_org.png"" />",0,0
,4797693862352018,Mon Aug 01 16:33:36 +0800 2022,宁波公安,https://weibo.com//u/2588125414,"八月加油<img alt=""[赢牛奶]"" title=""[赢牛奶]"" src=""https://face.t.sinajs.cn/t4/appstyle/expression/ext/normal/9c/2021_yingniunai_org.png"" />",0,1
4797693862352018.0,4797798157912794,Mon Aug 01 23:28:02 +0800 2022,宁津公安,https://weibo.com//u/2316874621,"<img alt=""[太阳]"" title=""[太阳]"" src=""https://face.t.sinajs.cn/t4/appstyle/expression/ext/normal/cd/2018new_taiyang_org.png"" />",0,0
,4797687788994997,Mon Aug 01 16:09:28 +0800 2022,安岳检察,https://weibo.com//u/5509537351,"<img alt=""[话筒]"" title=""[话筒]"" src=""https://face.t.sinajs.cn/t4/appstyle/expression/ext/normal/48/2018new_huatong_org.png"" /><img alt=""[话筒]"" title=""[话筒]"" src=""https://face.t.sinajs.cn/t4/appstyle/expression/ext/normal/48/2018new_huatong_org.png"" />",0,1
4797687788994997.0,4797798174688543,Mon Aug 01 23:28:06 +0800 2022,宁津公安,https://weibo.com//u/2316874621,"<img alt=""[微笑]"" title=""[微笑]"" src=""https://face.t.sinajs.cn/t4/appstyle/expression/ext/normal/e3/2018new_weixioa02_org.png"" />",0,0
,4797686303169767,Mon Aug 01 16:03:34 +0800 2022,黄龙检察,https://weibo.com//u/3540153945,关注热点，传播资讯,0,1
4797686303169767.0,4797798212178704,Mon Aug 01 23:28:15 +0800 2022,宁津公安,https://weibo.com//u/2316874621,"<img alt=""[爱你]"" title=""[爱你]"" src=""https://face.t.sinajs.cn/t4/appstyle/expression/ext/normal/f6/2018new_aini_org.png"" />",0,0
,4797683132269544,Mon Aug 01 15:50:58 +0800 2022,平安柯桥,https://weibo.com//u/2153282934,"<img alt=""[话筒]"" title=""[话筒]"" src=""https://face.t.sinajs.cn/t4/appstyle/expression/ext/normal/48/2018new_huatong_org.png"" /><img alt=""[话筒]"" title=""[话筒]"" src=""https://face.t.sinajs.cn/t4/appstyle/expression/ext/normal/48/2018new_huatong_org.png"" /><img alt=""[话筒]"" title=""[话筒]"" src=""https://face.t.sinajs.cn/t4/appstyle/expression/ext/normal/48/2018new_huatong_org.png"" />",0,1
4797683132269544.0,4797798228428204,Mon Aug 01 23:28:19 +0800 2022,宁津公安,https://weibo.com//u/2316874621,"<img alt=""[月亮]"" title=""[月亮]"" src=""https://face.t.sinajs.cn/t4/appstyle/expression/ext/normal/d5/2018new_yueliang_org.png"" />",0,0
,4797680700621293,Mon Aug 01 15:41:17 +0800 2022,周至法院,https://weibo.com//u/2575101417,"<img alt=""[微风]"" title=""[微风]"" src=""https://face.t.sinajs.cn/t4/appstyle/expression/ext/normal/c7/2018new_weifeng_thumb.png"" /><img alt=""[微风]"" title=""[微风]"" src=""https://face.t.sinajs.cn/t4/appstyle/expression/ext/normal/c7/2018new_weifeng_thumb.png"" />",0,1
4797680700621293.0,4797798853384006,Mon Aug 01 23:30:48 +0800 2022,宁津公安,https://weibo.com//u/2316874621,"<img alt=""[爱你]"" title=""[爱你]"" src=""https://face.t.sinajs.cn/t4/appstyle/expression/ext/normal/f6/2018new_aini_org.png"" />",0,0
,4797676153212472,Mon Aug 01 15:23:14 +0800 2022,仁寿公安,https://weibo.com//u/3717951975,"<img alt=""[话筒]"" title=""[话筒]"" src=""https://face.t.sinajs.cn/t4/appstyle/expression/ext/normal/48/2018new_huatong_org.png"" /><img alt=""[话筒]"" title=""[话筒]"" src=""https://face.t.sinajs.cn/t4/appstyle/expression/ext/normal/48/2018new_huatong_org.png"" /><img alt=""[话筒]"" title=""[话筒]"" src=""https://face.t.sinajs.cn/t4/appstyle/expression/ext/normal/48/2018new_huatong_org.png"" />",0,1
4797676153212472.0,4797798559520428,Mon Aug 01 23:29:38 +0800 2022,宁津公安,https://weibo.com//u/2316874621,"<img alt=""[太阳]"" title=""[太阳]"" src=""https://face.t.sinajs.cn/t4/appstyle/expression/ext/normal/cd/2018new_taiyang_org.png"" />",0,0
,4797670817793189,Mon Aug 01 15:02:02 +0800 2022,嘉兴公安,https://weibo.com//u/2197452570,周一好呀,0,1
4797670817793189.0,4797798770019216,Mon Aug 01 23:30:28 +0800 2022,宁津公安,https://weibo.com//u/2316874621,"<img alt=""[太阳]"" title=""[太阳]"" src=""https://face.t.sinajs.cn/t4/appstyle/expression/ext/normal/cd/2018new_taiyang_org.png"" />",0,0
,4797670801806297,Mon Aug 01 15:01:58 +0800 2022,嘉兴公安,https://weibo.com//u/2197452570,"<img alt=""[心]"" title=""[心]"" src=""https://face.t.sinajs.cn/t4/appstyle/expression/ext/normal/8a/2018new_xin_org.png"" /><img alt=""[心]"" title=""[心]"" src=""https://face.t.sinajs.cn/t4/appstyle/expression/ext/normal/8a/2018new_xin_org.png"" />",0,1
4797670801806297.0,4797798782605417,Mon Aug 01 23:30:31 +0800 2022,宁津公安,https://weibo.com//u/2316874621,"<img alt=""[微笑]"" title=""[微笑]"" src=""https://face.t.sinajs.cn/t4/appstyle/expression/ext/normal/e3/2018new_weixioa02_org.png"" />",0,0
,4797665143165712,Mon Aug 01 14:39:29 +0800 2022,平安利州,https://weibo.com//u/1984835964,"<img alt=""[心]"" title=""[心]"" src=""https://face.t.sinajs.cn/t4/appstyle/expression/ext/normal/8a/2018new_xin_org.png"" /><img alt=""[心]"" title=""[心]"" src=""https://face.t.sinajs.cn/t4/appstyle/expression/ext/normal/8a/2018new_xin_org.png"" /><img alt=""[心]"" title=""[心]"" src=""https://face.t.sinajs.cn/t4/appstyle/expression/ext/normal/8a/2018new_xin_org.png"" />",0,1
4797665143165712.0,4797798509974294,Mon Aug 01 23:29:26 +0800 2022,宁津公安,https://weibo.com//u/2316874621,"<img alt=""[抱抱]"" title=""[抱抱]"" src=""https://face.t.sinajs.cn/t4/appstyle/expression/ext/normal/42/2018new_baobao_org.png"" />",0,0
,4797660483554677,Mon Aug 01 14:20:58 +0800 2022,枣庄公安,https://weibo.com//u/1839681925,"<img alt=""[抱一抱]"" title=""[抱一抱]"" src=""https://face.t.sinajs.cn/t4/appstyle/expression/ext/normal/af/2020_hug_org.png"" /><img alt=""[抱一抱]"" title=""[抱一抱]"" src=""https://face.t.sinajs.cn/t4/appstyle/expression/ext/normal/af/2020_hug_org.png"" />",0,1
4797660483554677.0,4797798241271891,Mon Aug 01 23:28:21 +0800 2022,宁津公安,https://weibo.com//u/2316874621,"<img alt=""[太开心]"" title=""[太开心]"" src=""https://face.t.sinajs.cn/t4/appstyle/expression/ext/normal/1e/2018new_taikaixin_org.png"" />",0,0
,4797660475687419,Mon Aug 01 14:20:56 +0800 2022,枣庄公安,https://weibo.com//u/1839681925,"<img alt=""[抱一抱]"" title=""[抱一抱]"" src=""https://face.t.sinajs.cn/t4/appstyle/expression/ext/normal/af/2020_hug_org.png"" /><img alt=""[抱一抱]"" title=""[抱一抱]"" src=""https://face.t.sinajs.cn/t4/appstyle/expression/ext/normal/af/2020_hug_org.png"" /><img alt=""[鲜花]"" title=""[鲜花]"" src=""https://face.t.sinajs.cn/t4/appstyle/expression/ext/normal/d4/2018new_xianhua_org.png"" /><img alt=""[鲜花]"" title=""[鲜花]"" src=""https://face.t.sinajs.cn/t4/appstyle/expression/ext/normal/d4/2018new_xianhua_org.png"" />",0,1
4797660475687419.0,4797798253855070,Mon Aug 01 23:28:24 +0800 2022,宁津公安,https://weibo.com//u/2316874621,"<img alt=""[抱抱]"" title=""[抱抱]"" src=""https://face.t.sinajs.cn/t4/appstyle/expression/ext/normal/42/2018new_baobao_org.png"" />",0,0
,4797657991872637,Mon Aug 01 14:11:03 +0800 2022,云南平安高速,https://weibo.com//u/5012384433,"<img alt=""[话筒]"" title=""[话筒]"" src=""https://face.t.sinajs.cn/t4/appstyle/expression/ext/normal/48/2018new_huatong_org.png"" /><img alt=""[话筒]"" title=""[话筒]"" src=""https://face.t.sinajs.cn/t4/appstyle/expression/ext/normal/48/2018new_huatong_org.png"" />",0,1
4797657991872637.0,4797798794663710,Mon Aug 01 23:30:34 +0800 2022,宁津公安,https://weibo.com//u/2316874621,"<img alt=""[月亮]"" title=""[月亮]"" src=""https://face.t.sinajs.cn/t4/appstyle/expression/ext/normal/d5/2018new_yueliang_org.png"" />",0,0
,4797657522899357,Mon Aug 01 14:09:12 +0800 2022,大庆网警巡查执法,https://weibo.com//u/5610755802,"<img alt=""[话筒]"" title=""[话筒]"" src=""https://face.t.sinajs.cn/t4/appstyle/expression/ext/normal/48/2018new_huatong_org.png"" /><img alt=""[话筒]"" title=""[话筒]"" src=""https://face.t.sinajs.cn/t4/appstyle/expression/ext/normal/48/2018new_huatong_org.png"" />",0,1
4797657522899357.0,4797798584686179,Mon Aug 01 23:29:44 +0800 2022,宁津公安,https://weibo.com//u/2316874621,"<img alt=""[微笑]"" title=""[微笑]"" src=""https://face.t.sinajs.cn/t4/appstyle/expression/ext/normal/e3/2018new_weixioa02_org.png"" />",0,0
,4797656944349709,Mon Aug 01 14:06:54 +0800 2022,Athach糖果超甜,https://weibo.com//u/7757776131,未来取决于梦想，所以赶紧睡个午觉，午安！,0,1
4797656944349709.0,4797798270895310,Mon Aug 01 23:28:28 +0800 2022,宁津公安,https://weibo.com//u/2316874621,"<img alt=""[爱你]"" title=""[爱你]"" src=""https://face.t.sinajs.cn/t4/appstyle/expression/ext/normal/f6/2018new_aini_org.png"" /><img alt=""[爱你]"" title=""[爱你]"" src=""https://face.t.sinajs.cn/t4/appstyle/expression/ext/normal/f6/2018new_aini_org.png"" />",0,0
,4797656218732013,Mon Aug 01 14:04:00 +0800 2022,游仙公安,https://weibo.com//u/1920901005,"<img alt=""[话筒]"" title=""[话筒]"" src=""https://face.t.sinajs.cn/t4/appstyle/expression/ext/normal/48/2018new_huatong_org.png"" /><img alt=""[话筒]"" title=""[话筒]"" src=""https://face.t.sinajs.cn/t4/appstyle/expression/ext/normal/48/2018new_huatong_org.png"" /><img alt=""[话筒]"" title=""[话筒]"" src=""https://face.t.sinajs.cn/t4/appstyle/expression/ext/normal/48/2018new_huatong_org.png"" />",0,1
4797656218732013.0,4797798283479396,Mon Aug 01 23:28:32 +0800 2022,宁津公安,https://weibo.com//u/2316874621,"<img alt=""[太阳]"" title=""[太阳]"" src=""https://face.t.sinajs.cn/t4/appstyle/expression/ext/normal/cd/2018new_taiyang_org.png"" />",0,0
,4797655639131833,Mon Aug 01 14:01:42 +0800 2022,哈尔滨网警巡查执法,https://weibo.com//u/5611046370,"<img alt=""[话筒]"" title=""[话筒]"" src=""https://face.t.sinajs.cn/t4/appstyle/expression/ext/normal/48/2018new_huatong_org.png"" /><img alt=""[话筒]"" title=""[话筒]"" src=""https://face.t.sinajs.cn/t4/appstyle/expression/ext/normal/48/2018new_huatong_org.png"" />",0,1
4797655639131833.0,4797798631607008,Mon Aug 01 23:29:55 +0800 2022,宁津公安,https://weibo.com//u/2316874621,"<img alt=""[抱抱]"" title=""[抱抱]"" src=""https://face.t.sinajs.cn/t4/appstyle/expression/ext/normal/42/2018new_baobao_org.png"" />",0,0
,4797621301149723,Mon Aug 01 11:45:15 +0800 2022,平安江阳,https://weibo.com//u/5209471765,"早安<img alt=""[心]"" title=""[心]"" src=""https://face.t.sinajs.cn/t4/appstyle/expression/ext/normal/8a/2018new_xin_org.png"" /><img alt=""[心]"" title=""[心]"" src=""https://face.t.sinajs.cn/t4/appstyle/expression/ext/normal/8a/2018new_xin_org.png"" /><img alt=""[心]"" title=""[心]"" src=""https://face.t.sinajs.cn/t4/appstyle/expression/ext/normal/8a/2018new_xin_org.png"" />",0,1
4797621301149723.0,4797798299993007,Mon Aug 01 23:28:36 +0800 2022,宁津公安,https://weibo.com//u/2316874621,"<img alt=""[微笑]"" title=""[微笑]"" src=""https://face.t.sinajs.cn/t4/appstyle/expression/ext/normal/e3/2018new_weixioa02_org.png"" />",0,0
,4797617373974229,Mon Aug 01 11:29:40 +0800 2022,平安泸州,https://weibo.com//u/2702378892,"<img alt=""[话筒]"" title=""[话筒]"" src=""https://face.t.sinajs.cn/t4/appstyle/expression/ext/normal/48/2018new_huatong_org.png"" /><img alt=""[话筒]"" title=""[话筒]"" src=""https://face.t.sinajs.cn/t4/appstyle/expression/ext/normal/48/2018new_huatong_org.png"" />",0,1
4797617373974229.0,4797798317034101,Mon Aug 01 23:28:40 +0800 2022,宁津公安,https://weibo.com//u/2316874621,"<img alt=""[月亮]"" title=""[月亮]"" src=""https://face.t.sinajs.cn/t4/appstyle/expression/ext/normal/d5/2018new_yueliang_org.png"" />",0,0
,4797608960197150,Mon Aug 01 10:56:13 +0800 2022,米易公安,https://weibo.com//u/3160981342,"<img alt=""[话筒]"" title=""[话筒]"" src=""https://face.t.sinajs.cn/t4/appstyle/expression/ext/normal/48/2018new_huatong_org.png"" />",0,1
4797608960197150.0,4797798824544852,Mon Aug 01 23:30:41 +0800 2022,宁津公安,https://weibo.com//u/2316874621,"<img alt=""[太开心]"" title=""[太开心]"" src=""https://face.t.sinajs.cn/t4/appstyle/expression/ext/normal/1e/2018new_taikaixin_org.png"" />",0,0
,4797607740178809,Mon Aug 01 10:51:22 +0800 2022,柳州公安,https://weibo.com//u/1770545650,"早安<img alt=""[送花花]"" title=""[送花花]"" src=""https://face.t.sinajs.cn/t4/appstyle/expression/ext/normal/cb/2022_Flowers_org.png"" /><a target=""_blank"" href=""/detail/4797535208603923""><img class=""icon-link"" src=""https://h5.sinaimg.cn/upload/2015/09/25/3/timeline_card_small_weibo_default.png""/>微博正文</a>",0,1
4797607740178809.0,4797798333547339,Mon Aug 01 23:28:43 +0800 2022,宁津公安,https://weibo.com//u/2316874621,"<img alt=""[太开心]"" title=""[太开心]"" src=""https://face.t.sinajs.cn/t4/appstyle/expression/ext/normal/1e/2018new_taikaixin_org.png"" />",0,0
,4797606313597249,Mon Aug 01 10:45:43 +0800 2022,开阳县检察院,https://weibo.com//u/3196346062,早上好,0,1
4797606313597249.0,4797798409571845,Mon Aug 01 23:29:02 +0800 2022,宁津公安,https://weibo.com//u/2316874621,"<img alt=""[抱抱]"" title=""[抱抱]"" src=""https://face.t.sinajs.cn/t4/appstyle/expression/ext/normal/42/2018new_baobao_org.png"" />",0,0
,4797604393652756,Mon Aug 01 10:38:05 +0800 2022,奥利奥有八分甜,https://weibo.com//u/1815280254,"早上好，八月你好<img alt=""[心]"" title=""[心]"" src=""https://face.t.sinajs.cn/t4/appstyle/expression/ext/normal/8a/2018new_xin_org.png"" />",0,1
4797604393652756.0,4797798426347603,Mon Aug 01 23:29:05 +0800 2022,宁津公安,https://weibo.com//u/2316874621,"<img alt=""[爱你]"" title=""[爱你]"" src=""https://face.t.sinajs.cn/t4/appstyle/expression/ext/normal/f6/2018new_aini_org.png"" />",0,0
,4797602837300964,Mon Aug 01 10:31:54 +0800 2022,郴州中院,https://weibo.com//u/3776183674,"<img alt=""[心]"" title=""[心]"" src=""https://face.t.sinajs.cn/t4/appstyle/expression/ext/normal/8a/2018new_xin_org.png"" />",0,1
4797602837300964.0,4797798434478701,Mon Aug 01 23:29:08 +0800 2022,宁津公安,https://weibo.com//u/2316874621,"<img alt=""[太阳]"" title=""[太阳]"" src=""https://face.t.sinajs.cn/t4/appstyle/expression/ext/normal/cd/2018new_taiyang_org.png"" />",0,0
,4797602669793763,Mon Aug 01 10:31:14 +0800 2022,成都市中级人民法院,https://weibo.com//u/5092088752,"周一好鸭<img alt=""[爱你]"" title=""[爱你]"" src=""https://face.t.sinajs.cn/t4/appstyle/expression/ext/normal/f6/2018new_aini_org.png"" />",0,1
4797602669793763.0,4797798597271193,Mon Aug 01 23:29:47 +0800 2022,宁津公安,https://weibo.com//u/2316874621,"<img alt=""[月亮]"" title=""[月亮]"" src=""https://face.t.sinajs.cn/t4/appstyle/expression/ext/normal/d5/2018new_yueliang_org.png"" />",0,0
,4797600651806379,Mon Aug 01 10:23:13 +0800 2022,鹤城网警巡查执法,https://weibo.com//u/5657421525,"<img alt=""[话筒]"" title=""[话筒]"" src=""https://face.t.sinajs.cn/t4/appstyle/expression/ext/normal/48/2018new_huatong_org.png"" /><img alt=""[话筒]"" title=""[话筒]"" src=""https://face.t.sinajs.cn/t4/appstyle/expression/ext/normal/48/2018new_huatong_org.png"" />",0,1
4797600651806379.0,4797798450729273,Mon Aug 01 23:29:12 +0800 2022,宁津公安,https://weibo.com//u/2316874621,"<img alt=""[微笑]"" title=""[微笑]"" src=""https://face.t.sinajs.cn/t4/appstyle/expression/ext/normal/e3/2018new_weixioa02_org.png"" />",0,0
,4797600643682173,Mon Aug 01 10:23:11 +0800 2022,曹县人民检察院,https://weibo.com//u/2740584771,"周一好<img alt=""[心]"" title=""[心]"" src=""https://face.t.sinajs.cn/t4/appstyle/expression/ext/normal/8a/2018new_xin_org.png"" />",0,1
4797600643682173.0,4797798643665572,Mon Aug 01 23:29:58 +0800 2022,宁津公安,https://weibo.com//u/2316874621,"<img alt=""[爱你]"" title=""[爱你]"" src=""https://face.t.sinajs.cn/t4/appstyle/expression/ext/normal/f6/2018new_aini_org.png"" />",0,0
,4797600643157468,Mon Aug 01 10:23:11 +0800 2022,平安纳溪,https://weibo.com//u/5218198569,"<img alt=""[话筒]"" title=""[话筒]"" src=""https://face.t.sinajs.cn/t4/appstyle/expression/ext/normal/48/2018new_huatong_org.png"" />",0,1
4797600643157468.0,4797798484804060,Mon Aug 01 23:29:19 +0800 2022,宁津公安,https://weibo.com//u/2316874621,"<img alt=""[月亮]"" title=""[月亮]"" src=""https://face.t.sinajs.cn/t4/appstyle/expression/ext/normal/d5/2018new_yueliang_org.png"" />",0,0
,4797597606218328,Mon Aug 01 10:11:07 +0800 2022,大连检察,https://weibo.com//u/5516870691,"<img alt=""[话筒]"" title=""[话筒]"" src=""https://face.t.sinajs.cn/t4/appstyle/expression/ext/normal/48/2018new_huatong_org.png"" /><img alt=""[话筒]"" title=""[话筒]"" src=""https://face.t.sinajs.cn/t4/appstyle/expression/ext/normal/48/2018new_huatong_org.png"" />",0,1
4797597606218328.0,4797798497386795,Mon Aug 01 23:29:22 +0800 2022,宁津公安,https://weibo.com//u/2316874621,"<img alt=""[太开心]"" title=""[太开心]"" src=""https://face.t.sinajs.cn/t4/appstyle/expression/ext/normal/1e/2018new_taikaixin_org.png"" />",0,0
,4797596792782875,Mon Aug 01 10:07:52 +0800 2022,今菲昔比之菲比寻常,https://weibo.com//u/7589185032,"早<img alt=""[心]"" title=""[心]"" src=""https://face.t.sinajs.cn/t4/appstyle/expression/ext/normal/8a/2018new_xin_org.png"" />",1,1
4797596792782875.0,4797797998790978,Mon Aug 01 23:27:23 +0800 2022,宁津公安,https://weibo.com//u/2316874621,"<img alt=""[爱你]"" title=""[爱你]"" src=""https://face.t.sinajs.cn/t4/appstyle/expression/ext/normal/f6/2018new_aini_org.png"" />",0,0
,4797594889096027,Mon Aug 01 10:00:19 +0800 2022,扎兰屯网警巡查执法,https://weibo.com//u/6009036327,"<img alt=""[话筒]"" title=""[话筒]"" src=""https://face.t.sinajs.cn/t4/appstyle/expression/ext/normal/48/2018new_huatong_org.png"" /><img alt=""[话筒]"" title=""[话筒]"" src=""https://face.t.sinajs.cn/t4/appstyle/expression/ext/normal/48/2018new_huatong_org.png"" /><img alt=""[话筒]"" title=""[话筒]"" src=""https://face.t.sinajs.cn/t4/appstyle/expression/ext/normal/48/2018new_huatong_org.png"" /><img alt=""[话筒]"" title=""[话筒]"" src=""https://face.t.sinajs.cn/t4/appstyle/expression/ext/normal/48/2018new_huatong_org.png"" /><img alt=""[话筒]"" title=""[话筒]"" src=""https://face.t.sinajs.cn/t4/appstyle/expression/ext/normal/48/2018new_huatong_org.png"" />",0,1
4797594889096027.0,4797798841325054,Mon Aug 01 23:30:45 +0800 2022,宁津公安,https://weibo.com//u/2316874621,"<img alt=""[抱抱]"" title=""[抱抱]"" src=""https://face.t.sinajs.cn/t4/appstyle/expression/ext/normal/42/2018new_baobao_org.png"" />",0,0
,4797594121537969,Mon Aug 01 09:57:16 +0800 2022,德州运河公安分局,https://weibo.com//u/2403912521,"早安<img alt=""[太阳]"" title=""[太阳]"" src=""https://face.t.sinajs.cn/t4/appstyle/expression/ext/normal/cd/2018new_taiyang_org.png"" />",0,1
4797594121537969.0,4797798618240436,Mon Aug 01 23:29:52 +0800 2022,宁津公安,https://weibo.com//u/2316874621,"<img alt=""[太开心]"" title=""[太开心]"" src=""https://face.t.sinajs.cn/t4/appstyle/expression/ext/normal/1e/2018new_taikaixin_org.png"" />",0,0
,4797592527703406,Mon Aug 01 09:50:56 +0800 2022,平安彭山,https://weibo.com//u/1992547945,"<img alt=""[话筒]"" title=""[话筒]"" src=""https://face.t.sinajs.cn/t4/appstyle/expression/ext/normal/48/2018new_huatong_org.png"" /><img alt=""[话筒]"" title=""[话筒]"" src=""https://face.t.sinajs.cn/t4/appstyle/expression/ext/normal/48/2018new_huatong_org.png"" />",0,1
4797592527703406.0,4797593546395172,Mon Aug 01 09:54:59 +0800 2022,宁津公安,https://weibo.com//u/2316874621,"<img alt=""[太阳]"" title=""[太阳]"" src=""https://face.t.sinajs.cn/t4/appstyle/expression/ext/normal/cd/2018new_taiyang_org.png"" />",0,0
,4797592283645395,Mon Aug 01 09:49:58 +0800 2022,zfw平安浦城,https://weibo.com//u/5634013749,"早上好<img alt=""[太阳]"" title=""[太阳]"" src=""https://face.t.sinajs.cn/t4/appstyle/expression/ext/normal/cd/2018new_taiyang_org.png"" />",0,1
4797592283645395.0,4797593588860356,Mon Aug 01 09:55:08 +0800 2022,宁津公安,https://weibo.com//u/2316874621,"<img alt=""[微笑]"" title=""[微笑]"" src=""https://face.t.sinajs.cn/t4/appstyle/expression/ext/normal/e3/2018new_weixioa02_org.png"" />",0,0
,4797592115875430,Mon Aug 01 09:49:18 +0800 2022,宝鸡检察,https://weibo.com//u/5193731648,早安,0,1
4797592115875430.0,4797593471161982,Mon Aug 01 09:54:41 +0800 2022,宁津公安,https://weibo.com//u/2316874621,"<img alt=""[话筒]"" title=""[话筒]"" src=""https://face.t.sinajs.cn/t4/appstyle/expression/ext/normal/48/2018new_huatong_org.png"" />",0,0
,4797591441375313,Mon Aug 01 09:46:36 +0800 2022,新津人社,https://weibo.com//u/3467895680,"早安<img alt=""[心]"" title=""[心]"" src=""https://face.t.sinajs.cn/t4/appstyle/expression/ext/normal/8a/2018new_xin_org.png"" /><img alt=""[心]"" title=""[心]"" src=""https://face.t.sinajs.cn/t4/appstyle/expression/ext/normal/8a/2018new_xin_org.png"" /><a target=""_blank"" href=""/detail/4797566912564879""><img class=""icon-link"" src=""https://h5.sinaimg.cn/upload/2015/09/25/3/timeline_card_small_weibo_default.png""/>微博正文</a>",0,1
4797591441375313.0,4797798547459600,Mon Aug 01 23:29:35 +0800 2022,宁津公安,https://weibo.com//u/2316874621,"<img alt=""[爱你]"" title=""[爱你]"" src=""https://face.t.sinajs.cn/t4/appstyle/expression/ext/normal/f6/2018new_aini_org.png"" />",0,0
,4797589445413342,Mon Aug 01 09:38:41 +0800 2022,龙泉驿人社,https://weibo.com//u/2596443261,"<img alt=""[打call]"" title=""[打call]"" src=""https://face.t.sinajs.cn/t4/appstyle/expression/ext/normal/39/moren_dacall02_org.png"" />",0,1
4797589445413342.0,4797593269832362,Mon Aug 01 09:53:53 +0800 2022,宁津公安,https://weibo.com//u/2316874621,"<img alt=""[爱你]"" title=""[爱你]"" src=""https://face.t.sinajs.cn/t4/appstyle/expression/ext/normal/f6/2018new_aini_org.png"" />",0,0
,4797587552472868,Mon Aug 01 09:31:10 +0800 2022,齐河环境,https://weibo.com//u/3716316921,"加油<img alt=""[心]"" title=""[心]"" src=""https://face.t.sinajs.cn/t4/appstyle/expression/ext/normal/8a/2018new_xin_org.png"" />",0,1
4797587552472868.0,4797593558716855,Mon Aug 01 09:55:02 +0800 2022,宁津公安,https://weibo.com//u/2316874621,"<img alt=""[太开心]"" title=""[太开心]"" src=""https://face.t.sinajs.cn/t4/appstyle/expression/ext/normal/1e/2018new_taikaixin_org.png"" />",0,0
,4797587427168632,Mon Aug 01 09:30:40 +0800 2022,广西政法,https://weibo.com//u/5328345103,早安,0,1
4797587427168632.0,4797593106517234,Mon Aug 01 09:53:14 +0800 2022,宁津公安,https://weibo.com//u/2316874621,"<img alt=""[爱你]"" title=""[爱你]"" src=""https://face.t.sinajs.cn/t4/appstyle/expression/ext/normal/f6/2018new_aini_org.png"" />",0,0
,4797585863478733,Mon Aug 01 09:24:27 +0800 2022,昌乐公安,https://weibo.com//u/2497909765,"早安<img alt=""[太阳]"" title=""[太阳]"" src=""https://face.t.sinajs.cn/t4/appstyle/expression/ext/normal/cd/2018new_taiyang_org.png"" /><img alt=""[太阳]"" title=""[太阳]"" src=""https://face.t.sinajs.cn/t4/appstyle/expression/ext/normal/cd/2018new_taiyang_org.png"" />",0,1
4797585863478733.0,4797593572347445,Mon Aug 01 09:55:05 +0800 2022,宁津公安,https://weibo.com//u/2316874621,"<img alt=""[月亮]"" title=""[月亮]"" src=""https://face.t.sinajs.cn/t4/appstyle/expression/ext/normal/d5/2018new_yueliang_org.png"" />",0,0
,4797584335441430,Mon Aug 01 09:18:23 +0800 2022,笔墨书惊鸿a,https://weibo.com//u/7518474111,"上午好<img alt=""[开学季]"" title=""[开学季]"" src=""https://face.t.sinajs.cn/t4/appstyle/expression/ext/normal/72/2021_kaixueji_org.png"" />八月拍了拍你的小脑袋说：&quot;加油，美好都在路上&quot;🌻",0,1
4797584335441430.0,4797593643647311,Mon Aug 01 09:55:21 +0800 2022,宁津公安,https://weibo.com//u/2316874621,"<img alt=""[太开心]"" title=""[太开心]"" src=""https://face.t.sinajs.cn/t4/appstyle/expression/ext/normal/1e/2018new_taikaixin_org.png"" /><img alt=""[太开心]"" title=""[太开心]"" src=""https://face.t.sinajs.cn/t4/appstyle/expression/ext/normal/1e/2018new_taikaixin_org.png"" />",0,0
,4797584067265399,Mon Aug 01 09:17:18 +0800 2022,贝贝儿是紫米粥,https://weibo.com//u/5647331738,早啊,0,3
4797584067265399.0,4797593656493104,Mon Aug 01 09:55:24 +0800 2022,宁津公安,https://weibo.com//u/2316874621,"<img alt=""[月亮]"" title=""[月亮]"" src=""https://face.t.sinajs.cn/t4/appstyle/expression/ext/normal/d5/2018new_yueliang_org.png"" />",0,0
4797584067265399.0,4797798110991506,Mon Aug 01 23:27:51 +0800 2022,宁津公安,https://weibo.com//u/2316874621,"回复<a href=/n/贝贝儿是紫米粥>@贝贝儿是紫米粥</a>:<img alt=""[太开心]"" title=""[太开心]"" src=""https://face.t.sinajs.cn/t4/appstyle/expression/ext/normal/1e/2018new_taikaixin_org.png"" /><img alt=""[太开心]"" title=""[太开心]"" src=""https://face.t.sinajs.cn/t4/appstyle/expression/ext/normal/1e/2018new_taikaixin_org.png"" />早安",0,0
4797584067265399.0,4797602891568269,Mon Aug 01 10:32:07 +0800 2022,贝贝儿是紫米粥,https://weibo.com//u/5647331738,回复<a href=/n/宁津公安>@宁津公安</a>:我给你发早安，你给我发月亮？,0,0
,4797583962406949,Mon Aug 01 09:16:53 +0800 2022,平安泸州,https://weibo.com//u/2702378892,"早安<img alt=""[微风]"" title=""[微风]"" src=""https://face.t.sinajs.cn/t4/appstyle/expression/ext/normal/c7/2018new_weifeng_thumb.png"" /><a target=""_blank"" href=""/detail/4797558319483787""><img class=""icon-link"" src=""https://h5.sinaimg.cn/upload/2015/09/25/3/timeline_card_small_weibo_default.png""/>微博正文</a>",0,1
4797583962406949.0,4797593118840444,Mon Aug 01 09:53:17 +0800 2022,宁津公安,https://weibo.com//u/2316874621,"<img alt=""[抱抱]"" title=""[抱抱]"" src=""https://face.t.sinajs.cn/t4/appstyle/expression/ext/normal/42/2018new_baobao_org.png"" />",0,0
,4797581639287739,Mon Aug 01 09:07:40 +0800 2022,绍兴越城公安,https://weibo.com//u/2139893427,"周一早上好<a target=""_blank"" href=""https://weibo.com/2139893427/LEVyAbEZP?from=page_1001062139893427_profile&wvr=6&mod=weibotime&type=comment#_rnd1659315984261""><img class=""icon-link"" src=""https://h5.sinaimg.cn/upload/2015/09/25/3/timeline_card_small_weibo_default.png""/>微博正文</a>",0,1
4797581639287739.0,4797593533809296,Mon Aug 01 09:54:55 +0800 2022,宁津公安,https://weibo.com//u/2316874621,"<img alt=""[爱你]"" title=""[爱你]"" src=""https://face.t.sinajs.cn/t4/appstyle/expression/ext/normal/f6/2018new_aini_org.png"" />",0,0
,4797579885806457,Mon Aug 01 09:00:41 +0800 2022,林芝森林消防,https://weibo.com//u/7305894481,"早安<img alt=""[打call]"" title=""[打call]"" src=""https://face.t.sinajs.cn/t4/appstyle/expression/ext/normal/39/moren_dacall02_org.png"" /><a target=""_blank"" href=""/detail/4797557060666736""><img class=""icon-link"" src=""https://h5.sinaimg.cn/upload/2015/09/25/3/timeline_card_small_weibo_default.png""/>微博正文</a>",0,1
4797579885806457.0,4797593131944962,Mon Aug 01 09:53:20 +0800 2022,宁津公安,https://weibo.com//u/2316874621,"<img alt=""[太开心]"" title=""[太开心]"" src=""https://face.t.sinajs.cn/t4/appstyle/expression/ext/normal/1e/2018new_taikaixin_org.png"" />",0,0
,4797579768629310,Mon Aug 01 09:00:14 +0800 2022,潍坊文旅,https://weibo.com//u/2115327987,"早安<img alt=""[爱你]"" title=""[爱你]"" src=""https://face.t.sinajs.cn/t4/appstyle/expression/ext/normal/f6/2018new_aini_org.png"" /><a target=""_blank"" href=""/detail/4797572844360208""><img class=""icon-link"" src=""https://h5.sinaimg.cn/upload/2015/09/25/3/timeline_card_small_weibo_default.png""/>微博正文</a>",0,1
4797579768629310.0,4797593672748019,Mon Aug 01 09:55:29 +0800 2022,宁津公安,https://weibo.com//u/2316874621,"<img alt=""[微笑]"" title=""[微笑]"" src=""https://face.t.sinajs.cn/t4/appstyle/expression/ext/normal/e3/2018new_weixioa02_org.png"" />",0,0
,4797579429151564,Mon Aug 01 08:58:53 +0800 2022,知梦时光,https://weibo.com//u/5724469458,早ﾉ☀,0,1
4797579429151564.0,4797593143481226,Mon Aug 01 09:53:23 +0800 2022,宁津公安,https://weibo.com//u/2316874621,"<img alt=""[月亮]"" title=""[月亮]"" src=""https://face.t.sinajs.cn/t4/appstyle/expression/ext/normal/d5/2018new_yueliang_org.png"" />",0,0
,4797579424695235,Mon Aug 01 08:58:51 +0800 2022,风轻云淡LOVE666,https://weibo.com//u/5589429743,"早安<img alt=""[爱你]"" title=""[爱你]"" src=""https://face.t.sinajs.cn/t4/appstyle/expression/ext/normal/f6/2018new_aini_org.png"" /><img alt=""[爱你]"" title=""[爱你]"" src=""https://face.t.sinajs.cn/t4/appstyle/expression/ext/normal/f6/2018new_aini_org.png"" />",0,1
4797579424695235.0,4797593597250616,Mon Aug 01 09:55:11 +0800 2022,宁津公安,https://weibo.com//u/2316874621,"<img alt=""[话筒]"" title=""[话筒]"" src=""https://face.t.sinajs.cn/t4/appstyle/expression/ext/normal/48/2018new_huatong_org.png"" />",0,0
,4797579210786563,Mon Aug 01 08:58:01 +0800 2022,郴州中院,https://weibo.com//u/3776183674,"早<img alt=""[心]"" title=""[心]"" src=""https://face.t.sinajs.cn/t4/appstyle/expression/ext/normal/8a/2018new_xin_org.png"" />",0,1
4797579210786563.0,4797593156324728,Mon Aug 01 09:53:26 +0800 2022,宁津公安,https://weibo.com//u/2316874621,"<img alt=""[太阳]"" title=""[太阳]"" src=""https://face.t.sinajs.cn/t4/appstyle/expression/ext/normal/cd/2018new_taiyang_org.png"" />",0,0
,4797579109862945,Mon Aug 01 08:57:37 +0800 2022,东阳公安,https://weibo.com//u/1314938863,"早安<img alt=""[心]"" title=""[心]"" src=""https://face.t.sinajs.cn/t4/appstyle/expression/ext/normal/8a/2018new_xin_org.png"" /><a target=""_blank"" href=""/detail/4797570214527273""><img class=""icon-link"" src=""https://h5.sinaimg.cn/upload/2015/09/25/3/timeline_card_small_weibo_default.png""/>微博正文</a>",0,1
4797579109862945.0,4797593169433038,Mon Aug 01 09:53:29 +0800 2022,宁津公安,https://weibo.com//u/2316874621,"<img alt=""[话筒]"" title=""[话筒]"" src=""https://face.t.sinajs.cn/t4/appstyle/expression/ext/normal/48/2018new_huatong_org.png"" />",0,0
,4797579068706200,Mon Aug 01 08:57:27 +0800 2022,成都人社局,https://weibo.com//u/2397088380,"早安<img alt=""[心]"" title=""[心]"" src=""https://face.t.sinajs.cn/t4/appstyle/expression/ext/normal/8a/2018new_xin_org.png"" /><a target=""_blank"" href=""/detail/4797557060928515""><img class=""icon-link"" src=""https://h5.sinaimg.cn/upload/2015/09/25/3/timeline_card_small_weibo_default.png""/>微博正文</a>",0,1
4797579068706200.0,4797593286086534,Mon Aug 01 09:53:57 +0800 2022,宁津公安,https://weibo.com//u/2316874621,"<img alt=""[太阳]"" title=""[太阳]"" src=""https://face.t.sinajs.cn/t4/appstyle/expression/ext/normal/cd/2018new_taiyang_org.png"" />",0,0
,4797578389227285,Mon Aug 01 08:54:45 +0800 2022,平安泸县,https://weibo.com//u/5201000633,"<a target=""_blank"" href=""https://weibo.com/5201000633/LEVLTvbu4""><img class=""icon-link"" src=""https://h5.sinaimg.cn/upload/2015/09/25/3/timeline_card_small_weibo_default.png""/>微博正文</a>",0,1
4797578389227285.0,4797593181752915,Mon Aug 01 09:53:32 +0800 2022,宁津公安,https://weibo.com//u/2316874621,"<img alt=""[爱你]"" title=""[爱你]"" src=""https://face.t.sinajs.cn/t4/appstyle/expression/ext/normal/f6/2018new_aini_org.png"" />",0,0
,4797578141765386,Mon Aug 01 08:53:46 +0800 2022,妍惜紫1106,https://weibo.com//u/7528067622,"早安<img alt=""[心]"" title=""[心]"" src=""https://face.t.sinajs.cn/t4/appstyle/expression/ext/normal/8a/2018new_xin_org.png"" />",0,1
4797578141765386.0,4797593433670627,Mon Aug 01 09:54:32 +0800 2022,宁津公安,https://weibo.com//u/2316874621,"<img alt=""[太开心]"" title=""[太开心]"" src=""https://face.t.sinajs.cn/t4/appstyle/expression/ext/normal/1e/2018new_taikaixin_org.png"" />",0,0
,4797577910553816,Mon Aug 01 08:52:51 +0800 2022,皓斓之月,https://weibo.com//u/2489014730,早安,1,1
4797577910553816.0,4797593626346904,Mon Aug 01 09:55:17 +0800 2022,宁津公安,https://weibo.com//u/2316874621,"<img alt=""[太阳]"" title=""[太阳]"" src=""https://face.t.sinajs.cn/t4/appstyle/expression/ext/normal/cd/2018new_taiyang_org.png"" />",0,0
,4797577785246565,Mon Aug 01 08:52:20 +0800 2022,疯会来花会开,https://weibo.com//u/6381615393,"早安早安<img alt=""[抱一抱]"" title=""[抱一抱]"" src=""https://face.t.sinajs.cn/t4/appstyle/expression/ext/normal/af/2020_hug_org.png"" /><img alt=""[抱一抱]"" title=""[抱一抱]"" src=""https://face.t.sinajs.cn/t4/appstyle/expression/ext/normal/af/2020_hug_org.png"" /><img alt=""[抱一抱]"" title=""[抱一抱]"" src=""https://face.t.sinajs.cn/t4/appstyle/expression/ext/normal/af/2020_hug_org.png"" />",0,1
4797577785246565.0,4797593441278348,Mon Aug 01 09:54:34 +0800 2022,宁津公安,https://weibo.com//u/2316874621,"<img alt=""[月亮]"" title=""[月亮]"" src=""https://face.t.sinajs.cn/t4/appstyle/expression/ext/normal/d5/2018new_yueliang_org.png"" />",0,0
,4797577755625993,Mon Aug 01 08:52:14 +0800 2022,兰州文化旅游,https://weibo.com//u/5770755050,<a href=/n/宁津公安>@宁津公安</a>,0,1
4797577755625993.0,4797593195122568,Mon Aug 01 09:53:35 +0800 2022,宁津公安,https://weibo.com//u/2316874621,"<img alt=""[抱抱]"" title=""[抱抱]"" src=""https://face.t.sinajs.cn/t4/appstyle/expression/ext/normal/42/2018new_baobao_org.png"" />",0,0
,4797577726525522,Mon Aug 01 08:52:06 +0800 2022,只是爱旅行的人,https://weibo.com//u/3874022616,"早安<img alt=""[心]"" title=""[心]"" src=""https://face.t.sinajs.cn/t4/appstyle/expression/ext/normal/8a/2018new_xin_org.png"" /><img alt=""[心]"" title=""[心]"" src=""https://face.t.sinajs.cn/t4/appstyle/expression/ext/normal/8a/2018new_xin_org.png"" /><img alt=""[心]"" title=""[心]"" src=""https://face.t.sinajs.cn/t4/appstyle/expression/ext/normal/8a/2018new_xin_org.png"" />",1,1
4797577726525522.0,4797593097865205,Mon Aug 01 09:53:11 +0800 2022,宁津公安,https://weibo.com//u/2316874621,"<img alt=""[话筒]"" title=""[话筒]"" src=""https://face.t.sinajs.cn/t4/appstyle/expression/ext/normal/48/2018new_huatong_org.png"" />",0,0
,4797577713943083,Mon Aug 01 08:52:03 +0800 2022,奥奥向前走,https://weibo.com//u/6510644806,"早<img alt=""[心]"" title=""[心]"" src=""https://face.t.sinajs.cn/t4/appstyle/expression/ext/normal/8a/2018new_xin_org.png"" />",0,1
4797577713943083.0,4797593240994755,Mon Aug 01 09:53:46 +0800 2022,宁津公安,https://weibo.com//u/2316874621,"<img alt=""[太开心]"" title=""[太开心]"" src=""https://face.t.sinajs.cn/t4/appstyle/expression/ext/normal/1e/2018new_taikaixin_org.png"" />",0,0
,4797577679602179,Mon Aug 01 08:51:55 +0800 2022,兰州文化旅游,https://weibo.com//u/5770755050,"<img alt=""[心]"" title=""[心]"" src=""https://face.t.sinajs.cn/t4/appstyle/expression/ext/normal/8a/2018new_xin_org.png"" /><img alt=""[心]"" title=""[心]"" src=""https://face.t.sinajs.cn/t4/appstyle/expression/ext/normal/8a/2018new_xin_org.png"" /><img alt=""[心]"" title=""[心]"" src=""https://face.t.sinajs.cn/t4/appstyle/expression/ext/normal/8a/2018new_xin_org.png"" />",0,1
4797577679602179.0,4797593240210226,Mon Aug 01 09:53:46 +0800 2022,宁津公安,https://weibo.com//u/2316874621,"<img alt=""[月亮]"" title=""[月亮]"" src=""https://face.t.sinajs.cn/t4/appstyle/expression/ext/normal/d5/2018new_yueliang_org.png"" />",0,0
,4797577424277264,Mon Aug 01 08:50:55 +0800 2022,风轻云淡LOVE666,https://weibo.com//u/5589429743,"早安，八月你好<img alt=""[爱你]"" title=""[爱你]"" src=""https://face.t.sinajs.cn/t4/appstyle/expression/ext/normal/f6/2018new_aini_org.png"" />",0,1
4797577424277264.0,4797593614549822,Mon Aug 01 09:55:14 +0800 2022,宁津公安,https://weibo.com//u/2316874621,"<img alt=""[爱你]"" title=""[爱你]"" src=""https://face.t.sinajs.cn/t4/appstyle/expression/ext/normal/f6/2018new_aini_org.png"" />",0,0
,4797577189133491,Mon Aug 01 08:49:59 +0800 2022,憨憨的一朵菌子,https://weibo.com//u/3841472159,"早安<img alt=""[心]"" title=""[心]"" src=""https://face.t.sinajs.cn/t4/appstyle/expression/ext/normal/8a/2018new_xin_org.png"" />",0,1
4797577189133491.0,4797593240996959,Mon Aug 01 09:53:46 +0800 2022,宁津公安,https://weibo.com//u/2316874621,"<img alt=""[微笑]"" title=""[微笑]"" src=""https://face.t.sinajs.cn/t4/appstyle/expression/ext/normal/e3/2018new_weixioa02_org.png"" />",0,0
,4797577080080741,Mon Aug 01 08:49:33 +0800 2022,时光能缓笑靥如花,https://weibo.com//u/1005525234,"早安<img alt=""[心]"" title=""[心]"" src=""https://face.t.sinajs.cn/t4/appstyle/expression/ext/normal/8a/2018new_xin_org.png"" />",0,1
4797577080080741.0,4797593458315081,Mon Aug 01 09:54:38 +0800 2022,宁津公安,https://weibo.com//u/2316874621,"<img alt=""[微笑]"" title=""[微笑]"" src=""https://face.t.sinajs.cn/t4/appstyle/expression/ext/normal/e3/2018new_weixioa02_org.png"" />",0,0
,4797576832879047,Mon Aug 01 08:48:34 +0800 2022,板栗烤红薯秋冬美食,https://weibo.com//u/7691423512,"早<img alt=""[鲜花]"" title=""[鲜花]"" src=""https://face.t.sinajs.cn/t4/appstyle/expression/ext/normal/d4/2018new_xianhua_org.png"" />",0,1
4797576832879047.0,4797593249646602,Mon Aug 01 09:53:48 +0800 2022,宁津公安,https://weibo.com//u/2316874621,"<img alt=""[话筒]"" title=""[话筒]"" src=""https://face.t.sinajs.cn/t4/appstyle/expression/ext/normal/48/2018new_huatong_org.png"" />",0,0
