﻿parent_comment_id,comment_id,comment_time,comment_user_name,comment_user_link,comment_content,comment_like_num,child_comment_num
,4797731401105506,Mon Aug 01 19:02:45 +0800 2022,攀枝花平安西区,https://weibo.com//u/5762468571,"<img alt=""[话筒]"" title=""[话筒]"" src=""https://face.t.sinajs.cn/t4/appstyle/expression/ext/normal/48/2018new_huatong_org.png"" /><img alt=""[话筒]"" title=""[话筒]"" src=""https://face.t.sinajs.cn/t4/appstyle/expression/ext/normal/48/2018new_huatong_org.png"" />",0,0
,4797680067281877,Mon Aug 01 15:38:47 +0800 2022,米易公安,https://weibo.com//u/3160981342,"<img alt=""[话筒]"" title=""[话筒]"" src=""https://face.t.sinajs.cn/t4/appstyle/expression/ext/normal/48/2018new_huatong_org.png"" />",0,0
,4797679785222380,Mon Aug 01 15:37:40 +0800 2022,绍兴越城公安,https://weibo.com//u/2139893427,"<img alt=""[话筒]"" title=""[话筒]"" src=""https://face.t.sinajs.cn/t4/appstyle/expression/ext/normal/48/2018new_huatong_org.png"" /><img alt=""[话筒]"" title=""[话筒]"" src=""https://face.t.sinajs.cn/t4/appstyle/expression/ext/normal/48/2018new_huatong_org.png"" />",0,0
,4797679546925698,Mon Aug 01 15:36:42 +0800 2022,米易公安,https://weibo.com//u/3160981342,"<img alt=""[话筒]"" title=""[话筒]"" src=""https://face.t.sinajs.cn/t4/appstyle/expression/ext/normal/48/2018new_huatong_org.png"" />",0,0
,4797607300563347,Mon Aug 01 10:49:37 +0800 2022,鹤城网警巡查执法,https://weibo.com//u/5657421525,"关注<img alt=""[话筒]"" title=""[话筒]"" src=""https://face.t.sinajs.cn/t4/appstyle/expression/ext/normal/48/2018new_huatong_org.png"" /><img alt=""[话筒]"" title=""[话筒]"" src=""https://face.t.sinajs.cn/t4/appstyle/expression/ext/normal/48/2018new_huatong_org.png"" />",0,0
,4797600539346428,Mon Aug 01 10:22:46 +0800 2022,柳州共青团,https://weibo.com//u/1893369911,"<img alt=""[阿玛尼芍药]"" title=""[阿玛尼芍药]"" src=""https://face.t.sinajs.cn/t4/appstyle/expression/ext/normal/74/2022_Armanipeony_org.png"" /><img alt=""[阿玛尼芍药]"" title=""[阿玛尼芍药]"" src=""https://face.t.sinajs.cn/t4/appstyle/expression/ext/normal/74/2022_Armanipeony_org.png"" />",0,0
,4797947000391700,Tue Aug 02 09:19:29 +0800 2022,菏泽市人民检察院,https://weibo.com//u/5455970373,"关注<img alt=""[话筒]"" title=""[话筒]"" src=""https://face.t.sinajs.cn/t4/appstyle/expression/ext/normal/48/2018new_huatong_org.png"" /><img alt=""[话筒]"" title=""[话筒]"" src=""https://face.t.sinajs.cn/t4/appstyle/expression/ext/normal/48/2018new_huatong_org.png"" />",0,0
,4797710269677663,Mon Aug 01 17:38:47 +0800 2022,平安越西,https://weibo.com//u/5144607534,"<img alt=""[话筒]"" title=""[话筒]"" src=""https://face.t.sinajs.cn/t4/appstyle/expression/ext/normal/48/2018new_huatong_org.png"" />",0,0
,4797645929058029,Mon Aug 01 13:23:08 +0800 2022,高新服务,https://weibo.com//u/3359245562,"<img alt=""[话筒]"" title=""[话筒]"" src=""https://face.t.sinajs.cn/t4/appstyle/expression/ext/normal/48/2018new_huatong_org.png"" /><img alt=""[话筒]"" title=""[话筒]"" src=""https://face.t.sinajs.cn/t4/appstyle/expression/ext/normal/48/2018new_huatong_org.png"" />",0,0
,4797617286681731,Mon Aug 01 11:29:19 +0800 2022,武侯人社局,https://weibo.com//u/2880246932,"<img alt=""[话筒]"" title=""[话筒]"" src=""https://face.t.sinajs.cn/t4/appstyle/expression/ext/normal/48/2018new_huatong_org.png"" /><img alt=""[话筒]"" title=""[话筒]"" src=""https://face.t.sinajs.cn/t4/appstyle/expression/ext/normal/48/2018new_huatong_org.png"" />",0,0
,4797612639126668,Mon Aug 01 11:10:51 +0800 2022,曹县人民检察院,https://weibo.com//u/2740584771,关注,0,0
,4797612530336416,Mon Aug 01 11:10:25 +0800 2022,井研县公安局POLICE,https://weibo.com//u/2652542630,"<img alt=""[话筒]"" title=""[话筒]"" src=""https://face.t.sinajs.cn/t4/appstyle/expression/ext/normal/48/2018new_huatong_org.png"" />",0,0
,4797691295697091,Mon Aug 01 16:23:24 +0800 2022,昆明五华发布,https://weibo.com//u/3840902209,"<img alt=""[话筒]"" title=""[话筒]"" src=""https://face.t.sinajs.cn/t4/appstyle/expression/ext/normal/48/2018new_huatong_org.png"" />。",0,0
