﻿parent_comment_id,comment_id,comment_time,comment_user_name,comment_user_link,comment_content,comment_like_num,child_comment_num
,4797435644484868,Sun Jul 31 23:27:32 +0800 2022,南波万大诗人,https://weibo.com//u/7430244566,"什么时候得抑郁症，赶紧的，一会网友都走了。<img alt=""[开学季]"" title=""[开学季]"" src=""https://face.t.sinajs.cn/t4/appstyle/expression/ext/normal/72/2021_kaixueji_org.png"" /><img alt=""[开学季]"" title=""[开学季]"" src=""https://face.t.sinajs.cn/t4/appstyle/expression/ext/normal/72/2021_kaixueji_org.png"" /><img alt=""[开学季]"" title=""[开学季]"" src=""https://face.t.sinajs.cn/t4/appstyle/expression/ext/normal/72/2021_kaixueji_org.png"" />",3,0
,4797610277474889,Mon Aug 01 11:01:28 +0800 2022,粥米小11,https://weibo.com//u/2744631194,喔吼,0,0
,4797962846478261,Tue Aug 02 10:22:27 +0800 2022,江月何年初照人灬,https://weibo.com//u/5893071319,igang集合,0,0
,4797735481378274,Mon Aug 01 19:18:59 +0800 2022,给我整下雨了OI,https://weibo.com//u/7674785678,怎么没人问问主播的大白鲨哪来的？？？？,0,0
,4797645845956222,Mon Aug 01 13:22:48 +0800 2022,郑昪,https://weibo.com//u/6016914709,byd确实太做作了,0,0
,4797576593802865,Mon Aug 01 08:47:37 +0800 2022,slivercherry,https://weibo.com//u/1084934423,"进去了<img alt=""[哆啦A梦害怕]"" title=""[哆啦A梦害怕]"" src=""https://face.t.sinajs.cn/t4/appstyle/expression/ext/normal/c7/dorahaipa_org.gif"" />",0,0
,4797555894913142,Mon Aug 01 07:25:22 +0800 2022,今天去逛超市了吗,https://weibo.com//u/1612864945,死夹子,0,0
,4797523455902180,Mon Aug 01 05:16:28 +0800 2022,你来自深海,https://weibo.com//u/7004907939,谁质疑谁举证,0,0
,4797425913432870,Sun Jul 31 22:48:52 +0800 2022,FourQuarters,https://weibo.com//u/6587135271,图片评论 ,6,0
,4798073739415232,Tue Aug 02 17:43:06 +0800 2022,林氏嬉左,https://weibo.com//u/6438238809,鲨鱼肉有尿素，也不好吃呀,0,0
,4797612315645357,Mon Aug 01 11:09:34 +0800 2022,呼噜呼噜乃大喵OvO,https://weibo.com//u/7278489672,"邢了吗，啥时候进去<img alt=""[太开心]"" title=""[太开心]"" src=""https://face.t.sinajs.cn/t4/appstyle/expression/ext/normal/1e/2018new_taikaixin_org.png"" />",0,0
,4797608114259557,Mon Aug 01 10:52:52 +0800 2022,炒河粉啦,https://weibo.com//u/5209922100,鲨鱼不是通过皮肤排尿吗？这能好吃？,3,0
,4797485523141061,Mon Aug 01 02:45:44 +0800 2022,石榴kwmll,https://weibo.com//u/7497089528,赵薇好美好像洋娃娃,0,0
,4797472218547142,Mon Aug 01 01:52:52 +0800 2022,GuppysHead,https://weibo.com//u/6306256731,有一说一，鲨鱼不是要吃新鲜的么，运到四川鱼肉都溶解酸化了,2,0
,4797442359559710,Sun Jul 31 23:54:12 +0800 2022,Yuyu_Is鱼鱼,https://weibo.com//u/2107753004,她吃起东西来真的很像野人,17,2
4797442359559710.0,4797521371333051,Mon Aug 01 05:08:11 +0800 2022,咸鱼的佛系人生,https://weibo.com//u/6531022236,"像那种食人魔<img alt=""[哆啦A梦害怕]"" title=""[哆啦A梦害怕]"" src=""https://face.t.sinajs.cn/t4/appstyle/expression/ext/normal/c7/dorahaipa_org.gif"" /><img alt=""[哆啦A梦害怕]"" title=""[哆啦A梦害怕]"" src=""https://face.t.sinajs.cn/t4/appstyle/expression/ext/normal/c7/dorahaipa_org.gif"" />👹",0,0
4797442359559710.0,4797621329727886,Mon Aug 01 11:45:23 +0800 2022,房鑫诚i,https://weibo.com//u/5524231320,回复<a href=/n/咸鱼的佛系人生>@咸鱼的佛系人生</a>:双头食人魔,0,0
,4797440190843369,Sun Jul 31 23:45:36 +0800 2022,深红的不夜城,https://weibo.com//u/5993783143,为啥这么多人标题没看完看个专家就来发表感言了。是那个网红买的水军？,0,0
,4797439712434732,Sun Jul 31 23:43:42 +0800 2022,香菜就是大自然的恶意,https://weibo.com//u/5380603473,天武杀道，断神道吔！,3,0
,4797438797289482,Sun Jul 31 23:40:04 +0800 2022,不知要改什么名,https://weibo.com//u/2740763521,评论区也挺典,0,0
,4797435011142435,Sun Jul 31 23:25:01 +0800 2022,等一个Zihuatanejo海滩,https://weibo.com//u/3084191684,吃，吃大块的，一块够吗,2,0
,4797433173775015,Sun Jul 31 23:17:43 +0800 2022,夜行动物azathoth,https://weibo.com//u/7317991339,刑,0,0
,4797430291500102,Sun Jul 31 23:06:15 +0800 2022,在我的生命里_有一段月光,https://weibo.com//u/7750512062,我在肘子那儿看见另一个和她一样套路的主播出现了，不过声音低沉一点,3,0
,4797427981486891,Sun Jul 31 22:57:05 +0800 2022,考不上就不换昵称,https://weibo.com//u/7762206025,额😓,0,0
,4797426915347982,Sun Jul 31 22:52:51 +0800 2022,风鸟_空,https://weibo.com//u/7155848997,"<img alt=""[挖鼻]"" title=""[挖鼻]"" src=""https://face.t.sinajs.cn/t4/appstyle/expression/ext/normal/9a/2018new_wabi_thumb.png"" />不久她就要素颜出镜了吗",59,1
4797426915347982.0,4797450412363309,Mon Aug 01 00:26:13 +0800 2022,潇洒的路过,https://weibo.com//u/2036306831,"不光素颜，还有强制短发和悔过椅<img alt=""[笑哈哈]"" title=""[笑哈哈]"" src=""https://face.t.sinajs.cn/t4/appstyle/expression/ext/normal/32/lxhwahaha_org.gif"" />",2,0
,4797426113977799,Sun Jul 31 22:49:40 +0800 2022,仙女庙方丈小狮飞吻,https://weibo.com//u/2553486551,行 为 艺 术,3,0
,4797425993389532,Sun Jul 31 22:49:11 +0800 2022,条鱼7274,https://weibo.com//u/7761433669,主播不是退网了，主播是落网了,574,13
4797425993389532.0,4797431935409585,Sun Jul 31 23:12:48 +0800 2022,一个不愿透露姓名的著名人物,https://weibo.com//u/6593301395,狱警不在，小播一会,70,0
4797425993389532.0,4797444351593962,Mon Aug 01 00:02:08 +0800 2022,-秋宮-,https://weibo.com//u/3058844025,爱！信！等！杀！吃！,25,0
4797425993389532.0,4797442291665859,Sun Jul 31 23:53:57 +0800 2022,非职业懂哥,https://weibo.com//u/7428312384,没有uzi的比赛我不看,10,0
4797425993389532.0,4797446418339484,Mon Aug 01 00:10:21 +0800 2022,布考斯基的爱,https://weibo.com//u/6284040282,我滴龟龟,6,0
4797425993389532.0,4797437740587921,Sun Jul 31 23:35:52 +0800 2022,名字真的很好起,https://weibo.com//u/6380779899,他滴肘味,5,0
4797425993389532.0,4797433408915963,Sun Jul 31 23:18:39 +0800 2022,南柯無梦兮,https://weibo.com//u/7356291735,"我想他了，没有他msi世界赛看着都没劲儿啊<img alt=""[泪]"" title=""[泪]"" src=""https://face.t.sinajs.cn/t4/appstyle/expression/ext/normal/6e/2018new_leimu_org.png"" /><img alt=""[泪]"" title=""[泪]"" src=""https://face.t.sinajs.cn/t4/appstyle/expression/ext/normal/6e/2018new_leimu_org.png"" />",4,0
4797425993389532.0,4797975089385768,Tue Aug 02 11:11:05 +0800 2022,未献给露璐的爱,https://weibo.com//u/3494757381,肯德基外卖，开门！,0,0
4797425993389532.0,4797777475538452,Mon Aug 01 22:05:51 +0800 2022,蛮怕你,https://weibo.com//u/5462010321,原子弹回来啦！,0,0
4797425993389532.0,4797571450799203,Mon Aug 01 08:27:11 +0800 2022,LeECct,https://weibo.com//u/5599091112,牢内,2,0
4797425993389532.0,4797570222654053,Mon Aug 01 08:22:17 +0800 2022,秋天刮起龙卷风,https://weibo.com//u/7445092546,回复<a href=/n/-秋宮->@-秋宮-</a>:什么组合拳，一套连招带走,0,0
4797425993389532.0,4797451742216900,Mon Aug 01 00:31:29 +0800 2022,海克斯黑科技专卖商店,https://weibo.com//u/3194001710,本科,4,0
4797425993389532.0,4797443239320390,Sun Jul 31 23:57:43 +0800 2022,错版河图,https://weibo.com//u/7649631033,"猪猪，我的猪猪<img alt=""[泪]"" title=""[泪]"" src=""https://face.t.sinajs.cn/t4/appstyle/expression/ext/normal/6e/2018new_leimu_org.png"" />",2,0
4797425993389532.0,4797440667945005,Sun Jul 31 23:47:30 +0800 2022,number24kb,https://weibo.com//u/5976326158,喂喂喂，woc，bin！乌兹，yyds,4,0
,4797425690353969,Sun Jul 31 22:47:59 +0800 2022,理性与现实的落差,https://weibo.com//u/7210618597,"活该<img alt=""[挖鼻]"" title=""[挖鼻]"" src=""https://face.t.sinajs.cn/t4/appstyle/expression/ext/normal/9a/2018new_wabi_thumb.png"" />",2,0
,4797425565567691,Sun Jul 31 22:47:29 +0800 2022,向日葵无与,https://weibo.com//u/7745037666,人工养殖大白鲨，她说一次我就笑一次，谁敢养这么凶的玩意还是远洋性鲨鱼,42,11
4797425565567691.0,4797448202228465,Mon Aug 01 00:17:26 +0800 2022,山茶花悄悄让秋天品茶,https://weibo.com//u/5413339500,原视频还特意在左上角标出来就离谱🙈,0,0
4797425565567691.0,4797592690493307,Mon Aug 01 09:51:35 +0800 2022,再喝五杯羊枝甘露,https://weibo.com//u/1903313817,回复<a href=/n/向日葵无与>@向日葵无与</a>:yesiyesi,0,0
4797425565567691.0,4797591247918636,Mon Aug 01 09:45:51 +0800 2022,向日葵无与,https://weibo.com//u/7745037666,"回复<a href=/n/再喝五杯羊枝甘露>@再喝五杯羊枝甘露</a>:而且大白鲨的脾气暴躁<img alt=""[doge]"" title=""[doge]"" src=""https://face.t.sinajs.cn/t4/appstyle/expression/ext/normal/a1/2018new_doge02_org.png"" />",0,0
4797425565567691.0,4797565389766736,Mon Aug 01 08:03:05 +0800 2022,再喝五杯羊枝甘露,https://weibo.com//u/1903313817,鲨鱼需要的活动范围极大极大，人工饲养的难度特别大,0,0
4797425565567691.0,4797535593693302,Mon Aug 01 06:04:41 +0800 2022,向日葵无与,https://weibo.com//u/7745037666,"回复<a href=/n/不好意思我没有看见>@不好意思我没有看见</a>:她要是养成功诺贝尔奖不得颁给她<img alt=""[doge]"" title=""[doge]"" src=""https://face.t.sinajs.cn/t4/appstyle/expression/ext/normal/a1/2018new_doge02_org.png"" />",0,0
4797425565567691.0,4797450215230201,Mon Aug 01 00:25:26 +0800 2022,不好意思我没有看见,https://weibo.com//u/5631805423,大白鲨目前人工饲养记录是198天，她要是能人工饲养也算是科研成果了,4,0
4797425565567691.0,4797448754826595,Mon Aug 01 00:19:38 +0800 2022,向日葵无与,https://weibo.com//u/7745037666,"回复<a href=/n/山茶花悄悄让秋天品茶>@山茶花悄悄让秋天品茶</a>:这么凶的动物要谁有这胆子去养我是真的服<img alt=""[允悲]"" title=""[允悲]"" src=""https://face.t.sinajs.cn/t4/appstyle/expression/ext/normal/83/2018new_kuxiao_org.png"" />",0,0
4797425565567691.0,4797440102242447,Sun Jul 31 23:45:15 +0800 2022,向日葵无与,https://weibo.com//u/7745037666,回复<a href=/n/空调麦玉强>@空调麦玉强</a>:噬人鲨就是大白鲨,0,0
4797425565567691.0,4797439780067366,Sun Jul 31 23:43:58 +0800 2022,两只沈梦兮,https://weibo.com//u/7469336164,"回复<a href=/n/空调麦玉强>@空调麦玉强</a>:<img alt=""[笑哈哈]"" title=""[笑哈哈]"" src=""https://face.t.sinajs.cn/t4/appstyle/expression/ext/normal/32/lxhwahaha_org.gif"" />你告诉我噬人鲨别称是什么",0,0
,4797425511045362,Sun Jul 31 22:47:16 +0800 2022,来一碗鳗鱼饭吗,https://weibo.com//u/5623287422,“从来没什么大白鲨、濒危、保护动物！没有违法！如果有，我自己进监狱！”,896,7
4797425511045362.0,4797426642197845,Sun Jul 31 22:51:46 +0800 2022,栎夜行舟,https://weibo.com//u/5164725398,"凡言凡语的，给我拷走<img alt=""[开学季]"" title=""[开学季]"" src=""https://face.t.sinajs.cn/t4/appstyle/expression/ext/normal/72/2021_kaixueji_org.png"" />",97,0
4797425511045362.0,4797882278871156,Tue Aug 02 05:02:18 +0800 2022,冽冽寒星,https://weibo.com//u/7571272912,"我那在局子里的前夫<img alt=""[怒]"" title=""[怒]"" src=""https://face.t.sinajs.cn/t4/appstyle/expression/ext/normal/f6/2018new_nu_org.png"" />",1,0
4797425511045362.0,4797512759640655,Mon Aug 01 04:33:58 +0800 2022,白梅樱王,https://weibo.com//u/3233995153,你的鳗鱼饭是用电鳗做的？,6,0
4797425511045362.0,4797426504302908,Sun Jul 31 22:51:12 +0800 2022,来一碗鳗鱼饭吗,https://weibo.com//u/5623287422,"回复<a href=/n/此梦dT-Tb有毒>@此梦dT-Tb有毒</a>:一周年 纪念一下<img alt=""[ok]"" title=""[ok]"" src=""https://face.t.sinajs.cn/t4/appstyle/expression/ext/normal/45/2018new_ok_org.png"" />",21,0
4797425511045362.0,4797426017503939,Sun Jul 31 22:49:17 +0800 2022,此梦dT-Tb有毒,https://weibo.com//u/6007913099,"鳗老师又来坑我们凡凡<img alt=""[怒]"" title=""[怒]"" src=""https://face.t.sinajs.cn/t4/appstyle/expression/ext/normal/f6/2018new_nu_org.png"" />",30,0
,4797425471983054,Sun Jul 31 22:47:07 +0800 2022,smile换悸,https://weibo.com//u/1980063303,"都违法了，张口就来的媒体专家建议合法<img alt=""[白眼]"" title=""[白眼]"" src=""https://face.t.sinajs.cn/t4/appstyle/expression/ext/normal/ef/2018new_landelini_org.png"" />",6,4
4797425471983054.0,4797431747710355,Sun Jul 31 23:12:03 +0800 2022,VeIionica,https://weibo.com//u/7649239659,专家是建议这网红出示合法来源证明，好像也没什么问题啊,41,0
4797425471983054.0,4797437996700622,Sun Jul 31 23:36:53 +0800 2022,洢吖牙牙,https://weibo.com//u/6383612847,"<img alt=""[汗]"" title=""[汗]"" src=""https://face.t.sinajs.cn/t4/appstyle/expression/ext/normal/28/2018new_han_org.png"" />",1,0
,4797425371848524,Sun Jul 31 22:46:43 +0800 2022,miaoxy03,https://weibo.com//u/7098911996,"蹲大牢<img alt=""[哆啦A梦吃惊]"" title=""[哆啦A梦吃惊]"" src=""https://face.t.sinajs.cn/t4/appstyle/expression/ext/normal/f0/dorachijing_org.gif"" />",1,0
,4797425183360826,Sun Jul 31 22:45:57 +0800 2022,Sharry_lina,https://weibo.com//u/1975573393,"现在公开投案的太多了<img alt=""[苦涩]"" title=""[苦涩]"" src=""https://face.t.sinajs.cn/t4/appstyle/expression/ext/normal/7e/2021_bitter_org.png"" />",185,4
4797425183360826.0,4797554506334695,Mon Aug 01 07:19:50 +0800 2022,BAEKH-19,https://weibo.com//u/2064137012,"回复<a href=/n/李光洙帕布>@李光洙帕布</a>:苏珊苏珊<img alt=""[彩虹屁]"" title=""[彩虹屁]"" src=""https://face.t.sinajs.cn/t4/appstyle/expression/ext/normal/4b/2022_praise_org.png"" />",1,0
4797425183360826.0,4797432040263363,Sun Jul 31 23:13:13 +0800 2022,骑马小张,https://weibo.com//u/3937762539,"回复<a href=/n/李光洙帕布>@李光洙帕布</a>:小黑子<img alt=""[怒]"" title=""[怒]"" src=""https://face.t.sinajs.cn/t4/appstyle/expression/ext/normal/f6/2018new_nu_org.png"" />漏出鸡脚了吧，树枝666",9,0
4797425183360826.0,4797431219229414,Sun Jul 31 23:09:57 +0800 2022,李光洙帕布,https://weibo.com//u/5872165395,回复<a href=/n/采雀和山石>@采雀和山石</a>:不要让凡流嚣张，坤流才是最吊的,12,0
4797425183360826.0,4797430812641794,Sun Jul 31 23:08:20 +0800 2022,采雀和山石,https://weibo.com//u/6865719768,凡凡引领的风潮，什么叫潮流偶像,3,0
,4797425128837288,Sun Jul 31 22:45:45 +0800 2022,数字用户体验,https://weibo.com//u/7715543706,"现在自首的姿势越来越花了<img alt=""[doge]"" title=""[doge]"" src=""https://face.t.sinajs.cn/t4/appstyle/expression/ext/normal/a1/2018new_doge02_org.png"" />",112,0
,4797425077979104,Sun Jul 31 22:45:33 +0800 2022,Hamicroid,https://weibo.com//u/1083757840,"好似<img alt=""[送花花]"" title=""[送花花]"" src=""https://face.t.sinajs.cn/t4/appstyle/expression/ext/normal/cb/2022_Flowers_org.png"" />",1,0
