﻿parent_comment_id,comment_id,comment_time,comment_user_name,comment_user_link,comment_content,comment_like_num,child_comment_num
,4797595190558943,Mon Aug 01 10:01:30 +0800 2022,叹气的泡泡,https://weibo.com//u/6511231205,"<img alt=""[裂开]"" title=""[裂开]"" src=""https://face.t.sinajs.cn/t4/appstyle/expression/ext/normal/1b/202011_liekai_org.png"" /><img alt=""[裂开]"" title=""[裂开]"" src=""https://face.t.sinajs.cn/t4/appstyle/expression/ext/normal/1b/202011_liekai_org.png"" /><img alt=""[裂开]"" title=""[裂开]"" src=""https://face.t.sinajs.cn/t4/appstyle/expression/ext/normal/1b/202011_liekai_org.png"" />太恶心了",1,1
4797595190558943.0,4797598319251569,Mon Aug 01 10:13:57 +0800 2022,四處逃亡ZQQ,https://weibo.com//u/6165333147,"视频我都不敢看完<img alt=""[跪了]"" title=""[跪了]"" src=""https://face.t.sinajs.cn/t4/appstyle/expression/ext/normal/75/2018new_gui_org.png"" />",0,0
,4797569887375584,Mon Aug 01 08:20:58 +0800 2022,一条云的飘动,https://weibo.com//u/6227281977,"我去，好恶心，那个娃娃鱼<img alt=""[哆啦A梦害怕]"" title=""[哆啦A梦害怕]"" src=""https://face.t.sinajs.cn/t4/appstyle/expression/ext/normal/c7/dorahaipa_org.gif"" /><img alt=""[哆啦A梦害怕]"" title=""[哆啦A梦害怕]"" src=""https://face.t.sinajs.cn/t4/appstyle/expression/ext/normal/c7/dorahaipa_org.gif"" /><img alt=""[哆啦A梦害怕]"" title=""[哆啦A梦害怕]"" src=""https://face.t.sinajs.cn/t4/appstyle/expression/ext/normal/c7/dorahaipa_org.gif"" /><img alt=""[哆啦A梦害怕]"" title=""[哆啦A梦害怕]"" src=""https://face.t.sinajs.cn/t4/appstyle/expression/ext/normal/c7/dorahaipa_org.gif"" />",2,1
4797569887375584.0,4797571111062718,Mon Aug 01 08:25:50 +0800 2022,四處逃亡ZQQ,https://weibo.com//u/6165333147,"是看一遍恶寒一遍的视频<img alt=""[衰]"" title=""[衰]"" src=""https://face.t.sinajs.cn/t4/appstyle/expression/ext/normal/a2/2018new_shuai_org.png"" /> 真的头皮发麻了<img alt=""[泪]"" title=""[泪]"" src=""https://face.t.sinajs.cn/t4/appstyle/expression/ext/normal/6e/2018new_leimu_org.png"" />",0,0
