﻿parent_comment_id,comment_id,comment_time,comment_user_name,comment_user_link,comment_content,comment_like_num,child_comment_num
,4797597087437250,Mon Aug 01 10:09:03 +0800 2022,德州中院,https://weibo.com//u/3628354521,"<img alt=""[话筒]"" title=""[话筒]"" src=""https://face.t.sinajs.cn/t4/appstyle/expression/ext/normal/48/2018new_huatong_org.png"" /><img alt=""[话筒]"" title=""[话筒]"" src=""https://face.t.sinajs.cn/t4/appstyle/expression/ext/normal/48/2018new_huatong_org.png"" />",0,0
,4797593962415962,Mon Aug 01 09:56:38 +0800 2022,汉滨检察,https://weibo.com//u/5999587576,转发微博,0,0
,4797586341625918,Mon Aug 01 09:26:20 +0800 2022,安康检察,https://weibo.com//u/5146889100,转发微博,1,2
4797586341625918.0,4797686400681330,Mon Aug 01 16:03:57 +0800 2022,石泉检察,https://weibo.com//u/3717649932,关注,0,0
4797586341625918.0,4797686382858662,Mon Aug 01 16:03:53 +0800 2022,石泉检察,https://weibo.com//u/3717649932,🎙️🎙️,0,0
