﻿parent_comment_id,comment_id,comment_time,comment_user_name,comment_user_link,comment_content,comment_like_num,child_comment_num
,4797575821006963,Mon Aug 01 08:44:33 +0800 2022,大庆检察,https://weibo.com//u/1663521665,"传播信息微平台<img alt=""[话筒]"" title=""[话筒]"" src=""https://face.t.sinajs.cn/t4/appstyle/expression/ext/normal/48/2018new_huatong_org.png"" />传递法治正能量<img alt=""[太阳]"" title=""[太阳]"" src=""https://face.t.sinajs.cn/t4/appstyle/expression/ext/normal/cd/2018new_taiyang_org.png"" />",0,0
,4797561829326963,Mon Aug 01 07:48:56 +0800 2022,忘川不忘卿,https://weibo.com//u/2783855351,"关注<img alt=""[话筒]"" title=""[话筒]"" src=""https://face.t.sinajs.cn/t4/appstyle/expression/ext/normal/48/2018new_huatong_org.png"" /><img alt=""[话筒]"" title=""[话筒]"" src=""https://face.t.sinajs.cn/t4/appstyle/expression/ext/normal/48/2018new_huatong_org.png"" />",0,0
,4797561145917901,Mon Aug 01 07:46:13 +0800 2022,淡远宁静cmd,https://weibo.com//u/7577873100,"关注<img alt=""[话筒]"" title=""[话筒]"" src=""https://face.t.sinajs.cn/t4/appstyle/expression/ext/normal/48/2018new_huatong_org.png"" /><img alt=""[话筒]"" title=""[话筒]"" src=""https://face.t.sinajs.cn/t4/appstyle/expression/ext/normal/48/2018new_huatong_org.png"" />",0,0
,4797560558455619,Mon Aug 01 07:43:54 +0800 2022,曹县人民检察院,https://weibo.com//u/2740584771,关注社会热点，传播法治资讯,2,2
4797560558455619.0,4797561850826136,Mon Aug 01 07:49:02 +0800 2022,忘川不忘卿,https://weibo.com//u/2783855351,"<img alt=""[good]"" title=""[good]"" src=""https://face.t.sinajs.cn/t4/appstyle/expression/ext/normal/8a/2018new_good_org.png"" /><img alt=""[good]"" title=""[good]"" src=""https://face.t.sinajs.cn/t4/appstyle/expression/ext/normal/8a/2018new_good_org.png"" />",0,0
4797560558455619.0,4797561170824240,Mon Aug 01 07:46:20 +0800 2022,淡远宁静cmd,https://weibo.com//u/7577873100,"<img alt=""[话筒]"" title=""[话筒]"" src=""https://face.t.sinajs.cn/t4/appstyle/expression/ext/normal/48/2018new_huatong_org.png"" /><img alt=""[话筒]"" title=""[话筒]"" src=""https://face.t.sinajs.cn/t4/appstyle/expression/ext/normal/48/2018new_huatong_org.png"" />",0,0
