﻿parent_comment_id,comment_id,comment_time,comment_user_name,comment_user_link,comment_content,comment_like_num,child_comment_num
,4797420020696276,Sun Jul 31 22:25:26 +0800 2022,风子夕喵,https://weibo.com//u/1256831795,刑了~,2448,5
,4797419663394863,Sun Jul 31 22:24:01 +0800 2022,喜欢对方深夜放毒,https://weibo.com//u/6716786507,还以为策划会有点法律意识,1337,1
,4797417655114122,Sun Jul 31 22:16:03 +0800 2022,张畅琪琳,https://weibo.com//u/7310028025,玩大发了,680,0
,4797417888944709,Sun Jul 31 22:16:59 +0800 2022,青城才子萧清羽,https://weibo.com//u/7405347762,"怎么可以这样<img alt=""[悲伤]"" title=""[悲伤]"" src=""https://face.t.sinajs.cn/t4/appstyle/expression/ext/normal/ee/2018new_beishang_org.png"" />",291,0
,4797419285383349,Sun Jul 31 22:22:31 +0800 2022,微龙一笑,https://weibo.com//u/6936951357,啊这…,113,0
,4797417570175560,Sun Jul 31 22:15:42 +0800 2022,五月龙儿笨笨,https://weibo.com//u/3978232312,"<img alt=""[黑线]"" title=""[黑线]"" src=""https://face.t.sinajs.cn/t4/appstyle/expression/ext/normal/a3/2018new_heixian_org.png"" /><img alt=""[怒]"" title=""[怒]"" src=""https://face.t.sinajs.cn/t4/appstyle/expression/ext/normal/f6/2018new_nu_org.png"" />",50,0
,4797417478161058,Sun Jul 31 22:15:20 +0800 2022,Plus糖心博雅,https://weibo.com//u/1089012484,"是那个丧尸啃人既视感的网红，这回稳了。<img alt=""[笑cry]"" title=""[笑cry]"" src=""https://face.t.sinajs.cn/t4/appstyle/expression/ext/normal/4a/2018new_xiaoku_thumb.png"" />",201,4
