﻿parent_comment_id,comment_id,comment_time,comment_user_name,comment_user_link,comment_content,comment_like_num,child_comment_num
,4797428421366781,Sun Jul 31 22:58:50 +0800 2022,祝亲斤浪三年内破产倒闭,https://weibo.com//u/2911884731,"昨天一个13岁女孩被老头qj四次至怀孕好像才9年？<img alt=""[疑问]"" title=""[疑问]"" src=""https://face.t.sinajs.cn/t4/appstyle/expression/ext/normal/b8/2018new_ningwen_org.png"" />",12,0
,4797429734184856,Sun Jul 31 23:04:03 +0800 2022,仰止在摄影,https://weibo.com//u/7307637200,"重男轻女了解一下<img alt=""[doge]"" title=""[doge]"" src=""https://face.t.sinajs.cn/t4/appstyle/expression/ext/normal/a1/2018new_doge02_org.png"" />",0,0
,4797450580397947,Mon Aug 01 00:26:53 +0800 2022,pain211,https://weibo.com//u/5628137974,"鲨鱼是通过皮肤排尿的<img alt=""[doge]"" title=""[doge]"" src=""https://face.t.sinajs.cn/t4/appstyle/expression/ext/normal/a1/2018new_doge02_org.png"" />",1,0
,4797437246439568,Sun Jul 31 23:33:53 +0800 2022,太阳炸酱,https://weibo.com//u/7405152598,"让我想起了娱乐圈还有薇娅偷税上亿屁事没有 而变形计里一个爸爸因为太穷偷了隔壁的羊卖被判了几年<img alt=""[开学季]"" title=""[开学季]"" src=""https://face.t.sinajs.cn/t4/appstyle/expression/ext/normal/72/2021_kaixueji_org.png"" />只能说哪怕都犯法但阶级不同得到的结果就不一样捏",35,1
4797437246439568.0,4797679454129543,Mon Aug 01 15:36:21 +0800 2022,副排包子,https://weibo.com//u/2267084840,"偷税漏税 普通人第一次犯也是补交加罚款 不需要坐牢 再犯才要坐牢<img alt=""[笑cry]"" title=""[笑cry]"" src=""https://face.t.sinajs.cn/t4/appstyle/expression/ext/normal/4a/2018new_xiaoku_thumb.png"" /> 法律规定的。不是说名人才这样",6,0
,4797430921431575,Sun Jul 31 23:08:46 +0800 2022,溜溜哒哒2011,https://weibo.com//u/7245322141,"完犊子了<img alt=""[允悲]"" title=""[允悲]"" src=""https://face.t.sinajs.cn/t4/appstyle/expression/ext/normal/83/2018new_kuxiao_org.png"" />",0,0
,4797429159822288,Sun Jul 31 23:01:45 +0800 2022,-wal1106,https://weibo.com//u/7567021690,"买卖同罪 谢谢<img alt=""[太开心]"" title=""[太开心]"" src=""https://face.t.sinajs.cn/t4/appstyle/expression/ext/normal/1e/2018new_taikaixin_org.png"" /><img alt=""[太开心]"" title=""[太开心]"" src=""https://face.t.sinajs.cn/t4/appstyle/expression/ext/normal/1e/2018new_taikaixin_org.png"" />",1,0
