﻿parent_comment_id,comment_id,comment_time,comment_user_name,comment_user_link,comment_content,comment_like_num,child_comment_num
,4797553423942560,Mon Aug 01 07:15:32 +0800 2022,奉节县令,https://weibo.com//u/5272216391,转发微博,0,0
,4797571170831648,Mon Aug 01 08:26:04 +0800 2022,湖北融媒,https://weibo.com//u/6342435867,转发微博,0,0
,4797556669811595,Mon Aug 01 07:28:27 +0800 2022,社会与法频道阎肃,https://weibo.com//u/2010261880,老铁早上好,0,1
4797556669811595.0,4797557110475554,Mon Aug 01 07:30:12 +0800 2022,仙翁观世界,https://weibo.com//u/1888781280,"赞 <a target=""_blank"" data-pid=0077TdOoly1fs85hjeq7gg3074074tbr  href=""http://wx4.sinaimg.cn/large/0077TdOoly1fs85hjeq7gg3074074tbr.gif""><img class=""icon-link"" src=""https://h5.sinaimg.cn/upload/2015/01/21/20/timeline_card_small_photo_default.png""/>查看动图</a>",0,0
,4797536932462654,Mon Aug 01 06:10:00 +0800 2022,通往监狱的铁路,https://weibo.com//u/6306559071,转发微博,0,1
4797536932462654.0,4797538026913831,Mon Aug 01 06:14:21 +0800 2022,仙翁观世界,https://weibo.com//u/1888781280,"<img alt=""[握手]"" title=""[握手]"" src=""https://face.t.sinajs.cn/t4/appstyle/expression/ext/normal/e9/2018new_woshou_org.png"" /><img alt=""[握手]"" title=""[握手]"" src=""https://face.t.sinajs.cn/t4/appstyle/expression/ext/normal/e9/2018new_woshou_org.png"" />",0,0
,4797517563429219,Mon Aug 01 04:53:03 +0800 2022,愤怒的火车头6688,https://weibo.com//u/7634945431,转发微博,0,1
4797517563429219.0,4797538047361997,Mon Aug 01 06:14:27 +0800 2022,仙翁观世界,https://weibo.com//u/1888781280,"<img alt=""[握手]"" title=""[握手]"" src=""https://face.t.sinajs.cn/t4/appstyle/expression/ext/normal/e9/2018new_woshou_org.png"" /><img alt=""[握手]"" title=""[握手]"" src=""https://face.t.sinajs.cn/t4/appstyle/expression/ext/normal/e9/2018new_woshou_org.png"" /><img alt=""[握手]"" title=""[握手]"" src=""https://face.t.sinajs.cn/t4/appstyle/expression/ext/normal/e9/2018new_woshou_org.png"" /><img alt=""[握手]"" title=""[握手]"" src=""https://face.t.sinajs.cn/t4/appstyle/expression/ext/normal/e9/2018new_woshou_org.png"" /><img alt=""[握手]"" title=""[握手]"" src=""https://face.t.sinajs.cn/t4/appstyle/expression/ext/normal/e9/2018new_woshou_org.png"" />",0,0
