﻿parent_comment_id,comment_id,comment_time,comment_user_name,comment_user_link,comment_content,comment_like_num,child_comment_num
,4797639541132943,Mon Aug 01 12:57:45 +0800 2022,微成都,https://weibo.com//u/1916780343,"关注<img alt=""[话筒]"" title=""[话筒]"" src=""https://face.t.sinajs.cn/t4/appstyle/expression/ext/normal/48/2018new_huatong_org.png"" /><img alt=""[话筒]"" title=""[话筒]"" src=""https://face.t.sinajs.cn/t4/appstyle/expression/ext/normal/48/2018new_huatong_org.png"" />",0,0
,4797607295846381,Mon Aug 01 10:49:37 +0800 2022,烟台市人民检察院,https://weibo.com//u/5043723586,关注热点信息，传递法治资讯,0,0
,4797605231460855,Mon Aug 01 10:41:24 +0800 2022,游仙公安,https://weibo.com//u/1920901005,"<img alt=""[话筒]"" title=""[话筒]"" src=""https://face.t.sinajs.cn/t4/appstyle/expression/ext/normal/48/2018new_huatong_org.png"" /><img alt=""[话筒]"" title=""[话筒]"" src=""https://face.t.sinajs.cn/t4/appstyle/expression/ext/normal/48/2018new_huatong_org.png"" /><img alt=""[话筒]"" title=""[话筒]"" src=""https://face.t.sinajs.cn/t4/appstyle/expression/ext/normal/48/2018new_huatong_org.png"" />",0,0
,4797604799971940,Mon Aug 01 10:39:41 +0800 2022,汉阴检察,https://weibo.com//u/5249979200,"<img alt=""[话筒]"" title=""[话筒]"" src=""https://face.t.sinajs.cn/t4/appstyle/expression/ext/normal/48/2018new_huatong_org.png"" /><img alt=""[话筒]"" title=""[话筒]"" src=""https://face.t.sinajs.cn/t4/appstyle/expression/ext/normal/48/2018new_huatong_org.png"" />",0,0
,4797600430031975,Mon Aug 01 10:22:19 +0800 2022,武昌检察,https://weibo.com//u/5078003525,关注,0,0
,4797598630153823,Mon Aug 01 10:15:11 +0800 2022,黄河口检察在线,https://weibo.com//u/5154653304,"<img alt=""[话筒]"" title=""[话筒]"" src=""https://face.t.sinajs.cn/t4/appstyle/expression/ext/normal/48/2018new_huatong_org.png"" /><img alt=""[话筒]"" title=""[话筒]"" src=""https://face.t.sinajs.cn/t4/appstyle/expression/ext/normal/48/2018new_huatong_org.png"" />",0,0
,4797588362497009,Mon Aug 01 09:34:23 +0800 2022,历下检察,https://weibo.com//u/2661549585,"传播信息微平台<img alt=""[话筒]"" title=""[话筒]"" src=""https://face.t.sinajs.cn/t4/appstyle/expression/ext/normal/48/2018new_huatong_org.png"" />传递法治正能量<img alt=""[太阳]"" title=""[太阳]"" src=""https://face.t.sinajs.cn/t4/appstyle/expression/ext/normal/cd/2018new_taiyang_org.png"" />",0,0
,4797692431308944,Mon Aug 01 16:27:55 +0800 2022,宿州检察,https://weibo.com//u/3215433812,关注,0,0
,4797692363933429,Mon Aug 01 16:27:39 +0800 2022,宿州检察,https://weibo.com//u/3215433812,关注,0,0
,4797664011748252,Mon Aug 01 14:34:59 +0800 2022,菏泽市人民检察院,https://weibo.com//u/5455970373,"关注<img alt=""[话筒]"" title=""[话筒]"" src=""https://face.t.sinajs.cn/t4/appstyle/expression/ext/normal/48/2018new_huatong_org.png"" />关注<img alt=""[话筒]"" title=""[话筒]"" src=""https://face.t.sinajs.cn/t4/appstyle/expression/ext/normal/48/2018new_huatong_org.png"" />",0,0
,4797618490706160,Mon Aug 01 11:34:06 +0800 2022,武汉经开检察,https://weibo.com//u/5200462479,关注热点信息,0,0
,4797614808371256,Mon Aug 01 11:19:28 +0800 2022,曾都检察,https://weibo.com//u/5174377668,"<img alt=""[话筒]"" title=""[话筒]"" src=""https://face.t.sinajs.cn/t4/appstyle/expression/ext/normal/48/2018new_huatong_org.png"" /><img alt=""[话筒]"" title=""[话筒]"" src=""https://face.t.sinajs.cn/t4/appstyle/expression/ext/normal/48/2018new_huatong_org.png"" />",0,0
,4797613863607225,Mon Aug 01 11:15:43 +0800 2022,济阳检察,https://weibo.com//u/5475670809,<a href=/n/济南市天桥区人民检察>@济南市天桥区人民检察</a>,0,0
,4797605652204877,Mon Aug 01 10:43:05 +0800 2022,天津河西检察官,https://weibo.com//u/1972092827,"<img alt=""[话筒]"" title=""[话筒]"" src=""https://face.t.sinajs.cn/t4/appstyle/expression/ext/normal/48/2018new_huatong_org.png"" /><img alt=""[话筒]"" title=""[话筒]"" src=""https://face.t.sinajs.cn/t4/appstyle/expression/ext/normal/48/2018new_huatong_org.png"" /><img alt=""[话筒]"" title=""[话筒]"" src=""https://face.t.sinajs.cn/t4/appstyle/expression/ext/normal/48/2018new_huatong_org.png"" />",0,0
,4797597497688290,Mon Aug 01 10:10:40 +0800 2022,江北检察,https://weibo.com//u/2972503342,"关注<img alt=""[话筒]"" title=""[话筒]"" src=""https://face.t.sinajs.cn/t4/appstyle/expression/ext/normal/48/2018new_huatong_org.png"" /><img alt=""[话筒]"" title=""[话筒]"" src=""https://face.t.sinajs.cn/t4/appstyle/expression/ext/normal/48/2018new_huatong_org.png"" />",0,0
,4797583203240498,Mon Aug 01 09:13:53 +0800 2022,杭州检察,https://weibo.com//u/2810632993,关注热点,0,0
,4797648828105299,Mon Aug 01 13:34:38 +0800 2022,无问东西QAQ,https://weibo.com//u/2973907191,能吃几年国家饭,0,0
,4797703937330193,Mon Aug 01 17:13:38 +0800 2022,重庆大足法院,https://weibo.com//u/3217974497,"关注<img alt=""[话筒]"" title=""[话筒]"" src=""https://face.t.sinajs.cn/t4/appstyle/expression/ext/normal/48/2018new_huatong_org.png"" /><img alt=""[话筒]"" title=""[话筒]"" src=""https://face.t.sinajs.cn/t4/appstyle/expression/ext/normal/48/2018new_huatong_org.png"" />",0,0
,4797612048515124,Mon Aug 01 11:08:29 +0800 2022,临安检察,https://weibo.com//u/5040677736,"<a href=""//s.weibo.com/weibo?q=%23%E8%AD%A6%E6%96%B9%E8%AE%A4%E5%AE%9A%E7%BD%91%E7%BA%A2%E7%94%A8%E6%BF%92%E5%8D%B1%E5%A4%A7%E7%99%BD%E9%B2%A8%E5%81%9A%E7%BE%8E%E9%A3%9F%23"" target=""_blank"">#警方认定网红用濒危大白鲨做美食#</a>【<a href=""//s.weibo.com/weibo?q=%23%E4%BA%94%E5%B9%B4%E5%86%85%E6%88%91%E5%9B%BD%E9%87%8E%E7%94%9F%E5%8A%A8%E6%A4%8D%E7%89%A9%E5%B0%86%E5%BE%97%E5%88%B0%E5%8A%A0%E5%80%8D%E4%BF%9D%E6%8A%A4%23"" target=""_blank"">#五年内我国野生动植物将得到加倍保护#</a>】",0,0
,4797600232638785,Mon Aug 01 10:21:33 +0800 2022,汉滨检察,https://weibo.com//u/5999587576,"<img alt=""[话筒]"" title=""[话筒]"" src=""https://face.t.sinajs.cn/t4/appstyle/expression/ext/normal/48/2018new_huatong_org.png"" /><img alt=""[话筒]"" title=""[话筒]"" src=""https://face.t.sinajs.cn/t4/appstyle/expression/ext/normal/48/2018new_huatong_org.png"" />",0,0
,4797578190785968,Mon Aug 01 08:53:58 +0800 2022,Luthaway,https://weibo.com//u/3209288190,"<img alt=""[话筒]"" title=""[话筒]"" src=""https://face.t.sinajs.cn/t4/appstyle/expression/ext/normal/48/2018new_huatong_org.png"" />",0,0
,4797578174010501,Mon Aug 01 08:53:54 +0800 2022,Luthaway,https://weibo.com//u/3209288190,<a href=/n/济南市天桥区人民检察>@济南市天桥区人民检察</a>,0,0
