﻿parent_comment_id,comment_id,comment_time,comment_user_name,comment_user_link,comment_content,comment_like_num,child_comment_num
,4797499854815525,Mon Aug 01 03:42:41 +0800 2022,微美食德州,https://weibo.com//u/2707844392,"要把温柔跟可爱藏起来留给喜欢的人<img alt=""[互粉]"" title=""[互粉]"" src=""https://face.t.sinajs.cn/t4/appstyle/expression/ext/normal/86/2018new_hufen02_org.png"" />",0,0
,4797499803697311,Mon Aug 01 03:42:28 +0800 2022,天源时尚,https://weibo.com//u/3158710915,"我在纠结是睡到明年，还是等到明年再睡。<img alt=""[睡]"" title=""[睡]"" src=""https://face.t.sinajs.cn/t4/appstyle/expression/ext/normal/e2/2018new_shuijiao_thumb.png"" />",0,0
,4797499749958046,Mon Aug 01 03:42:16 +0800 2022,视觉小伙伴,https://weibo.com//u/2880312281,"让心中无事,如清水长流。<img alt=""[生病]"" title=""[生病]"" src=""https://face.t.sinajs.cn/t4/appstyle/expression/ext/normal/3b/2018new_shengbing_org.png"" />",0,0
,4797499829387554,Mon Aug 01 03:42:35 +0800 2022,德州同城会,https://weibo.com//u/2024260507,"看天上的月，吹人间的风，过最平凡的生活<img alt=""[吃瓜]"" title=""[吃瓜]"" src=""https://face.t.sinajs.cn/t4/appstyle/expression/ext/normal/01/2018new_chigua_org.png"" />",0,0
