﻿parent_comment_id,comment_id,comment_time,comment_user_name,comment_user_link,comment_content,comment_like_num,child_comment_num
,4797582012320307,Mon Aug 01 09:09:09 +0800 2022,刘委璁y0unG,https://weibo.com//u/1896510111,文案彰显了才华呀,0,0
,4797581978502390,Mon Aug 01 09:09:01 +0800 2022,华晨xue,https://weibo.com//u/5285103366,你怎么才更新呀！,0,0
,4797581978240240,Mon Aug 01 09:09:00 +0800 2022,璋剂桔乇胍20996,https://weibo.com//u/5210016881,真心不错啊哈哈,0,0
,4797581978766487,Mon Aug 01 09:09:01 +0800 2022,股赎障麓雠91361,https://weibo.com//u/6896061776,"<img alt=""[并不简单]"" title=""[并不简单]"" src=""https://face.t.sinajs.cn/t4/appstyle/expression/ext/normal/aa/2018new_bingbujiandan_org.png"" />来了，看看分享",0,0
,4797581978239866,Mon Aug 01 09:09:00 +0800 2022,神马代言人,https://weibo.com//u/2800415241,点赞，可以的这个，,0,0
,4797581978243703,Mon Aug 01 09:09:01 +0800 2022,撕逦骐舸咕05181,https://weibo.com//u/5657301382,群处守嘴，独处守心修己以清心为要，涉世以慎言为先,0,0
,4797581975097243,Mon Aug 01 09:09:00 +0800 2022,晓玫__799,https://weibo.com//u/3174909134,所有的人，都是唯一，加起来就是全世界,0,0
,4797581974046099,Mon Aug 01 09:08:59 +0800 2022,冬天的的小石头,https://weibo.com//u/5501592921,必须点赞，说得真好,0,0
,4797581974044971,Mon Aug 01 09:08:59 +0800 2022,一倾风月一流年丶Ktxf,https://weibo.com//u/7454542624,翻,0,0
,4797581974571549,Mon Aug 01 09:09:00 +0800 2022,李先生7758258,https://weibo.com//u/5760037266,有共同的目标，当然最好啦。,0,0
,4797581969853947,Mon Aug 01 09:08:59 +0800 2022,花街良人-Gtog,https://weibo.com//u/7453794709,谢谢你 我心情好多了,0,0
,4797581970377138,Mon Aug 01 09:08:59 +0800 2022,瑾与珂,https://weibo.com//u/3016211347,点点滴滴的分享。真好,0,0
,4797581971165063,Mon Aug 01 09:08:59 +0800 2022,上官咚紫汐,https://weibo.com//u/3171548642,太羡慕这样的爱情了,0,0
,4797581970118437,Mon Aug 01 09:08:59 +0800 2022,谭伟伟123,https://weibo.com//u/3912508962,水不水的，支持一下，加加人气,0,0
,4797581970375954,Mon Aug 01 09:08:58 +0800 2022,小毛予筑,https://weibo.com//u/5980153346,这样的爱情真是让人羡慕,0,0
,4797581966969562,Mon Aug 01 09:08:58 +0800 2022,并非好人2090386847,https://weibo.com//u/2090386847,这个很有看点，顶起来,0,0
,4797581965918412,Mon Aug 01 09:08:57 +0800 2022,兜外拯柚颥64330,https://weibo.com//u/5251790041,积极转发评论哦，求博主翻我,0,0
,4797581966445181,Mon Aug 01 09:08:58 +0800 2022,做女人挺好_氁,https://weibo.com//u/7456419434,你是我的一个意外，也是我最想坚持的,0,0
,4797581962774775,Mon Aug 01 09:08:57 +0800 2022,money030,https://weibo.com//u/3285851107,真好呢，每次都有惊喜,0,0
,4797581961466322,Mon Aug 01 09:08:57 +0800 2022,殚磅喹锆骈30265,https://weibo.com//u/6071561566,我又get到了,0,0
,4797581961988034,Mon Aug 01 09:08:57 +0800 2022,王楠琦6228950580,https://weibo.com//u/6228950580,希望你们幸福长久呢,0,0
,4797581962510672,Mon Aug 01 09:08:56 +0800 2022,付爱宝兰雨,https://weibo.com//u/5196934100,持一下，加加人气,0,0
,4797581957270246,Mon Aug 01 09:08:56 +0800 2022,枵霰同觅淳68875,https://weibo.com//u/6425269351,有一次我又相信爱情了,0,0
,4797581958580694,Mon Aug 01 09:08:56 +0800 2022,不管说什么都在努力进化的Ether,https://weibo.com//u/1106458983,"相当给力<img alt=""[心]"" title=""[心]"" src=""https://face.t.sinajs.cn/t4/appstyle/expression/ext/normal/8a/2018new_xin_org.png"" /><img alt=""[心]"" title=""[心]"" src=""https://face.t.sinajs.cn/t4/appstyle/expression/ext/normal/8a/2018new_xin_org.png"" />",0,0
,4797581958317989,Mon Aug 01 09:08:56 +0800 2022,闲云池中敛-Pmdv,https://weibo.com//u/7455527973,我是第一妥妥的c位,0,0
,4797581957532165,Mon Aug 01 09:08:56 +0800 2022,pipozzz,https://weibo.com//u/5887887064,又开始相信爱情了,0,0
,4797581953862401,Mon Aug 01 09:08:55 +0800 2022,菘氮谳溲叉94465,https://weibo.com//u/5827652476,看完真的是相信爱情了,0,0
,4797581949670103,Mon Aug 01 09:08:54 +0800 2022,icbag5pqw,https://weibo.com//u/7461173616,这样的爱情可真是太甜蜜了,0,0
,4797581948880318,Mon Aug 01 09:08:53 +0800 2022,__少朋,https://weibo.com//u/1141456692,赶上评论前一百，我满足了,0,0
,4797581949147574,Mon Aug 01 09:08:54 +0800 2022,灬仫铒洞丶梯,https://weibo.com//u/7454544422,这颜值太可了，好漂亮哟,0,0
,4797581949665691,Mon Aug 01 09:08:53 +0800 2022,糸and爰,https://weibo.com//u/1769684627,真的是走心了  很棒,0,0
,4797581949665937,Mon Aug 01 09:08:53 +0800 2022,wjw2013110,https://weibo.com//u/3761211111,加油，来过了，顶顶顶！！！！！,0,0
,4797581949932621,Mon Aug 01 09:08:54 +0800 2022,白天永远不懂夜的黑双子,https://weibo.com//u/5732831193,加油123永远支持你,0,0
,4797581948883746,Mon Aug 01 09:08:54 +0800 2022,harryolow,https://weibo.com//u/1925533047,同意呀,0,0
,4797581949404176,Mon Aug 01 09:08:53 +0800 2022,第十二座城-漃,https://weibo.com//u/7456662337,时间会沉淀最正的情感，风雨会考验最暖的陪伴,0,0
,4797581948881424,Mon Aug 01 09:08:54 +0800 2022,博主常年不在家,https://weibo.com//u/5653070594,有共同的目标，当然最好啦。,0,0
,4797581944688369,Mon Aug 01 09:08:53 +0800 2022,想想不晚An,https://weibo.com//u/5970289305,看完也不知道怎莫说了，顶一个,0,0
,4797581945996013,Mon Aug 01 09:08:52 +0800 2022,五岳儿时,https://weibo.com//u/3899943535,谢谢你 我心情好多了,0,0
,4797581941277917,Mon Aug 01 09:08:52 +0800 2022,九少爷的鱼,https://weibo.com//u/5200739327,"相当给力<img alt=""[心]"" title=""[心]"" src=""https://face.t.sinajs.cn/t4/appstyle/expression/ext/normal/8a/2018new_xin_org.png"" /><img alt=""[心]"" title=""[心]"" src=""https://face.t.sinajs.cn/t4/appstyle/expression/ext/normal/8a/2018new_xin_org.png"" />",0,0
,4797581940758445,Mon Aug 01 09:08:52 +0800 2022,都是我错了好不好,https://weibo.com//u/6407500574,这么好，先转走吧,0,0
,4797581940756884,Mon Aug 01 09:08:52 +0800 2022,陈娜娜啊,https://weibo.com//u/2884363544,你是亿万星河都抵不过的风景,0,0
,4797581941018946,Mon Aug 01 09:08:52 +0800 2022,遨貅觋姣吗29746,https://weibo.com//u/5829782459,太棒了加油,0,0
,4797581936823667,Mon Aug 01 09:08:50 +0800 2022,雪馨沁梦-Bnof,https://weibo.com//u/7454241338,看着好温馨呐,0,0
,4797581937346346,Mon Aug 01 09:08:50 +0800 2022,小静子爱旅行,https://weibo.com//u/6319021383,这一份纯真的爱情真让人羡慕,0,0
,4797581936301329,Mon Aug 01 09:08:51 +0800 2022,逢胸化吉丶厵,https://weibo.com//u/7454120924,旁观者眼中的团圆，未必是戏中愿意承受的,0,0
,4797581932891241,Mon Aug 01 09:08:49 +0800 2022,张猛-黄金分析师,https://weibo.com//u/2938451685,真的是走心了  很棒,0,0
,4797581927907794,Mon Aug 01 09:08:48 +0800 2022,糖果兮兮-僓,https://weibo.com//u/7454949822,很喜欢这个，不错,0,0
,4797581927909326,Mon Aug 01 09:08:49 +0800 2022,微凉的夏日丶Vgwy,https://weibo.com//u/7454035019,这个就很不错啊,0,0
,4797581927908668,Mon Aug 01 09:08:48 +0800 2022,斡苯鳅派璇06964,https://weibo.com//u/6357724844,博主更新速度可以呀，再多来点,0,0
,4797581929221158,Mon Aug 01 09:08:48 +0800 2022,夕蚨沉柄迁70916,https://weibo.com//u/5574681879,这也太好了呢,0,0
,4797581924241655,Mon Aug 01 09:08:48 +0800 2022,我真的受伤了_Qcmb,https://weibo.com//u/7454549411,我也这么觉得,0,0
,4797581924239852,Mon Aug 01 09:08:48 +0800 2022,本尊邪小爷丶,https://weibo.com//u/6172353328,真的是,0,0
,4797581925023946,Mon Aug 01 09:08:47 +0800 2022,远去的洋流丶捥,https://weibo.com//u/7456888911,感谢分享，果断转走,0,0
,4797581925029299,Mon Aug 01 09:08:48 +0800 2022,俑喜928720907,https://weibo.com//u/1037973884,又开始相信爱情了,0,0
,4797581924238186,Mon Aug 01 09:08:48 +0800 2022,mint14501,https://weibo.com//u/1961679415,我不知道是好气还是好笑，最后还是笑了,0,0
,4797581924238692,Mon Aug 01 09:08:48 +0800 2022,云深雾莫测,https://weibo.com//u/2712632233,好会,0,0
,4797581923714084,Mon Aug 01 09:08:47 +0800 2022,佛山国旅国际旅行社,https://weibo.com//u/2634990363,安排起来，转走,0,0
,4797581919784951,Mon Aug 01 09:08:47 +0800 2022,抚臂同看蔷薇星云,https://weibo.com//u/3291455971,有共同的目标很幸福,0,0
,4797581919519439,Mon Aug 01 09:08:46 +0800 2022,甜人精小张,https://weibo.com//u/6723761893,明星今天搭配太可，非常帅气，,0,0
,4797581920569257,Mon Aug 01 09:08:47 +0800 2022,妾圭旯勋骇71595,https://weibo.com//u/5648494987,希望越来越棒，会一直关注,0,0
,4797581920572708,Mon Aug 01 09:08:47 +0800 2022,电响亮亮亮的名号6,https://weibo.com//u/7482937153,我要偷你的体温，说人话要抱抱,0,0
,4797581920044811,Mon Aug 01 09:08:47 +0800 2022,叶落无声-乍,https://weibo.com//u/7454116010,同意呀,0,0
,4797581915592145,Mon Aug 01 09:08:46 +0800 2022,楂胀尧囡孩05886,https://weibo.com//u/5861848997,很用心啊，支持你，继续努力,0,0
,4797581916115135,Mon Aug 01 09:08:46 +0800 2022,硭轻吼踱疝34034,https://weibo.com//u/5280923146,"一起搞起来,关注！",0,0
,4797581916639654,Mon Aug 01 09:08:46 +0800 2022,用户h3zvog9f7r,https://weibo.com//u/1007604453,加油支持,0,0
,4797569165430095,Mon Aug 01 08:18:06 +0800 2022,超话社区,https://weibo.com//u/5878659096,"你好，你感兴趣的“提子[超话]”已开通了超话社区～ 超话社区是微博旗下兴趣互动社区，快来与志同道合的小伙伴们一起交流互动吧！ 戳我进入&gt;&gt; <a target=""_blank"" href=""https://weibo.com/p/100808e080eb421ad89a0aebe42cad6a5733c1""><img class=""icon-link"" src=""https://h5.sinaimg.cn/upload/100/959/2020/05/09/timeline_card_small_super_default.png""/>提子超话</a>",0,0
