﻿parent_comment_id,comment_id,comment_time,comment_user_name,comment_user_link,comment_content,comment_like_num,child_comment_num
,4797566278960164,Mon Aug 01 08:06:38 +0800 2022,Feuilletoniste,https://weibo.com//u/1915603677,"这样比太过分了<img alt=""[嘘]"" title=""[嘘]"" src=""https://face.t.sinajs.cn/t4/appstyle/expression/ext/normal/b0/2018new_xu_org.png"" />，五公子准备给您发律师函了哈哈哈<img alt=""[绿马]"" title=""[绿马]"" src=""https://face.t.sinajs.cn/t4/appstyle/expression/ext/normal/df/2022_Greenhorse_org.png"" /> 五楼做的很精致的，我记得吃之前还要卸妆沐浴更衣焚香，而且还都是一小碟一小盅的，就这位“蹄子”的吃相五公子绝对不想把她邀请去吃那顿“羊毛出在两脚羊身上”的“大餐”的，用来烤地摊羊肉串可能都得考虑考虑",0,3
4797566278960164.0,4797568595263664,Mon Aug 01 08:15:49 +0800 2022,不知道叫啥好llpppuuytreedch,https://weibo.com//u/7192911189,"那就把这蹄子剁吧剁吧喂鱼吧<img alt=""[喵喵]"" title=""[喵喵]"" src=""https://face.t.sinajs.cn/t4/appstyle/expression/ext/normal/7b/2018new_miaomiao_org.png"" />",0,0
4797566278960164.0,4797566443065646,Mon Aug 01 08:07:17 +0800 2022,Feuilletoniste,https://weibo.com//u/1915603677,五楼餐饮企业特此声明：五楼主厨师傅“严格”按照餐饮行业秩序规范经营，保证每一道菜品的质量与特色，也保证就餐环境的卫生和安全。一次只接待一位客人，不参与任何线上宣传活动，酒香不怕巷子深，味美鲜香享盛宴，五楼欢迎您！,0,0
4797566278960164.0,4797578984295686,Mon Aug 01 08:57:07 +0800 2022,Feuilletoniste,https://weibo.com//u/1915603677,"回复<a href=/n/不知道叫啥好llpppuuytreedch>@不知道叫啥好llpppuuytreedch</a>:以其鱼之道还治其人之身，不错不错！<img alt=""[成人礼]"" title=""[成人礼]"" src=""https://face.t.sinajs.cn/t4/appstyle/expression/ext/normal/54/2022_adults_org.png"" />不过建议做无害化处理后采取这条销毁措施<img alt=""[ok]"" title=""[ok]"" src=""https://face.t.sinajs.cn/t4/appstyle/expression/ext/normal/45/2018new_ok_org.png"" />",0,0
