﻿parent_comment_id,comment_id,comment_time,comment_user_name,comment_user_link,comment_content,comment_like_num,child_comment_num
,4797570100497792,Mon Aug 01 08:21:49 +0800 2022,养乐多suk,https://weibo.com//u/7740031996,上次还吃了娃娃鱼，真的没上过学吗？？？,3,2
4797570100497792.0,4797570599096498,Mon Aug 01 08:23:48 +0800 2022,匹诺曹suk,https://weibo.com//u/5636100311,"娃娃鱼不是保护动物吗<img alt=""[二哈]"" title=""[二哈]"" src=""https://face.t.sinajs.cn/t4/appstyle/expression/ext/normal/22/2018new_erha_org.png"" /><img alt=""[二哈]"" title=""[二哈]"" src=""https://face.t.sinajs.cn/t4/appstyle/expression/ext/normal/22/2018new_erha_org.png"" />",2,0
4797570100497792.0,4797576509130567,Mon Aug 01 08:47:17 +0800 2022,空模样LargeMoyo,https://weibo.com//u/3802045702,这个嘛，养殖的二代娃娃鱼的确可以食用，也确实能人工养殖。但大白鲨是能人工养殖的动物吗？,0,0
,4797569849098341,Mon Aug 01 08:20:48 +0800 2022,奶糕养乐多,https://weibo.com//u/7691893137,"为了流量无所不用其极啊<img alt=""[举杠铃]"" title=""[举杠铃]"" src=""https://face.t.sinajs.cn/t4/appstyle/expression/ext/normal/bb/2022_Weightlifting_org.png"" />",4,1
4797569849098341.0,4797570632908896,Mon Aug 01 08:23:55 +0800 2022,匹诺曹suk,https://weibo.com//u/5636100311,"无语<img alt=""[爱你]"" title=""[爱你]"" src=""https://face.t.sinajs.cn/t4/appstyle/expression/ext/normal/f6/2018new_aini_org.png"" /><img alt=""[爱你]"" title=""[爱你]"" src=""https://face.t.sinajs.cn/t4/appstyle/expression/ext/normal/f6/2018new_aini_org.png"" />",2,0
,4797569601634739,Mon Aug 01 08:19:49 +0800 2022,匹诺曹suk,https://weibo.com//u/5636100311,"无语至极<img alt=""[允悲]"" title=""[允悲]"" src=""https://face.t.sinajs.cn/t4/appstyle/expression/ext/normal/83/2018new_kuxiao_org.png"" />",4,0
