﻿parent_comment_id,comment_id,comment_time,comment_user_name,comment_user_link,comment_content,comment_like_num,child_comment_num
,4797546034103699,Mon Aug 01 06:46:11 +0800 2022,微美食德州,https://weibo.com//u/2707844392,"凡是过往，皆为序章。<img alt=""[雪花]"" title=""[雪花]"" src=""https://face.t.sinajs.cn/t4/appstyle/expression/ext/normal/13/yunying2020_snowflakes_org.png"" />",0,0
,4797545983508788,Mon Aug 01 06:45:58 +0800 2022,天源时尚,https://weibo.com//u/3158710915,"你不会一直喜欢我的 你会嫌我烦 会觉得我敏感多疑 莫名其妙没安全感 小事情小细节就觉得我在无理取闹<img alt=""[丘比特]"" title=""[丘比特]"" src=""https://face.t.sinajs.cn/t4/appstyle/expression/ext/normal/45/2021_qiubite_org.png"" />",0,0
,4797545957557592,Mon Aug 01 06:45:52 +0800 2022,朝娱,https://weibo.com//u/3939456271,"春风秋叶轮转，山南水北走遍，你一眼万物不见，你一笑心跳骤变。<img alt=""[悲伤]"" title=""[悲伤]"" src=""https://face.t.sinajs.cn/t4/appstyle/expression/ext/normal/ee/2018new_beishang_org.png"" />",0,0
,4797545928983623,Mon Aug 01 06:45:46 +0800 2022,视觉小伙伴,https://weibo.com//u/2880312281,"要陪在值得的人身边 一年又一年 十年又十年<img alt=""[雪花]"" title=""[雪花]"" src=""https://face.t.sinajs.cn/t4/appstyle/expression/ext/normal/13/yunying2020_snowflakes_org.png"" />",0,0
,4797545853747312,Mon Aug 01 06:45:27 +0800 2022,百娱汇,https://weibo.com//u/3428100010,"愿新的一年，仍有阳光满路温暖如初<img alt=""[并不简单]"" title=""[并不简单]"" src=""https://face.t.sinajs.cn/t4/appstyle/expression/ext/normal/aa/2018new_bingbujiandan_org.png"" />",0,0
,4797545836185869,Mon Aug 01 06:45:24 +0800 2022,榜谈,https://weibo.com//u/3712929233,"举得起放得下的叫举重，举得起放不下的叫负重。可惜，大多数人的爱情，都是负重的。<img alt=""[阴险]"" title=""[阴险]"" src=""https://face.t.sinajs.cn/t4/appstyle/expression/ext/normal/9e/2018new_yinxian_org.png"" />",0,0
,4797545773531756,Mon Aug 01 06:45:08 +0800 2022,搜罗圈,https://weibo.com//u/5261788457,"东京下雨，淋湿了巴黎<img alt=""[怒]"" title=""[怒]"" src=""https://face.t.sinajs.cn/t4/appstyle/expression/ext/normal/f6/2018new_nu_org.png"" />",0,0
,4797545748365888,Mon Aug 01 06:45:03 +0800 2022,秘谈,https://weibo.com//u/5942328508,"我在纠结是睡到明年，还是等到明年再睡。<img alt=""[亲亲]"" title=""[亲亲]"" src=""https://face.t.sinajs.cn/t4/appstyle/expression/ext/normal/2c/2018new_qinqin_org.png"" />",0,0
,4797545736044569,Mon Aug 01 06:44:59 +0800 2022,疯转网,https://weibo.com//u/5243672728,妈妈带你来到这个大世界，你要带她去看这颗小星球。[许愿虎],0,0
,4797546008413319,Mon Aug 01 06:46:05 +0800 2022,德州同城会,https://weibo.com//u/2024260507,"每个人都有属于自己的一片森林，迷失的人迷失了，相逢的人会再相逢。<img alt=""[可爱]"" title=""[可爱]"" src=""https://face.t.sinajs.cn/t4/appstyle/expression/ext/normal/09/2018new_keai_org.png"" />",0,0
,4797545995306447,Mon Aug 01 06:46:02 +0800 2022,德州天源工作室,https://weibo.com//u/5272596102,"二十一世纪一十年代就要过去啦 以后的日子一定会万事遂顺哒<img alt=""[衰]"" title=""[衰]"" src=""https://face.t.sinajs.cn/t4/appstyle/expression/ext/normal/a2/2018new_shuai_org.png"" />",0,0
