﻿parent_comment_id,comment_id,comment_time,comment_user_name,comment_user_link,comment_content,comment_like_num,child_comment_num
,4797579331638345,Mon Aug 01 08:58:30 +0800 2022,高青检察,https://weibo.com//u/5374241010,"<img alt=""[话筒]"" title=""[话筒]"" src=""https://face.t.sinajs.cn/t4/appstyle/expression/ext/normal/48/2018new_huatong_org.png"" /><img alt=""[话筒]"" title=""[话筒]"" src=""https://face.t.sinajs.cn/t4/appstyle/expression/ext/normal/48/2018new_huatong_org.png"" /><img alt=""[话筒]"" title=""[话筒]"" src=""https://face.t.sinajs.cn/t4/appstyle/expression/ext/normal/48/2018new_huatong_org.png"" /><img alt=""[话筒]"" title=""[话筒]"" src=""https://face.t.sinajs.cn/t4/appstyle/expression/ext/normal/48/2018new_huatong_org.png"" /><img alt=""[话筒]"" title=""[话筒]"" src=""https://face.t.sinajs.cn/t4/appstyle/expression/ext/normal/48/2018new_huatong_org.png"" />",0,0
,4797722455179841,Mon Aug 01 18:27:12 +0800 2022,浅陌淡饬,https://weibo.com//u/6728987855,关注热点,0,0
,4797615327940387,Mon Aug 01 11:21:32 +0800 2022,平利检察,https://weibo.com//u/5192877731,<a href=/n/大悟县检察院>@大悟县检察院</a>,0,0
,4797615075756784,Mon Aug 01 11:20:32 +0800 2022,天津河西检察官,https://weibo.com//u/1972092827,"<img alt=""[话筒]"" title=""[话筒]"" src=""https://face.t.sinajs.cn/t4/appstyle/expression/ext/normal/48/2018new_huatong_org.png"" /><img alt=""[话筒]"" title=""[话筒]"" src=""https://face.t.sinajs.cn/t4/appstyle/expression/ext/normal/48/2018new_huatong_org.png"" /><img alt=""[话筒]"" title=""[话筒]"" src=""https://face.t.sinajs.cn/t4/appstyle/expression/ext/normal/48/2018new_huatong_org.png"" />",0,0
,4797608960721239,Mon Aug 01 10:56:13 +0800 2022,哈尔滨网警巡查执法,https://weibo.com//u/5611046370,"<img alt=""[话筒]"" title=""[话筒]"" src=""https://face.t.sinajs.cn/t4/appstyle/expression/ext/normal/48/2018new_huatong_org.png"" /><img alt=""[话筒]"" title=""[话筒]"" src=""https://face.t.sinajs.cn/t4/appstyle/expression/ext/normal/48/2018new_huatong_org.png"" />",0,0
,4797605740282005,Mon Aug 01 10:43:25 +0800 2022,宝鸡检察,https://weibo.com//u/5193731648,"【<a href=""//s.weibo.com/weibo?q=%23%E8%AD%A6%E6%96%B9%E8%AE%A4%E5%AE%9A%E7%BD%91%E7%BA%A2%E7%94%A8%E6%BF%92%E5%8D%B1%E5%A4%A7%E7%99%BD%E9%B2%A8%E5%81%9A%E7%BE%8E%E9%A3%9F%23"" target=""_blank"">#警方认定网红用濒危大白鲨做美食#</a>：相关案件正在办理中】",0,0
,4797605454808445,Mon Aug 01 10:42:17 +0800 2022,公安县人民检察院,https://weibo.com//u/3529598222,关注时事,0,0
,4797605417058571,Mon Aug 01 10:42:08 +0800 2022,江北检察,https://weibo.com//u/2972503342,"关注<img alt=""[话筒]"" title=""[话筒]"" src=""https://face.t.sinajs.cn/t4/appstyle/expression/ext/normal/48/2018new_huatong_org.png"" /><img alt=""[话筒]"" title=""[话筒]"" src=""https://face.t.sinajs.cn/t4/appstyle/expression/ext/normal/48/2018new_huatong_org.png"" />",0,0
,4797603215317530,Mon Aug 01 10:33:24 +0800 2022,重庆巴南法院,https://weibo.com//u/3929121882,"<img alt=""[话筒]"" title=""[话筒]"" src=""https://face.t.sinajs.cn/t4/appstyle/expression/ext/normal/48/2018new_huatong_org.png"" /><img alt=""[话筒]"" title=""[话筒]"" src=""https://face.t.sinajs.cn/t4/appstyle/expression/ext/normal/48/2018new_huatong_org.png"" />",0,0
,4797603205613336,Mon Aug 01 10:33:22 +0800 2022,重庆巴南法院,https://weibo.com//u/3929121882,"<img alt=""[话筒]"" title=""[话筒]"" src=""https://face.t.sinajs.cn/t4/appstyle/expression/ext/normal/48/2018new_huatong_org.png"" />",0,0
,4797601650050342,Mon Aug 01 10:27:10 +0800 2022,鹤城网警巡查执法,https://weibo.com//u/5657421525,"关注<img alt=""[话筒]"" title=""[话筒]"" src=""https://face.t.sinajs.cn/t4/appstyle/expression/ext/normal/48/2018new_huatong_org.png"" /><img alt=""[话筒]"" title=""[话筒]"" src=""https://face.t.sinajs.cn/t4/appstyle/expression/ext/normal/48/2018new_huatong_org.png"" />",0,0
,4797597056764026,Mon Aug 01 10:08:56 +0800 2022,米易公安,https://weibo.com//u/3160981342,"<img alt=""[话筒]"" title=""[话筒]"" src=""https://face.t.sinajs.cn/t4/appstyle/expression/ext/normal/48/2018new_huatong_org.png"" />",0,0
,4797596156037560,Mon Aug 01 10:05:21 +0800 2022,昌邑检察,https://weibo.com//u/2334343885,关注,0,0
,4797591910618679,Mon Aug 01 09:48:29 +0800 2022,单县人民检察院,https://weibo.com//u/5323597140,关注热点信息，传递法治资讯,1,0
,4797587771103071,Mon Aug 01 09:32:02 +0800 2022,汉阴检察,https://weibo.com//u/5249979200,"<img alt=""[话筒]"" title=""[话筒]"" src=""https://face.t.sinajs.cn/t4/appstyle/expression/ext/normal/48/2018new_huatong_org.png"" /><img alt=""[话筒]"" title=""[话筒]"" src=""https://face.t.sinajs.cn/t4/appstyle/expression/ext/normal/48/2018new_huatong_org.png"" />",0,0
,4797573346361509,Mon Aug 01 08:34:42 +0800 2022,菏泽市人民检察院,https://weibo.com//u/5455970373,"关注<img alt=""[话筒]"" title=""[话筒]"" src=""https://face.t.sinajs.cn/t4/appstyle/expression/ext/normal/48/2018new_huatong_org.png"" /><img alt=""[话筒]"" title=""[话筒]"" src=""https://face.t.sinajs.cn/t4/appstyle/expression/ext/normal/48/2018new_huatong_org.png"" />",0,0
