﻿parent_comment_id,comment_id,comment_time,comment_user_name,comment_user_link,comment_content,comment_like_num,child_comment_num
,4797425958519599,Sun Jul 31 22:49:02 +0800 2022,孔天爱,https://weibo.com//u/6911317708,麻烦十年以上 让她刑,3,0
,4797424352103873,Sun Jul 31 22:42:40 +0800 2022,忙忙碌碌忙忙,https://weibo.com//u/1917411857,该！,1,0
,4797610823254711,Mon Aug 01 11:03:37 +0800 2022,真的砖家,https://weibo.com//u/5639596372,网上鸡鸭，网上窑子,0,0
,4797553410837619,Mon Aug 01 07:15:30 +0800 2022,Page71,https://weibo.com//u/1733723984,"网络世界越来越没有下限了<img alt=""[黑线]"" title=""[黑线]"" src=""https://face.t.sinajs.cn/t4/appstyle/expression/ext/normal/a3/2018new_heixian_org.png"" />",0,0
,4797431093133498,Sun Jul 31 23:09:26 +0800 2022,M家大花园,https://weibo.com//u/1475635193,完蛋,0,0
,4797420934010008,Sun Jul 31 22:29:05 +0800 2022,myklvv,https://weibo.com//u/6885146311,疯了,0,0
