﻿parent_comment_id,comment_id,comment_time,comment_user_name,comment_user_link,comment_content,comment_like_num,child_comment_num
,4797601381353872,Mon Aug 01 10:26:07 +0800 2022,一泓溪语v,https://weibo.com//u/7288376871,"<a href=""//s.weibo.com/weibo?q=%23%E8%AD%A6%E6%96%B9%E8%AE%A4%E5%AE%9A%E7%BD%91%E7%BA%A2%E7%94%A8%E6%BF%92%E5%8D%B1%E5%A4%A7%E7%99%BD%E9%B2%A8%E5%81%9A%E7%BE%8E%E9%A3%9F%23"" target=""_blank"">#警方认定网红用濒危大白鲨做美食#</a>博眼球也就算了，违法可是要受到惩罚的",0,0
,4797560068508487,Mon Aug 01 07:41:57 +0800 2022,西夏女兵步步生莲,https://weibo.com//u/7583193503,"四川<a href=""//s.weibo.com/weibo?q=%23%E8%AD%A6%E6%96%B9%E8%AE%A4%E5%AE%9A%E7%BD%91%E7%BA%A2%E7%94%A8%E6%BF%92%E5%8D%B1%E5%A4%A7%E7%99%BD%E9%B2%A8%E5%81%9A%E7%BE%8E%E9%A3%9F%23"" target=""_blank"">#警方认定网红用濒危大白鲨做美食#</a><img alt=""[怒]"" title=""[怒]"" src=""https://face.t.sinajs.cn/t4/appstyle/expression/ext/normal/f6/2018new_nu_org.png"" /><img alt=""[怒]"" title=""[怒]"" src=""https://face.t.sinajs.cn/t4/appstyle/expression/ext/normal/f6/2018new_nu_org.png"" /><img alt=""[怒]"" title=""[怒]"" src=""https://face.t.sinajs.cn/t4/appstyle/expression/ext/normal/f6/2018new_nu_org.png"" />，保护物种多样性是每个公民的义务<img alt=""[握手]"" title=""[握手]"" src=""https://face.t.sinajs.cn/t4/appstyle/expression/ext/normal/e9/2018new_woshou_org.png"" />",0,0
,4797549099091740,Mon Aug 01 06:58:22 +0800 2022,雨中夏日童瑶,https://weibo.com//u/6306521160,这下“赔了夫人又折兵”,1,0
,4797547883005983,Mon Aug 01 06:53:32 +0800 2022,80年的酸奶,https://weibo.com//u/3771228575,"四川<a href=""//s.weibo.com/weibo?q=%23%E8%AD%A6%E6%96%B9%E8%AE%A4%E5%AE%9A%E7%BD%91%E7%BA%A2%E7%94%A8%E6%BF%92%E5%8D%B1%E5%A4%A7%E7%99%BD%E9%B2%A8%E5%81%9A%E7%BE%8E%E9%A3%9F%23"" target=""_blank"">#警方认定网红用濒危大白鲨做美食#</a>，有点名气不容易，有的人坑爹，有的人坑自己，有的人坑领导，甚至有的人会团灭身边所有人。",0,0
,4797541813584769,Mon Aug 01 06:29:25 +0800 2022,甬尚老兵,https://weibo.com//u/7323668713,"<a href=""//s.weibo.com/weibo?q=%23%E8%AD%A6%E6%96%B9%E8%AE%A4%E5%AE%9A%E7%BD%91%E7%BA%A2%E7%94%A8%E6%BF%92%E5%8D%B1%E5%A4%A7%E7%99%BD%E9%B2%A8%E5%81%9A%E7%BE%8E%E9%A3%9F%23"" target=""_blank"">#警方认定网红用濒危大白鲨做美食#</a> 无下限，又没文化，迟早把自己送进去！ 严厉打击！严厉打击！严厉打击！",3,0
,4797537569473445,Mon Aug 01 06:12:33 +0800 2022,顾家花姐,https://weibo.com//u/7505962762,"<img alt=""[允悲]"" title=""[允悲]"" src=""https://face.t.sinajs.cn/t4/appstyle/expression/ext/normal/83/2018new_kuxiao_org.png"" /><img alt=""[允悲]"" title=""[允悲]"" src=""https://face.t.sinajs.cn/t4/appstyle/expression/ext/normal/83/2018new_kuxiao_org.png"" /><img alt=""[允悲]"" title=""[允悲]"" src=""https://face.t.sinajs.cn/t4/appstyle/expression/ext/normal/83/2018new_kuxiao_org.png"" /><a href=""//s.weibo.com/weibo?q=%23%E8%AD%A6%E6%96%B9%E8%AE%A4%E5%AE%9A%E7%BD%91%E7%BA%A2%E7%94%A8%E6%BF%92%E5%8D%B1%E5%A4%A7%E7%99%BD%E9%B2%A8%E5%81%9A%E7%BE%8E%E9%A3%9F%23"" target=""_blank"">#警方认定网红用濒危大白鲨做美食#</a>",3,0
