﻿parent_comment_id,comment_id,comment_time,comment_user_name,comment_user_link,comment_content,comment_like_num,child_comment_num
,4797551360606789,Mon Aug 01 07:07:21 +0800 2022,sharon_sik,https://weibo.com//u/2040434685,现在直播还有底线吗？,3,0
,4797577934930797,Mon Aug 01 08:52:57 +0800 2022,L灵木酱,https://weibo.com//u/6097176756,真的好离谱,0,0
,4797566937469688,Mon Aug 01 08:09:15 +0800 2022,西瓜首选麒麟瓜,https://weibo.com//u/1718498807,真刑啊……,0,0
,4797550266417970,Mon Aug 01 07:03:00 +0800 2022,请嫑要叫我胖哥,https://weibo.com//u/2072096425,"<img alt=""[允悲]"" title=""[允悲]"" src=""https://face.t.sinajs.cn/t4/appstyle/expression/ext/normal/83/2018new_kuxiao_org.png"" />人工养殖沙鱼……这脑洞",4,0
