﻿parent_comment_id,comment_id,comment_time,comment_user_name,comment_user_link,comment_content,comment_like_num,child_comment_num
,4797950032875874,Tue Aug 02 09:31:32 +0800 2022,京山检察院,https://weibo.com//u/2868217834,"<img alt=""[话筒]"" title=""[话筒]"" src=""https://face.t.sinajs.cn/t4/appstyle/expression/ext/normal/48/2018new_huatong_org.png"" />",0,0
,4797609455652204,Mon Aug 01 10:58:12 +0800 2022,重庆南岸法院,https://weibo.com//u/2510322510,"<img alt=""[话筒]"" title=""[话筒]"" src=""https://face.t.sinajs.cn/t4/appstyle/expression/ext/normal/48/2018new_huatong_org.png"" /><img alt=""[话筒]"" title=""[话筒]"" src=""https://face.t.sinajs.cn/t4/appstyle/expression/ext/normal/48/2018new_huatong_org.png"" />",0,0
,4797609081832401,Mon Aug 01 10:56:42 +0800 2022,临安检察,https://weibo.com//u/5040677736,"<a href=""//s.weibo.com/weibo?q=%23%E8%AD%A6%E6%96%B9%E8%AE%A4%E5%AE%9A%E7%BD%91%E7%BA%A2%E7%94%A8%E6%BF%92%E5%8D%B1%E5%A4%A7%E7%99%BD%E9%B2%A8%E5%81%9A%E7%BE%8E%E9%A3%9F%23"" target=""_blank"">#警方认定网红用濒危大白鲨做美食#</a>【警方回应：<a href=""//s.weibo.com/weibo?q=%23%E7%BD%91%E7%BA%A2%E9%A3%9F%E7%94%A8%E7%9A%84%E9%B2%A8%E9%B1%BC%E9%89%B4%E5%AE%9A%E7%A1%AE%E4%B8%BA%E5%A4%A7%E7%99%BD%E9%B2%A8%23"" target=""_blank"">#网红食用的鲨鱼鉴定确为大白鲨#</a>】",0,0
,4797669770004912,Mon Aug 01 14:57:52 +0800 2022,南充文旅,https://weibo.com//u/6196434586,"<img alt=""[话筒]"" title=""[话筒]"" src=""https://face.t.sinajs.cn/t4/appstyle/expression/ext/normal/48/2018new_huatong_org.png"" /><img alt=""[话筒]"" title=""[话筒]"" src=""https://face.t.sinajs.cn/t4/appstyle/expression/ext/normal/48/2018new_huatong_org.png"" />",0,0
,4797622218391830,Mon Aug 01 11:48:54 +0800 2022,宁津公安,https://weibo.com//u/2316874621,"<img alt=""[话筒]"" title=""[话筒]"" src=""https://face.t.sinajs.cn/t4/appstyle/expression/ext/normal/48/2018new_huatong_org.png"" /><img alt=""[话筒]"" title=""[话筒]"" src=""https://face.t.sinajs.cn/t4/appstyle/expression/ext/normal/48/2018new_huatong_org.png"" />",0,0
,4797622151288309,Mon Aug 01 11:48:39 +0800 2022,红花岗检察在线,https://weibo.com//u/5873130998,"<img alt=""[话筒]"" title=""[话筒]"" src=""https://face.t.sinajs.cn/t4/appstyle/expression/ext/normal/48/2018new_huatong_org.png"" /><img alt=""[话筒]"" title=""[话筒]"" src=""https://face.t.sinajs.cn/t4/appstyle/expression/ext/normal/48/2018new_huatong_org.png"" />",0,0
,4797617626419620,Mon Aug 01 11:30:40 +0800 2022,金华交警,https://weibo.com//u/1939682450,警方回应,0,0
,4797616515452775,Mon Aug 01 11:26:15 +0800 2022,重庆两江自贸法院,https://weibo.com//u/7181215996,"<img alt=""[话筒]"" title=""[话筒]"" src=""https://face.t.sinajs.cn/t4/appstyle/expression/ext/normal/48/2018new_huatong_org.png"" />",0,0
,4797616413739249,Mon Aug 01 11:25:51 +0800 2022,成都生态环境,https://weibo.com//u/3225377512,"<img alt=""[话筒]"" title=""[话筒]"" src=""https://face.t.sinajs.cn/t4/appstyle/expression/ext/normal/48/2018new_huatong_org.png"" /><img alt=""[话筒]"" title=""[话筒]"" src=""https://face.t.sinajs.cn/t4/appstyle/expression/ext/normal/48/2018new_huatong_org.png"" />",0,0
,4797615067632545,Mon Aug 01 11:20:30 +0800 2022,平安温州,https://weibo.com//u/1663933725,"<img alt=""[话筒]"" title=""[话筒]"" src=""https://face.t.sinajs.cn/t4/appstyle/expression/ext/normal/48/2018new_huatong_org.png"" /><img alt=""[话筒]"" title=""[话筒]"" src=""https://face.t.sinajs.cn/t4/appstyle/expression/ext/normal/48/2018new_huatong_org.png"" />",0,0
,4797614974830629,Mon Aug 01 11:20:08 +0800 2022,品质崇州,https://weibo.com//u/2000090825,关注,0,0
,4797614774816340,Mon Aug 01 11:19:20 +0800 2022,云南平安高速,https://weibo.com//u/5012384433,"<img alt=""[话筒]"" title=""[话筒]"" src=""https://face.t.sinajs.cn/t4/appstyle/expression/ext/normal/48/2018new_huatong_org.png"" /><img alt=""[话筒]"" title=""[话筒]"" src=""https://face.t.sinajs.cn/t4/appstyle/expression/ext/normal/48/2018new_huatong_org.png"" />",0,0
,4797610412475260,Mon Aug 01 11:01:59 +0800 2022,平安达州,https://weibo.com//u/3443851640,"<img alt=""[话筒]"" title=""[话筒]"" src=""https://face.t.sinajs.cn/t4/appstyle/expression/ext/normal/48/2018new_huatong_org.png"" /><img alt=""[话筒]"" title=""[话筒]"" src=""https://face.t.sinajs.cn/t4/appstyle/expression/ext/normal/48/2018new_huatong_org.png"" />",0,0
,4797609254063302,Mon Aug 01 10:57:24 +0800 2022,吉林政法声音,https://weibo.com//u/5908184802,"关注<img alt=""[话筒]"" title=""[话筒]"" src=""https://face.t.sinajs.cn/t4/appstyle/expression/ext/normal/48/2018new_huatong_org.png"" />",0,0
