﻿parent_comment_id,comment_id,comment_time,comment_user_name,comment_user_link,comment_content,comment_like_num,child_comment_num
,4797950758489000,Tue Aug 02 09:34:25 +0800 2022,心飞阳123,https://weibo.com//u/5326210378,值得关住,0,0
,4798429210876780,Wed Aug 03 17:15:37 +0800 2022,初春明媚,https://weibo.com//u/1000236922,转发微博,0,0
,4797732126199725,Mon Aug 01 19:05:39 +0800 2022,紫轩a亦蝶,https://weibo.com//u/5853227176,保护濒危动物,0,0
,4797585824683541,Mon Aug 01 09:24:18 +0800 2022,夜空的一边,https://weibo.com//u/2719420463,外国猪随便杀了吃，忽悠中国人不能杀，他们杀的起劲,0,0
,4797668498346191,Mon Aug 01 14:52:49 +0800 2022,飞轮海跨大洋,https://weibo.com//u/2184829971,"无知者无畏<img alt=""[污]"" title=""[污]"" src=""https://face.t.sinajs.cn/t4/appstyle/expression/ext/normal/10/2018new_wu_org.png"" />",0,0
