﻿parent_comment_id,comment_id,comment_time,comment_user_name,comment_user_link,comment_content,comment_like_num,child_comment_num
,4797426345182415,Sun Jul 31 22:50:34 +0800 2022,萧尼奥,https://weibo.com//u/2046871450,人工养殖的可以吃,4,59
4797426345182415.0,4797426588456941,Sun Jul 31 22:51:33 +0800 2022,梦醒时遇你m,https://weibo.com//u/6662801391,大白鲨没有人工养殖的,259,0
4797426345182415.0,4797430056621291,Sun Jul 31 23:05:20 +0800 2022,是五十弦呐,https://weibo.com//u/1626395764,叫你多读书，偏偏去放牛,184,0
4797426345182415.0,4797427120344788,Sun Jul 31 22:53:40 +0800 2022,金融小学生V7,https://weibo.com//u/3803061749,全世界都没有人工养殖,132,0
4797426345182415.0,4797426798171360,Sun Jul 31 22:52:23 +0800 2022,龘靐齉齾爩龗灪龖厵爨癵籱,https://weibo.com//u/5714364143,大白鲨就不能人工养殖,122,0
4797426345182415.0,4797429729990627,Sun Jul 31 23:04:02 +0800 2022,_不似某,https://weibo.com//u/5312787972,"基地的大熊猫也是人工养殖<img alt=""[doge]"" title=""[doge]"" src=""https://face.t.sinajs.cn/t4/appstyle/expression/ext/normal/a1/2018new_doge02_org.png"" />",103,0
4797426345182415.0,4797431457523079,Sun Jul 31 23:10:54 +0800 2022,夏天为什么每年都来,https://weibo.com//u/3314809735,你猜猜为什么叫国家二级保护动物,73,0
4797426345182415.0,4797427914114873,Sun Jul 31 22:56:49 +0800 2022,粢饭团51543,https://weibo.com//u/7710392283,大白鲨有人工养殖的？这不是水族馆里看到的东西吗？难道是水族馆里的鲨鱼可以卖？,33,0
4797426345182415.0,4797429263900058,Sun Jul 31 23:02:11 +0800 2022,YEEZYBAY女青年,https://weibo.com//u/7095297534,"人工养殖的大熊猫可不可以搞一只来吃<img alt=""[doge]"" title=""[doge]"" src=""https://face.t.sinajs.cn/t4/appstyle/expression/ext/normal/a1/2018new_doge02_org.png"" />",26,0
4797426345182415.0,4797435773714525,Sun Jul 31 23:28:02 +0800 2022,路过luguo0o,https://weibo.com//u/2954716743,"不是所有人工养殖的东西都是可以吃的 懂吗 大熊猫也是人工养殖 你能吃吗<img alt=""[doge]"" title=""[doge]"" src=""https://face.t.sinajs.cn/t4/appstyle/expression/ext/normal/a1/2018new_doge02_org.png"" />",21,0
4797426345182415.0,4797433219911181,Sun Jul 31 23:17:54 +0800 2022,布里叉,https://weibo.com//u/2528525884,"你也是人工养殖的<img alt=""[憧憬]"" title=""[憧憬]"" src=""https://face.t.sinajs.cn/t4/appstyle/expression/ext/normal/c9/2018new_chongjing_org.png"" />",17,0
4797426345182415.0,4797431873541990,Sun Jul 31 23:12:33 +0800 2022,北極裡的熊,https://weibo.com//u/5104019741,大白鲨哪来的人工养殖？？？,11,0
4797426345182415.0,4797427977294993,Sun Jul 31 22:57:04 +0800 2022,明仔丶星空,https://weibo.com//u/3313016854,"你真是牛逼<img alt=""[允悲]"" title=""[允悲]"" src=""https://face.t.sinajs.cn/t4/appstyle/expression/ext/normal/83/2018new_kuxiao_org.png"" />",7,0
4797426345182415.0,4797511787086477,Mon Aug 01 04:30:06 +0800 2022,被圈住的Ceng橙子,https://weibo.com//u/2452953683,"这个热搜每条都说了不可能人工养殖的，你到底看了个啥<img alt=""[哆啦A梦害怕]"" title=""[哆啦A梦害怕]"" src=""https://face.t.sinajs.cn/t4/appstyle/expression/ext/normal/c7/dorahaipa_org.gif"" />",5,0
4797426345182415.0,4797429389986558,Sun Jul 31 23:02:40 +0800 2022,天才婷哒,https://weibo.com//u/3987897444,"世界奇迹<img alt=""[ok]"" title=""[ok]"" src=""https://face.t.sinajs.cn/t4/appstyle/expression/ext/normal/45/2018new_ok_org.png"" />",3,0
4797426345182415.0,4798305223841710,Wed Aug 03 09:02:56 +0800 2022,圣诞限定炸鸡肥仔水,https://weibo.com//u/5565542526,emmmm  有没有可能楼主说的是人工养殖的娃娃鱼 鳄鱼 鸵鸟,0,0
4797426345182415.0,4797564190197078,Mon Aug 01 07:58:20 +0800 2022,小罐奶啤呀,https://weibo.com//u/7494295171,鲨鱼能人工养殖嘛…..,0,0
4797426345182415.0,4797557325430883,Mon Aug 01 07:31:02 +0800 2022,苏苏TSGY,https://weibo.com//u/3909149649,尼玛叫你读书，你非要放牛,0,0
4797426345182415.0,4797547124359614,Mon Aug 01 06:50:31 +0800 2022,飞天遁地大冬瓜,https://weibo.com//u/5998769482,叫你多读书，偏偏去放牛,1,0
4797426345182415.0,4797541231886830,Mon Aug 01 06:27:06 +0800 2022,楠向南方0307,https://weibo.com//u/7328943965,人工养殖？你确定？,1,0
4797426345182415.0,4797498180501912,Mon Aug 01 03:36:02 +0800 2022,羽少神魔恋,https://weibo.com//u/5231378504,你估计是野生的,1,0
4797426345182415.0,4797490185896746,Mon Aug 01 03:04:16 +0800 2022,是鱼干不是鱼杆qwq,https://weibo.com//u/6777452141,"能人工养殖 还能养活这么大 那不得属于专家级别的人物了 可以吃国家饭了 （不过这次也要吃国家饭了<img alt=""[doge]"" title=""[doge]"" src=""https://face.t.sinajs.cn/t4/appstyle/expression/ext/normal/a1/2018new_doge02_org.png"" />）",1,0
4797426345182415.0,4797476869243072,Mon Aug 01 02:11:20 +0800 2022,于好靓,https://weibo.com//u/1813650542,"<img alt=""[doge]"" title=""[doge]"" src=""https://face.t.sinajs.cn/t4/appstyle/expression/ext/normal/a1/2018new_doge02_org.png"" />你猜人工养殖的大熊猫可以吃么",1,0
4797426345182415.0,4797458242080049,Mon Aug 01 00:57:20 +0800 2022,全糖加冰is,https://weibo.com//u/5661458291,"水族馆如果能看到大白鲨就厉害了<img alt=""[doge]"" title=""[doge]"" src=""https://face.t.sinajs.cn/t4/appstyle/expression/ext/normal/a1/2018new_doge02_org.png"" />水族馆的鲨鱼都是比较温和的",0,0
4797426345182415.0,4797428538282815,Sun Jul 31 22:59:18 +0800 2022,夜尽VS昼临,https://weibo.com//u/1975072452,"有人工养殖的大白鲨？<img alt=""[doge]"" title=""[doge]"" src=""https://face.t.sinajs.cn/t4/appstyle/expression/ext/normal/a1/2018new_doge02_org.png"" />",4,0
4797426345182415.0,4797455730212971,Mon Aug 01 00:47:20 +0800 2022,温柔的风穿堂过_kaoru,https://weibo.com//u/3928062272,"求求你读点书吧<img alt=""[允悲]"" title=""[允悲]"" src=""https://face.t.sinajs.cn/t4/appstyle/expression/ext/normal/83/2018new_kuxiao_org.png"" />",3,0
4797426345182415.0,4797460737952700,Mon Aug 01 01:07:15 +0800 2022,Kirkreich,https://weibo.com//u/7463106284,你像一个骄傲的文盲,5,0
4797426345182415.0,4797431374416571,Sun Jul 31 23:10:33 +0800 2022,枫酒酱,https://weibo.com//u/6880299935,...你这可以去跟她做伴了！,9,0
4797426345182415.0,4797430061602089,Sun Jul 31 23:05:21 +0800 2022,Riiiliii,https://weibo.com//u/6070381750,动物园里的都是人工养殖，你去吃吧,7,0
4797426345182415.0,4797480355234696,Mon Aug 01 02:25:12 +0800 2022,嘎嘎的哈子,https://weibo.com//u/7365297365,"这深海里的东西怎么人工养<img alt=""[允悲]"" title=""[允悲]"" src=""https://face.t.sinajs.cn/t4/appstyle/expression/ext/normal/83/2018new_kuxiao_org.png"" />",0,0
4797426345182415.0,4797574333073143,Mon Aug 01 08:38:37 +0800 2022,张三来此,https://weibo.com//u/7521507099,养不起,0,0
4797426345182415.0,4797547450991334,Mon Aug 01 06:51:49 +0800 2022,土豆上了树,https://weibo.com//u/2819072351,"熊猫：<img alt=""[费解]"" title=""[费解]"" src=""https://face.t.sinajs.cn/t4/appstyle/expression/ext/normal/2a/2018new_wenhao_org.png"" />",1,0
4797426345182415.0,4797506875031885,Mon Aug 01 04:10:35 +0800 2022,再胖也是小公举,https://weibo.com//u/6789745197,"回复<a href=/n/粢饭团51543>@粢饭团51543</a>:你在哪个水族馆见过大白鲨<img alt=""[笑cry]"" title=""[笑cry]"" src=""https://face.t.sinajs.cn/t4/appstyle/expression/ext/normal/4a/2018new_xiaoku_thumb.png"" /><img alt=""[笑cry]"" title=""[笑cry]"" src=""https://face.t.sinajs.cn/t4/appstyle/expression/ext/normal/4a/2018new_xiaoku_thumb.png"" />",1,0
4797426345182415.0,4797486462141134,Mon Aug 01 02:49:28 +0800 2022,是倾尘ya,https://weibo.com//u/6253912946,噬人鲨不能人工养殖,0,0
4797426345182415.0,4797463614980916,Mon Aug 01 01:18:41 +0800 2022,天上人是你,https://weibo.com//u/7210418821,"回复<a href=/n/YEEZYBAY女青年>@YEEZYBAY女青年</a>:我看刑<img alt=""[doge]"" title=""[doge]"" src=""https://face.t.sinajs.cn/t4/appstyle/expression/ext/normal/a1/2018new_doge02_org.png"" />",0,0
4797426345182415.0,4797458611438006,Mon Aug 01 00:58:47 +0800 2022,全糖加冰is,https://weibo.com//u/5661458291,回复<a href=/n/粢饭团51543>@粢饭团51543</a>:水族馆也没有大白鲨的哦   人工养殖记录就没有超过两百天的,1,0
4797426345182415.0,4797458443404641,Mon Aug 01 00:58:08 +0800 2022,周转房507,https://weibo.com//u/7489729227,"回复<a href=/n/是五十弦呐>@是五十弦呐</a>:是养猪啦<img alt=""[允悲]"" title=""[允悲]"" src=""https://face.t.sinajs.cn/t4/appstyle/expression/ext/normal/83/2018new_kuxiao_org.png"" /><img alt=""[允悲]"" title=""[允悲]"" src=""https://face.t.sinajs.cn/t4/appstyle/expression/ext/normal/83/2018new_kuxiao_org.png"" /><img alt=""[允悲]"" title=""[允悲]"" src=""https://face.t.sinajs.cn/t4/appstyle/expression/ext/normal/83/2018new_kuxiao_org.png"" />",0,0
4797426345182415.0,4797455281161619,Mon Aug 01 00:45:34 +0800 2022,干了这瓶伏特加333,https://weibo.com//u/6424042170,"<img alt=""[二哈]"" title=""[二哈]"" src=""https://face.t.sinajs.cn/t4/appstyle/expression/ext/normal/22/2018new_erha_org.png"" /><img alt=""[二哈]"" title=""[二哈]"" src=""https://face.t.sinajs.cn/t4/appstyle/expression/ext/normal/22/2018new_erha_org.png"" />她说是人工养殖的你就信啊？ 大白鲨全世界也没人养殖来吃啊<img alt=""[二哈]"" title=""[二哈]"" src=""https://face.t.sinajs.cn/t4/appstyle/expression/ext/normal/22/2018new_erha_org.png"" /><img alt=""[二哈]"" title=""[二哈]"" src=""https://face.t.sinajs.cn/t4/appstyle/expression/ext/normal/22/2018new_erha_org.png"" /><img alt=""[二哈]"" title=""[二哈]"" src=""https://face.t.sinajs.cn/t4/appstyle/expression/ext/normal/22/2018new_erha_org.png"" />",0,0
4797426345182415.0,4797444146337412,Mon Aug 01 00:01:19 +0800 2022,粢饭团51543,https://weibo.com//u/7710392283,"回复<a href=/n/糖堆儿你不要也得要>@糖堆儿你不要也得要</a>:这种鲨鱼也不能吃啊<img alt=""[允悲]"" title=""[允悲]"" src=""https://face.t.sinajs.cn/t4/appstyle/expression/ext/normal/83/2018new_kuxiao_org.png"" /><img alt=""[允悲]"" title=""[允悲]"" src=""https://face.t.sinajs.cn/t4/appstyle/expression/ext/normal/83/2018new_kuxiao_org.png"" /><img alt=""[允悲]"" title=""[允悲]"" src=""https://face.t.sinajs.cn/t4/appstyle/expression/ext/normal/83/2018new_kuxiao_org.png"" />",0,0
4797426345182415.0,4797433534745852,Sun Jul 31 23:19:09 +0800 2022,Emm-是我,https://weibo.com//u/6364003661,回复<a href=/n/YEEZYBAY女青年>@YEEZYBAY女青年</a>:太刑了嗷,0,0
4797426345182415.0,4797432875191876,Sun Jul 31 23:16:32 +0800 2022,Indiansumm,https://weibo.com//u/5601631978,要你读书 你喂猪,3,0
4797426345182415.0,4797430493612870,Sun Jul 31 23:07:03 +0800 2022,糖堆儿你不要也得要,https://weibo.com//u/5529330051,回复<a href=/n/时光j忆>@时光j忆</a>:一般护士鲨那些种类的居多,1,0
4797426345182415.0,4797429507688368,Sun Jul 31 23:03:09 +0800 2022,荆小烈,https://weibo.com//u/1908204967,别出来秀智商贻笑大方了，二级保护还搁这养殖呢？,1,0
4797426345182415.0,4797428941718432,Sun Jul 31 23:00:53 +0800 2022,Mdqqqq,https://weibo.com//u/5282158218,"包海养<img alt=""[doge]"" title=""[doge]"" src=""https://face.t.sinajs.cn/t4/appstyle/expression/ext/normal/a1/2018new_doge02_org.png"" />",0,0
4797426345182415.0,4797428592804139,Sun Jul 31 22:59:30 +0800 2022,士多贝贝,https://weibo.com//u/7741414636,你把新闻看完了吗,0,0
4797426345182415.0,4797428194085572,Sun Jul 31 22:57:56 +0800 2022,Kirito雄,https://weibo.com//u/1853688535,你智商让我笑死了，大白鲨有人工养殖吗？,6,0
4797426345182415.0,4797428010322262,Sun Jul 31 22:57:12 +0800 2022,时光j忆,https://weibo.com//u/1750768933,回复<a href=/n/豆沙猪崽>@豆沙猪崽</a>:水族馆是什么鲨鱼？,0,0
4797426345182415.0,4797427792743201,Sun Jul 31 22:56:20 +0800 2022,豆沙猪崽,https://weibo.com//u/1762580070,水族馆都没有大白鲨,6,0
4797426345182415.0,4797427539777069,Sun Jul 31 22:55:20 +0800 2022,XHK06CL,https://weibo.com//u/1698823422,"你养个大鲨鱼我看看<img alt=""[喵喵]"" title=""[喵喵]"" src=""https://face.t.sinajs.cn/t4/appstyle/expression/ext/normal/7b/2018new_miaomiao_org.png"" />",9,0
4797426345182415.0,4797427406346609,Sun Jul 31 22:54:48 +0800 2022,怯晨钟2020,https://weibo.com//u/7448127055,噬人鲨怎么人工养殖？？？有这养殖技术了？,17,0
4797426345182415.0,4797427309087098,Sun Jul 31 22:54:25 +0800 2022,万安万安A,https://weibo.com//u/2132776410,"能养殖还能说濒危吗<img alt=""[允悲]"" title=""[允悲]"" src=""https://face.t.sinajs.cn/t4/appstyle/expression/ext/normal/83/2018new_kuxiao_org.png"" />",20,0
4797426345182415.0,4797426987173170,Sun Jul 31 22:53:07 +0800 2022,西巷的猫咪,https://weibo.com//u/5293233991,这还能人工养殖？,5,0
,4797431739056513,Sun Jul 31 23:12:00 +0800 2022,神鸟十号,https://weibo.com//u/2611947492,有一说一，要判刑的是捕猎大白鲨的吧，她买到的时候不是就已经死了？,10,31
4797431739056513.0,4797431907355801,Sun Jul 31 23:12:41 +0800 2022,一只橘橘子呀,https://weibo.com//u/3860690509,她是非法购买，也是犯罪的,108,0
4797431739056513.0,4797432070933185,Sun Jul 31 23:13:19 +0800 2022,一锅锅锅花椰菜,https://weibo.com//u/5334905449,没有买卖就没有伤害，虽然这句话比较片面，但是正常人谁想着去吃保护动物,81,0
4797431739056513.0,4797433264997634,Sun Jul 31 23:18:05 +0800 2022,BlingDwenDwen,https://weibo.com//u/7743231868,自己去看刑法341条相关条款，买卖同罪，食用也会入刑。,82,0
4797431739056513.0,4797433043748336,Sun Jul 31 23:17:12 +0800 2022,流浪的脉冲星,https://weibo.com//u/2246206450,“及其制品”，死了也算,22,0
4797431739056513.0,4797434558155919,Sun Jul 31 23:23:13 +0800 2022,星辰灬翼,https://weibo.com//u/5704625247,捕捞起来！不管死活死了都要丢回大海！还买卖？还吃？还拍视频？,20,0
4797431739056513.0,4797498781336317,Mon Aug 01 03:38:25 +0800 2022,Ozymandius,https://weibo.com//u/2553975945,买卖同罪,2,0
4797431739056513.0,4797553781244502,Mon Aug 01 07:16:58 +0800 2022,清蒸狼外婆,https://weibo.com//u/5280203913,死了也不能吃，吃了就犯法,1,0
4797431739056513.0,4797466309035655,Mon Aug 01 01:29:23 +0800 2022,不列特嘶嘶嘶,https://weibo.com//u/5998086906,她是非法购买，明面上是她，但包括她背后估计还有一串的人要判，比如供货的，背后如果有公司策划，策划的估计也跑不掉……,7,0
4797431739056513.0,4797541629559587,Mon Aug 01 06:28:41 +0800 2022,楠向南方0307,https://weibo.com//u/7328943965,别有一说一了，就是犯罪,4,0
4797431739056513.0,4797475523658752,Mon Aug 01 02:06:00 +0800 2022,钦久酔行州,https://weibo.com//u/7350433184,她买的时候已经是知法犯法了，不知法也完蛋,3,0
4797431739056513.0,4798055318031290,Tue Aug 02 16:29:54 +0800 2022,连眼睛也在笑,https://weibo.com//u/1871606854,还记得姚明的公益广告么？有买卖才有杀戮！,0,0
4797431739056513.0,4797569073418605,Mon Aug 01 08:17:44 +0800 2022,是爱爬墙的芃芃鸭,https://weibo.com//u/6856870799,同罪，都得判,0,0
4797431739056513.0,4797548323668850,Mon Aug 01 06:55:17 +0800 2022,土豆上了树,https://weibo.com//u/2819072351,"非法猎捕出售运输收购，这一整条链都是犯罪<img alt=""[二哈]"" title=""[二哈]"" src=""https://face.t.sinajs.cn/t4/appstyle/expression/ext/normal/22/2018new_erha_org.png"" />",0,0
4797431739056513.0,4797585125016753,Mon Aug 01 09:21:30 +0800 2022,不列特嘶嘶嘶,https://weibo.com//u/5998086906,回复<a href=/n/鹿西德>@鹿西德</a>:好家伙，那她可就太刑了，但基本不可能包庇，除非背后的人是她亲生孩子。,2,0
4797431739056513.0,4797569710428258,Mon Aug 01 08:20:16 +0800 2022,六斤六两四,https://weibo.com//u/2161797413,"回复<a href=/n/鹿西德>@鹿西德</a>:她愿意守口如瓶抗下一切那就太刑了<img alt=""[doge]"" title=""[doge]"" src=""https://face.t.sinajs.cn/t4/appstyle/expression/ext/normal/a1/2018new_doge02_org.png"" />",1,0
4797431739056513.0,4797553101766757,Mon Aug 01 07:14:15 +0800 2022,鹿黎鹿黎,https://weibo.com//u/7083984405,回复<a href=/n/BlingDwenDwen>@BlingDwenDwen</a>:吃只是可能，法律没有说吃吧,0,0
4797431739056513.0,4797547291608846,Mon Aug 01 06:51:11 +0800 2022,只为孙一宁而来,https://weibo.com//u/7504602422,"我感觉可能她根本不认识那是什么品种的鲨鱼，或者她要买的确实是人工养殖的尖齿鲨，但是卖方给她发了非法捕捞的大白鲨。不知道有没有这种可能<img alt=""[允悲]"" title=""[允悲]"" src=""https://face.t.sinajs.cn/t4/appstyle/expression/ext/normal/83/2018new_kuxiao_org.png"" />",1,0
4797431739056513.0,4797541633228882,Mon Aug 01 06:28:41 +0800 2022,Sundy120,https://weibo.com//u/6256281769,回复<a href=/n/鹿西德>@鹿西德</a>:别人都是偷偷吃，她这是吃完还发网上,0,0
4797431739056513.0,4797541231624214,Mon Aug 01 06:27:05 +0800 2022,墨镜熹微,https://weibo.com//u/6251700463,回复<a href=/n/鹿西德>@鹿西德</a>:你说说还有谁吃过，我好举报,2,0
4797431739056513.0,4797541201478382,Mon Aug 01 06:26:59 +0800 2022,Sundy120,https://weibo.com//u/6256281769,"回复<a href=/n/鹿西德>@鹿西德</a>:热搜了<img alt=""[doge]"" title=""[doge]"" src=""https://face.t.sinajs.cn/t4/appstyle/expression/ext/normal/a1/2018new_doge02_org.png"" />",0,0
4797431739056513.0,4797507023143290,Mon Aug 01 04:11:10 +0800 2022,鹿西德,https://weibo.com//u/6305442957,回复<a href=/n/不列特嘶嘶嘶>@不列特嘶嘶嘶</a>:那她如果守口如瓶，什么都不说，不配合，怎么查她背后的人,0,0
4797431739056513.0,4797506615246860,Mon Aug 01 04:09:32 +0800 2022,鹿西德,https://weibo.com//u/6305442957,回复<a href=/n/BlingDwenDwen>@BlingDwenDwen</a>:那为啥现实中吃保护动物的人多数没有被抓？,0,0
4797431739056513.0,4797489322918761,Mon Aug 01 03:00:50 +0800 2022,jowqwwt,https://weibo.com//u/5266583816,没有人买谁去抓，她是你主子吗？,0,0
4797431739056513.0,4797457747411904,Mon Aug 01 00:55:21 +0800 2022,17me,https://weibo.com//u/1580713732,回复<a href=/n/懂王高飞>@懂王高飞</a>:首先 在中国境内就要遵守中国的法律 其次 大白鲨是全球的保护动物 哪个国家都是犯罪,8,0
4797431739056513.0,4797443033796981,Sun Jul 31 23:56:54 +0800 2022,懂王高飞,https://weibo.com//u/6467391174,回复<a href=/n/BlingDwenDwen>@BlingDwenDwen</a>:那买的是国外的呢，一种动物在国内是保护动物但在国外不是的话也犯法吗,1,0
4797431739056513.0,4797436646395112,Sun Jul 31 23:31:31 +0800 2022,心海我溺亡,https://weibo.com//u/6404822999,"买卖同罪<img alt=""[doge]"" title=""[doge]"" src=""https://face.t.sinajs.cn/t4/appstyle/expression/ext/normal/a1/2018new_doge02_org.png"" />海里打捞出来了死的也要放入海里，不能打捞上岸",8,0
4797431739056513.0,4797435182321247,Sun Jul 31 23:25:42 +0800 2022,风有韵·月无痕,https://weibo.com//u/6508142125,死了就能买吗,2,0
4797431739056513.0,4797432681995107,Sun Jul 31 23:15:46 +0800 2022,师傅木有小呃呃,https://weibo.com//u/2829600304,刚看到有条微博说是买卖同罪的,6,0
,4797430586153716,Sun Jul 31 23:07:26 +0800 2022,小7or小8的微博,https://weibo.com//u/1740283895,如果买的时候是死的呢？,6,20
4797430586153716.0,4797432121266644,Sun Jul 31 23:13:32 +0800 2022,瓜报,https://weibo.com//u/6611347858,你买就违法了，其次，你怎么证明它是自然死亡的,57,0
4797430586153716.0,4797433374840787,Sun Jul 31 23:18:31 +0800 2022,BlingDwenDwen,https://weibo.com//u/7743231868,买卖同罪，去看刑法341条。,31,0
4797430586153716.0,4797435396491392,Sun Jul 31 23:26:33 +0800 2022,星辰灬翼,https://weibo.com//u/5704625247,不管死活都要放入大海！留存！买卖都犯罪！更不说宰了吃了！,13,0
4797430586153716.0,4797434603766478,Sun Jul 31 23:23:23 +0800 2022,_是小太阳呀,https://weibo.com//u/1914664354,不管死活只要上了岸任何一步都违法,12,0
4797430586153716.0,4797525761982633,Mon Aug 01 05:25:38 +0800 2022,天亮以后一一卜醒,https://weibo.com//u/2951709647,"<img alt=""[允悲]"" title=""[允悲]"" src=""https://face.t.sinajs.cn/t4/appstyle/expression/ext/normal/83/2018new_kuxiao_org.png"" />她还传播食用2级保护动物",1,0
4797430586153716.0,4798055519619613,Tue Aug 02 16:30:42 +0800 2022,连眼睛也在笑,https://weibo.com//u/1871606854,小偷偷的东西，你买也是犯法的！,0,0
4797430586153716.0,4797561871009802,Mon Aug 01 07:49:07 +0800 2022,郭小Bling,https://weibo.com//u/2933723525,它不光吃了，还到处显摆它吃了，这就已经不光是吃的事儿咯,0,0
4797430586153716.0,4797549766772199,Mon Aug 01 07:01:01 +0800 2022,醉心的苦笑,https://weibo.com//u/5821777085,死活都犯法,0,0
4797430586153716.0,4797475720004314,Mon Aug 01 02:06:47 +0800 2022,钦久酔行州,https://weibo.com//u/7350433184,她买就是违法,0,0
4797430586153716.0,4797437144997866,Sun Jul 31 23:33:30 +0800 2022,啦啦啦啦啦欧拉啦,https://weibo.com//u/6582808936,"不认识的野物不要吃<img alt=""[二哈]"" title=""[二哈]"" src=""https://face.t.sinajs.cn/t4/appstyle/expression/ext/normal/22/2018new_erha_org.png"" />国内太多保护动物了",5,0
4797430586153716.0,4797542430410541,Mon Aug 01 06:31:52 +0800 2022,努力变成双眼皮,https://weibo.com//u/5494042005,别秀智商了,1,0
4797430586153716.0,4797455880949618,Mon Aug 01 00:47:57 +0800 2022,温柔的风穿堂过_kaoru,https://weibo.com//u/3928062272,数罪并罚,0,0
4797430586153716.0,4797486578795032,Mon Aug 01 02:49:56 +0800 2022,是倾尘ya,https://weibo.com//u/6253912946,死的也得扔回海里,1,0
4797430586153716.0,4797438265137813,Sun Jul 31 23:37:57 +0800 2022,啦啦啦啦啦欧拉啦,https://weibo.com//u/6582808936,"回复<a href=/n/小7or小8的微博>@小7or小8的微博</a>:对，所以不要随便吃不认识的，特别是野生动物，我们国家太多保护动物了<img alt=""[doge]"" title=""[doge]"" src=""https://face.t.sinajs.cn/t4/appstyle/expression/ext/normal/a1/2018new_doge02_org.png"" />麻雀都是三有，你杀太多也要坐牢的。",1,0
4797430586153716.0,4797437627599048,Sun Jul 31 23:35:25 +0800 2022,小7or小8的微博,https://weibo.com//u/1740283895,回复<a href=/n/啦啦啦啦啦欧拉啦>@啦啦啦啦啦欧拉啦</a>:完全不知道的情况下，买了吃了也是同罪吗,0,0
4797430586153716.0,4797435236846891,Sun Jul 31 23:25:55 +0800 2022,今天好晒就不开工了吧,https://weibo.com//u/7413752289,法律规定这玩意死了这得扔海里，上岸、销售、购买都属于违法行为,1,0
4797430586153716.0,4797433622304497,Sun Jul 31 23:19:30 +0800 2022,晚安0-,https://weibo.com//u/3701004074,也违法,0,0
4797430586153716.0,4797432971920842,Sun Jul 31 23:16:54 +0800 2022,未来QCN427有你更好,https://weibo.com//u/6257105708,"回复<a href=/n/瓜报>@瓜报</a>:有道理<img alt=""[打call]"" title=""[打call]"" src=""https://face.t.sinajs.cn/t4/appstyle/expression/ext/normal/39/moren_dacall02_org.png"" />",0,0
,4797443935571509,Mon Aug 01 00:00:29 +0800 2022,可以的掌门,https://weibo.com//u/1590659594,她为什么可以买到呢、,5,6
4797443935571509.0,4797553160487856,Mon Aug 01 07:14:30 +0800 2022,Fzk无为,https://weibo.com//u/3916101391,从非法渠道购买的呗，她自己的团队把鲨鱼带到市场摆拍的。,2,0
4797443935571509.0,4797586193777805,Mon Aug 01 09:25:46 +0800 2022,可以的掌门,https://weibo.com//u/1590659594,回复<a href=/n/Fzk无为>@Fzk无为</a>:唉,0,0
4797443935571509.0,4797574740181976,Mon Aug 01 08:40:14 +0800 2022,Fzk无为,https://weibo.com//u/3916101391,回复<a href=/n/可以的掌门>@可以的掌门</a>:有记者去调查过，有很多人证实她不是第一次去那个市场摆拍了，都是她团队的人开车拉过去摆拍的。大网红嘛，肯定有些人愿意配合拍摄,0,0
4797443935571509.0,4797568216731719,Mon Aug 01 08:14:20 +0800 2022,房子宽不宽,https://weibo.com//u/6036488109,回复<a href=/n/可以的掌门>@可以的掌门</a>:采访了老板，是配合借用场地,0,0
4797443935571509.0,4797558499575311,Mon Aug 01 07:35:43 +0800 2022,凉笙微光,https://weibo.com//u/5920036387,回复<a href=/n/可以的掌门>@可以的掌门</a>:那是演的，老板给警察说的,0,0
4797443935571509.0,4797556783580082,Mon Aug 01 07:28:54 +0800 2022,可以的掌门,https://weibo.com//u/1590659594,回复<a href=/n/Fzk无为>@Fzk无为</a>:？视频里说老板我的货到了,0,0
,4797426282794471,Sun Jul 31 22:50:20 +0800 2022,Sue安妮,https://weibo.com//u/3801390071,感觉有点变态，这回吃牢饭了要。,39,1
,4797428450726590,Sun Jul 31 22:58:57 +0800 2022,袋鼠-池寒枫,https://weibo.com//u/1779966691,情节恶劣（直播）所以应该是五年以上,25,0
,4797433857708788,Sun Jul 31 23:20:26 +0800 2022,隔夜菜1124,https://weibo.com//u/5610899531,她这个算情节特别严重吧，全家吃还发到网上,0,3
4797433857708788.0,4797453406045919,Mon Aug 01 00:38:07 +0800 2022,人人亻尔白勺全世界足各辶寸,https://weibo.com//u/6575316900,"好家伙，这不会全家都进去吧，这可太刑了<img alt=""[doge]"" title=""[doge]"" src=""https://face.t.sinajs.cn/t4/appstyle/expression/ext/normal/a1/2018new_doge02_org.png"" />",1,0
4797433857708788.0,4797462642688679,Mon Aug 01 01:14:49 +0800 2022,__来自横沟的少年,https://weibo.com//u/5081917089,回复<a href=/n/人人亻尔白勺全世界足各辶寸>@人人亻尔白勺全世界足各辶寸</a>:那些估计不是他家的 都是请的群演,1,0
,4797426860823422,Sun Jul 31 22:52:38 +0800 2022,Jcai_,https://weibo.com//u/5700869207,"而且还是网上传播，影响太恶劣 情节更严重<img alt=""[允悲]"" title=""[允悲]"" src=""https://face.t.sinajs.cn/t4/appstyle/expression/ext/normal/83/2018new_kuxiao_org.png"" />",19,0
,4797429251315700,Sun Jul 31 23:02:08 +0800 2022,起名头都疼了,https://weibo.com//u/5339578973,五年以内？也太少了吧,1,3
4797429251315700.0,4797957730472680,Tue Aug 02 10:02:07 +0800 2022,asvthnjk,https://weibo.com//u/7353040324,撞人死亡，也才判3-7年，她这算啥,0,0
4797429251315700.0,4798111698915817,Tue Aug 02 20:13:56 +0800 2022,起名头都疼了,https://weibo.com//u/5339578973,"回复<a href=/n/asvthnjk>@asvthnjk</a>:那要看责任方需要承担多大责任吧<img alt=""[疑问]"" title=""[疑问]"" src=""https://face.t.sinajs.cn/t4/appstyle/expression/ext/normal/b8/2018new_ningwen_org.png"" />",0,0
,4797427305682288,Sun Jul 31 22:54:24 +0800 2022,沉迷真理无法自拔,https://weibo.com//u/1705758413,监狱里可以直播吗？,3,0
,4797434230476259,Sun Jul 31 23:21:55 +0800 2022,鲤鱼仙贝,https://weibo.com//u/3592105682,五年以内难了，可能得五年起,2,0
,4797418027093221,Sun Jul 31 22:17:32 +0800 2022,雲骁杋,https://weibo.com//u/6427801924,"<img alt=""[允悲]"" title=""[允悲]"" src=""https://face.t.sinajs.cn/t4/appstyle/expression/ext/normal/83/2018new_kuxiao_org.png"" /><img alt=""[允悲]"" title=""[允悲]"" src=""https://face.t.sinajs.cn/t4/appstyle/expression/ext/normal/83/2018new_kuxiao_org.png"" /><img alt=""[允悲]"" title=""[允悲]"" src=""https://face.t.sinajs.cn/t4/appstyle/expression/ext/normal/83/2018new_kuxiao_org.png"" />",0,0
,4797432673601065,Sun Jul 31 23:15:43 +0800 2022,虢某,https://weibo.com//u/3087081747,"冷知识，熊猫也是人工养殖，请问你敢吃吗?<img alt=""[doge]"" title=""[doge]"" src=""https://face.t.sinajs.cn/t4/appstyle/expression/ext/normal/a1/2018new_doge02_org.png"" />",4,0
,4797445659952606,Mon Aug 01 00:07:20 +0800 2022,微博创作者中心,https://weibo.com//u/2892492275,"您的博文已进入公域场景推荐流曝光~了解平台政策、提升创作技巧、实现快速成长，创作者学院助您解锁流量密码，详情见<a target=""_blank"" href=""https://m.weibo.cn/c/wbox?id=ppj49v69pq&route=study_center""><img class=""icon-link"" src=""https://h5.sinaimg.cn/upload/2015/09/25/3/timeline_card_small_web_default.png""/>网页链接</a> ",0,0
,4797436705637301,Sun Jul 31 23:31:44 +0800 2022,tara央金,https://weibo.com//u/1411896645,什么都吃……蠢不可及,1,0
,4797428623217303,Sun Jul 31 22:59:38 +0800 2022,夜尽VS昼临,https://weibo.com//u/1975072452,"必须让她进去。<img alt=""[怒]"" title=""[怒]"" src=""https://face.t.sinajs.cn/t4/appstyle/expression/ext/normal/f6/2018new_nu_org.png"" />",1,0
,4797428148211140,Sun Jul 31 22:57:45 +0800 2022,哇唧唧哇哇哈哈,https://weibo.com//u/5634826255,是网红坐牢还是背后的团队坐牢,1,0
,4798055032819236,Tue Aug 02 16:28:46 +0800 2022,连眼睛也在笑,https://weibo.com//u/1871606854,这下真的火爆了！,0,0
,4797944815684748,Tue Aug 02 09:10:48 +0800 2022,蕾菈v,https://weibo.com//u/5343945341,挺好的，都进去冷静一下,0,0
,4797574365579147,Mon Aug 01 08:38:46 +0800 2022,张文心,https://weibo.com//u/5646525201,参考大学生掏鸟窝10年，我觉得可能有点保守。,0,0
,4797570319123852,Mon Aug 01 08:22:41 +0800 2022,糖佩鸭鲁嘿,https://weibo.com//u/6450782564,"早看这娘们儿不顺眼了，一个美食博主整些丝袜擦边，做作的要死，不关注还天天推，后面拉黑了<img alt=""[汗]"" title=""[汗]"" src=""https://face.t.sinajs.cn/t4/appstyle/expression/ext/normal/28/2018new_han_org.png"" />",0,0
,4797569593511664,Mon Aug 01 08:19:48 +0800 2022,准备着一飞冲天,https://weibo.com//u/1747870284,//<a href=/n/BlingDwenDwen>@BlingDwenDwen</a>:买卖同罪，去看刑法341条。//<a href=/n/小7or小8的微博>@小7or小8的微博</a>:如果买的时候是死的呢？,0,0
,4797558612036763,Mon Aug 01 07:36:10 +0800 2022,打小就迷人t,https://weibo.com//u/5523274472,他这是属于情节严重的吧！！！,0,0
,4797547870421258,Mon Aug 01 06:53:29 +0800 2022,喵咪大俠重出江湖,https://weibo.com//u/7362832992,偷鸟的卖的10年半。这个没20年也说不过去,0,0
,4797502904336518,Mon Aug 01 03:54:48 +0800 2022,世间能有几萧何,https://weibo.com//u/6308448548,他成年了吗，没成年的话还真没准给她逃过一劫了,0,0
,4797488521544178,Mon Aug 01 02:57:39 +0800 2022,努力努力再努力的ZYF,https://weibo.com//u/6021438549,活该,0,0
,4797432895898138,Sun Jul 31 23:16:36 +0800 2022,真的很有可能,https://weibo.com//u/5850334196,可别跑了,0,0
,4797428928351989,Sun Jul 31 23:00:51 +0800 2022,南綦ww,https://weibo.com//u/6571560132,"无期吧<img alt=""[赢牛奶]"" title=""[赢牛奶]"" src=""https://face.t.sinajs.cn/t4/appstyle/expression/ext/normal/9c/2021_yingniunai_org.png"" />",0,0
,4797426864492245,Sun Jul 31 22:52:39 +0800 2022,EnCoreLuLu,https://weibo.com//u/7756356828,其实穿得挺好看的一个妹子,0,0
,4797426537861870,Sun Jul 31 22:51:21 +0800 2022,亚洲首席分析师,https://weibo.com//u/6454648271,掏鸟窝的判了多少年？,0,1
4797426537861870.0,4797429524727012,Sun Jul 31 23:03:12 +0800 2022,satisfied95318,https://weibo.com//u/5941770130,掏鸟窝的不是已经说清楚了吗，其实就是大学生偷猎，而且这是国家二级保护动物，禁止造谣，网上有明确的案例的,0,0
,4797426516627865,Sun Jul 31 22:51:16 +0800 2022,天空下的温暖202106,https://weibo.com//u/7630794095,完了，芭比Q了，怎么也得5年，,0,0
,4797431554245668,Sun Jul 31 23:11:16 +0800 2022,二马户他爹,https://weibo.com//u/6599237308,鸵鸟 娃娃鱼她都错过,0,0
,4797432007498562,Sun Jul 31 23:13:05 +0800 2022,帅气的小影子,https://weibo.com//u/7751839789,她会不会不知道这是大白鲨，视频不是说正规渠道买的吗？我看她不像是能分辨出大白鲨的样子（没有洗，只是猜想,0,5
4797432007498562.0,4797433517707123,Sun Jul 31 23:19:05 +0800 2022,芰酃觏濉,https://weibo.com//u/6202800107,不是无知就能犯罪的，反正证据确凿了,0,0
4797432007498562.0,4797571841131245,Mon Aug 01 08:28:43 +0800 2022,帅气的小影子,https://weibo.com//u/7751839789,回复<a href=/n/__来自横沟的少年>@__来自横沟的少年</a>:那就多判几年,0,0
4797432007498562.0,4797463091217798,Mon Aug 01 01:16:36 +0800 2022,__来自横沟的少年,https://weibo.com//u/5081917089,回复<a href=/n/帅气的小影子>@帅气的小影子</a>:能不能提高一点思考能力…这种就是整个团队营销的 只不要事情搞大了可刑 她收割流量的时候你猜他在想什么？,0,0
4797432007498562.0,4797434134535301,Sun Jul 31 23:21:32 +0800 2022,帅气的小影子,https://weibo.com//u/7751839789,回复<a href=/n/芰酃觏濉>@芰酃觏濉</a>:如果她是无知我会觉得她有点惨，如果她是知道的我只能骂一句，多判几年,0,0
,4797552039562465,Mon Aug 01 07:10:03 +0800 2022,奔跑的蜗牛bindows,https://weibo.com//u/1666283732,不判个20年不足以平民愤,0,0
,4797529373278500,Mon Aug 01 05:39:59 +0800 2022,潇亦寒35775,https://weibo.com//u/7123094652,进去踩缝纫机吧她,0,0
,4797431340342153,Sun Jul 31 23:10:26 +0800 2022,是橙子啊橙子啊,https://weibo.com//u/7289307889,吃保护动物并恶意传播图像,0,0
,4797432707162259,Sun Jul 31 23:15:52 +0800 2022,FeZnFF,https://weibo.com//u/6487742307,哪里买的，希望一查到底,0,0
,4797431532758293,Sun Jul 31 23:11:12 +0800 2022,金易SUPER多金,https://weibo.com//u/7058149295,真刑,0,0
,4797429729984574,Sun Jul 31 23:04:01 +0800 2022,墨雨晴天vivi,https://weibo.com//u/5183387636,"100<img alt=""[加油]"" title=""[加油]"" src=""https://face.t.sinajs.cn/t4/appstyle/expression/ext/normal/9f/2018new_jiayou_org.png"" />",0,0
,4797429088785814,Sun Jul 31 23:01:29 +0800 2022,爱困浪漫化,https://weibo.com//u/7394133876,"<a href=/n/WGQ521200904>@WGQ521200904</a> 至少5年<img alt=""[吃惊]"" title=""[吃惊]"" src=""https://face.t.sinajs.cn/t4/appstyle/expression/ext/normal/49/2018new_chijing_org.png"" />",0,1
4797429088785814.0,4797430073923578,Sun Jul 31 23:05:24 +0800 2022,WGQ521200904,https://weibo.com//u/7476256699,我个人感觉...有点少，毕竟国家二级保护动物,0,0
,4797427385634100,Sun Jul 31 22:54:43 +0800 2022,夕阳古道长亭外,https://weibo.com//u/6424364205,凉,0,0
,4797427188504267,Sun Jul 31 22:53:56 +0800 2022,晴子ina,https://weibo.com//u/1969435044,"她好像是累犯，有网友爆料还吃过扬子鳄，娃娃鱼啊，都是保护级的，再加上网络传播造成恶劣影响，估计要十年以上还得加重判啊<img alt=""[允悲]"" title=""[允悲]"" src=""https://face.t.sinajs.cn/t4/appstyle/expression/ext/normal/83/2018new_kuxiao_org.png"" />",5,6
4797427188504267.0,4797427507527694,Sun Jul 31 22:55:11 +0800 2022,一棵03978,https://weibo.com//u/6884746592,大白鲨没有养殖肯定要判刑，但娃娃鱼养殖的很多，是能买到的，就是膈应人,1,0
4797427188504267.0,4797476143891285,Mon Aug 01 02:08:28 +0800 2022,钦久酔行州,https://weibo.com//u/7350433184,我感觉她拍那些视频已经是传播变态行为了,0,0
4797427188504267.0,4797476353344454,Mon Aug 01 02:09:18 +0800 2022,晴子ina,https://weibo.com//u/1969435044,"回复<a href=/n/钦久酔行州>@钦久酔行州</a>:自作孽，不可活，等着进去蹲吧<img alt=""[允悲]"" title=""[允悲]"" src=""https://face.t.sinajs.cn/t4/appstyle/expression/ext/normal/83/2018new_kuxiao_org.png"" />",0,0
4797427188504267.0,4797442455241559,Sun Jul 31 23:54:35 +0800 2022,晴子ina,https://weibo.com//u/1969435044,回复<a href=/n/Strsvv>@Strsvv</a>:问题是有些人觉得养殖费时间不如抓的轻松，我们这里就碰到过，他当时就是觉得养殖要好长时间才能回本，去抓活的又大又好，卖的时候根本没人知道是野生还是人工，被抓了才交代，把买的人坑了！,0,0
4797427188504267.0,4797433089885337,Sun Jul 31 23:17:23 +0800 2022,Strsvv,https://weibo.com//u/5273550848,回复<a href=/n/晴子ina>@晴子ina</a>:娃娃鱼应该还好，人工养殖已经普及了，淘宝活的才30一斤，没必要拿野生的当养殖的卖给你,0,0
4797427188504267.0,4797431465642586,Sun Jul 31 23:10:56 +0800 2022,晴子ina,https://weibo.com//u/1969435044,"回复<a href=/n/一棵03978>@一棵03978</a>:其实正常的有点常识的还是基本都不咋敢碰，毕竟很难分清人工和野生，如果卖的人骗你，最后倒霉的还是你自己，她这个大白鲨就直接把她捶死，结果她还狡辩人工，只能证明她是文盲法盲这个事实。<img alt=""[允悲]"" title=""[允悲]"" src=""https://face.t.sinajs.cn/t4/appstyle/expression/ext/normal/83/2018new_kuxiao_org.png"" />",1,0
,4797427176178469,Sun Jul 31 22:53:52 +0800 2022,羽毛虎,https://weibo.com//u/2056381701,坐牢倒是不至于，因为要看她知不知道买的是大白鲨。,0,16
4797427176178469.0,4797503050088996,Mon Aug 01 03:55:23 +0800 2022,酩酊树_,https://weibo.com//u/7450479478,他直播吃鲨鱼就有审核这个鲨鱼是不是保护动物的义务,0,0
4797427176178469.0,4797449560916950,Mon Aug 01 00:22:49 +0800 2022,三金的菜狗日记,https://weibo.com//u/7017319915,"哈哈哈定罪是肯定会定罪的，就看量刑会不会因为所谓的“不知情”轻一点喽<img alt=""[doge]"" title=""[doge]"" src=""https://face.t.sinajs.cn/t4/appstyle/expression/ext/normal/a1/2018new_doge02_org.png"" />",0,0
4797427176178469.0,4797436571159077,Sun Jul 31 23:31:13 +0800 2022,星辰灬翼,https://weibo.com//u/5704625247,国家法律条款那么多！你能都背下来？你背不下来！你不知道！你以后犯罪了你说你不知道！就可以免罪吗？,1,0
4797427176178469.0,4797433094341040,Sun Jul 31 23:17:23 +0800 2022,晗黛,https://weibo.com//u/5611881197,"杀人犯都会说“我当初没想杀人”，作为网红要直播吃鲨鱼好歹要确认自己吃的是什么品种，是否属于保护动物吧<img alt=""[费解]"" title=""[费解]"" src=""https://face.t.sinajs.cn/t4/appstyle/expression/ext/normal/2a/2018new_wenhao_org.png"" />她高低有主观故意，人家不是不能知道，是不想知道",1,0
4797427176178469.0,4797430929296413,Sun Jul 31 23:08:48 +0800 2022,佳佳的小小微博,https://weibo.com//u/3996172953,不知道就可以免去法律制裁 你当是拍电影呢,2,0
4797427176178469.0,4797643119661914,Mon Aug 01 13:11:58 +0800 2022,羽毛虎,https://weibo.com//u/2056381701,回复<a href=/n/酩酊树_>@酩酊树_</a>:如果正规交易合同上都不是大白鲨并且她也确实不知道的话。那么追责也就是个过错达不到牢饭标准。,0,0
4797427176178469.0,4797642670871426,Mon Aug 01 13:10:11 +0800 2022,羽毛虎,https://weibo.com//u/2056381701,回复<a href=/n/六斤六两四>@六斤六两四</a>:卖家和猎捕相关的人都得进去 既然这网红说是合规购买的，肯定有正规交易记录啥的。当然如果她明知是大白鲨而买，那么她就也得进去了,0,0
4797427176178469.0,4797570733578099,Mon Aug 01 08:24:20 +0800 2022,六斤六两四,https://weibo.com//u/2161797413,"回复<a href=/n/羽毛虎>@羽毛虎</a>:卖她的人肯定得进去<img alt=""[doge]"" title=""[doge]"" src=""https://face.t.sinajs.cn/t4/appstyle/expression/ext/normal/a1/2018new_doge02_org.png"" />",0,0
4797427176178469.0,4797489478369669,Mon Aug 01 03:01:27 +0800 2022,划水冲浪美人儿,https://weibo.com//u/7579004139,刑法上有个概念叫做法律认识错误。行为人实际行为犯罪但他不知道叫做假想无罪，假想无罪不会免责，他知不知道都不影响他犯罪的事实。,0,0
4797427176178469.0,4797455550645782,Mon Aug 01 00:46:38 +0800 2022,羽毛虎,https://weibo.com//u/2056381701,回复<a href=/n/三金的菜狗日记>@三金的菜狗日记</a>:定罪应该跑不了，毕竟影响恶劣，牢饭就不一定了,0,0
4797427176178469.0,4797439774558587,Sun Jul 31 23:43:56 +0800 2022,羽毛虎,https://weibo.com//u/2056381701,回复<a href=/n/芰酃觏濉>@芰酃觏濉</a>:这东西是需要调查整个事件的过程。如果购买合同合理合法且被蒙骗误报品种那就这网红还不至于吃牢饭，如果能证明她明知道这是大白鲨那才需要吃牢饭。,0,0
4797427176178469.0,4797436205203890,Sun Jul 31 23:29:45 +0800 2022,羽毛虎,https://weibo.com//u/2056381701,回复<a href=/n/晗黛>@晗黛</a>:所以这需要看他购入时候的交流和手续,0,0
4797427176178469.0,4797434285262012,Sun Jul 31 23:22:08 +0800 2022,芰酃觏濉,https://weibo.com//u/6202800107,回复<a href=/n/羽毛虎>@羽毛虎</a>:我刚查了一个21年吃了法螺的美食博主被刑事拘留了,0,0
4797427176178469.0,4797432473064212,Sun Jul 31 23:14:56 +0800 2022,羽毛虎,https://weibo.com//u/2056381701,回复<a href=/n/佳佳的小小微博>@佳佳的小小微博</a>:因为她又不是捕杀者或者相关策划关系。你以为法律是你用脑子想当然的吗？,0,0
,4797419428253607,Sun Jul 31 22:23:06 +0800 2022,Also-W,https://weibo.com//u/5790108245,是不是上次吃娃娃鱼,90,6
4797419428253607.0,4797419788702919,Sun Jul 31 22:24:32 +0800 2022,凌晨刚醒,https://weibo.com//u/2056277053,好像也是她？,0,0
4797419428253607.0,4797450533475671,Mon Aug 01 00:26:42 +0800 2022,网友深藏,https://weibo.com//u/5493171658,是上次吃娃娃鱼 吃的很像丧尸,3,0
4797419428253607.0,4797429336248605,Sun Jul 31 23:02:28 +0800 2022,流123连,https://weibo.com//u/3761919381,娃娃鱼可以人工养殖的，不是野生的就可以吃,7,0
4797419428253607.0,4797454673250257,Mon Aug 01 00:43:09 +0800 2022,妖妖不可爱aa,https://weibo.com//u/7294414438,就是她，吃的金色娃娃鱼,0,0
4797419428253607.0,4797437750023774,Sun Jul 31 23:35:54 +0800 2022,The-pieces,https://weibo.com//u/1748562895,娃娃鱼可以养殖，文盲,2,0
4797419428253607.0,4797459031656171,Mon Aug 01 01:00:28 +0800 2022,miss超越的love,https://weibo.com//u/2647325492,"回复<a href=/n/凌晨刚醒>@凌晨刚醒</a>:不是好像，就是她吃了金色娃娃鱼，吃的时候那诡异的妆扮像丧尸似的<img alt=""[苦涩]"" title=""[苦涩]"" src=""https://face.t.sinajs.cn/t4/appstyle/expression/ext/normal/7e/2021_bitter_org.png"" />",5,0
