﻿parent_comment_id,comment_id,comment_time,comment_user_name,comment_user_link,comment_content,comment_like_num,child_comment_num
,4797808329363130,Tue Aug 02 00:08:27 +0800 2022,小星0824,https://weibo.com//u/3288702544,转发微博,0,0
,4797806630673195,Tue Aug 02 00:01:41 +0800 2022,无惧忧伤666,https://weibo.com//u/7744628617,转发微博,0,0
,4797805866517414,Mon Aug 01 23:58:39 +0800 2022,快乐的大钢镚,https://weibo.com//u/7264169126,转发微博,0,0
,4797805321521791,Mon Aug 01 23:56:30 +0800 2022,小微在菏泽,https://weibo.com//u/5747295641,转发微博,0,0
,4797804965009008,Mon Aug 01 23:55:05 +0800 2022,小和尚198101,https://weibo.com//u/5747289964,"关注<img alt=""[话筒]"" title=""[话筒]"" src=""https://face.t.sinajs.cn/t4/appstyle/expression/ext/normal/48/2018new_huatong_org.png"" /><img alt=""[话筒]"" title=""[话筒]"" src=""https://face.t.sinajs.cn/t4/appstyle/expression/ext/normal/48/2018new_huatong_org.png"" />",0,0
,4797597410399246,Mon Aug 01 10:10:20 +0800 2022,汉阴检察,https://weibo.com//u/5249979200,"<img alt=""[话筒]"" title=""[话筒]"" src=""https://face.t.sinajs.cn/t4/appstyle/expression/ext/normal/48/2018new_huatong_org.png"" /><img alt=""[话筒]"" title=""[话筒]"" src=""https://face.t.sinajs.cn/t4/appstyle/expression/ext/normal/48/2018new_huatong_org.png"" />",0,0
,4797591370599047,Mon Aug 01 09:46:20 +0800 2022,电白检察,https://weibo.com//u/5642825408,"<img alt=""[话筒]"" title=""[话筒]"" src=""https://face.t.sinajs.cn/t4/appstyle/expression/ext/normal/48/2018new_huatong_org.png"" /><img alt=""[话筒]"" title=""[话筒]"" src=""https://face.t.sinajs.cn/t4/appstyle/expression/ext/normal/48/2018new_huatong_org.png"" />",0,0
,4797587842138520,Mon Aug 01 09:32:18 +0800 2022,菏泽中院,https://weibo.com//u/2156372723,"传递信息微平台<img alt=""[话筒]"" title=""[话筒]"" src=""https://face.t.sinajs.cn/t4/appstyle/expression/ext/normal/48/2018new_huatong_org.png"" /><img alt=""[话筒]"" title=""[话筒]"" src=""https://face.t.sinajs.cn/t4/appstyle/expression/ext/normal/48/2018new_huatong_org.png"" />",0,0
