﻿parent_comment_id,comment_id,comment_time,comment_user_name,comment_user_link,comment_content,comment_like_num,child_comment_num
,4797595510118318,Mon Aug 01 10:02:47 +0800 2022,cyl2003,https://weibo.com//u/2169293084,官方报道说无人伤亡,1,0
,4797580002985821,Mon Aug 01 09:01:10 +0800 2022,华电-小鸡快跑,https://weibo.com//u/3264446964,安全第一，安全第一,1,0
,4797592448008818,Mon Aug 01 09:50:36 +0800 2022,博魄魔佛_687,https://weibo.com//u/2044243604,红车爆胎了,1,0
,4797579261380438,Mon Aug 01 08:58:13 +0800 2022,一朵云彩LL,https://weibo.com//u/3212005701,，,0,0
,4797915539179052,Tue Aug 02 07:14:28 +0800 2022,齐玛蓝zimablue,https://weibo.com//u/1413206872,处在第一排的两辆小车和那辆运载小汽车的拖车还不说赶紧后退？还傻站着,0,0
,4797623854957479,Mon Aug 01 11:55:24 +0800 2022,云耽风淸,https://weibo.com//u/6445481369,司机应该活活烧死了,0,0
,4797620469896811,Mon Aug 01 11:41:58 +0800 2022,大清史学家,https://weibo.com//u/7503845567,红车自己倒地燃烧的，怎么说两车相撞呢,0,0
,4797594972195945,Mon Aug 01 10:00:39 +0800 2022,美丽KK,https://weibo.com//u/2803014150,安全第一,0,0
,4797582255591050,Mon Aug 01 09:10:07 +0800 2022,tangye_sh,https://weibo.com//u/2117956683,小卡车轨迹异常。装的啥漂白剂？,0,0
