﻿parent_comment_id,comment_id,comment_time,comment_user_name,comment_user_link,comment_content,comment_like_num,child_comment_num
,4797550710489735,Mon Aug 01 07:04:46 +0800 2022,谓我读尊,https://weibo.com//u/7442839464,进去了,0,1
4797550710489735.0,4797601294059311,Mon Aug 01 10:25:46 +0800 2022,顾一行_,https://weibo.com//u/6641327334,"很讨厌这种为了名利，明知违法还非要做的人<img alt=""[怒]"" title=""[怒]"" src=""https://face.t.sinajs.cn/t4/appstyle/expression/ext/normal/f6/2018new_nu_org.png"" />",0,0
,4797549468714013,Mon Aug 01 06:59:50 +0800 2022,无双公子0918,https://weibo.com//u/7442833570,"<img alt=""[doge]"" title=""[doge]"" src=""https://face.t.sinajs.cn/t4/appstyle/expression/ext/normal/a1/2018new_doge02_org.png"" />",0,0
,4797520855696031,Mon Aug 01 05:06:08 +0800 2022,汪秀华77,https://weibo.com//u/5400501139,"<img alt=""[摊手]"" title=""[摊手]"" src=""https://face.t.sinajs.cn/t4/appstyle/expression/ext/normal/62/2018new_tanshou_org.png"" /><img alt=""[摊手]"" title=""[摊手]"" src=""https://face.t.sinajs.cn/t4/appstyle/expression/ext/normal/62/2018new_tanshou_org.png"" />",0,0
