﻿parent_comment_id,comment_id,comment_time,comment_user_name,comment_user_link,comment_content,comment_like_num,child_comment_num
,4797519970435609,Mon Aug 01 05:02:37 +0800 2022,狙击野猪林,https://weibo.com//u/6835599380,"<img alt=""[羞嗒嗒]"" title=""[羞嗒嗒]"" src=""https://face.t.sinajs.cn/t4/appstyle/expression/ext/normal/df/lxhxiudada_org.gif"" /><img alt=""[羞嗒嗒]"" title=""[羞嗒嗒]"" src=""https://face.t.sinajs.cn/t4/appstyle/expression/ext/normal/df/lxhxiudada_org.gif"" /><img alt=""[羞嗒嗒]"" title=""[羞嗒嗒]"" src=""https://face.t.sinajs.cn/t4/appstyle/expression/ext/normal/df/lxhxiudada_org.gif"" /><img alt=""[羞嗒嗒]"" title=""[羞嗒嗒]"" src=""https://face.t.sinajs.cn/t4/appstyle/expression/ext/normal/df/lxhxiudada_org.gif"" />",0,0
,4797430862979286,Sun Jul 31 23:08:32 +0800 2022,QuatschNEXT,https://weibo.com//u/6489212305,到时候千万别说不知道，这鲨鱼是没有人工饲养的,0,1
,4797443789031824,Sun Jul 31 23:59:54 +0800 2022,讲虾米,https://weibo.com//u/1751399124,刑,1,0
,4797426348851544,Sun Jul 31 22:50:35 +0800 2022,不会标点符号的刘sir,https://weibo.com//u/5174220378,这个头绝对不能起，如果不严加处理，免不了有人心怀鬼胎借此机会宣传自己，蹭热度，蹭流量，必须狠罚,5,0
