﻿parent_comment_id,comment_id,comment_time,comment_user_name,comment_user_link,comment_content,comment_like_num,child_comment_num
,4797467155760630,Mon Aug 01 01:32:45 +0800 2022,椰奶莓莓,https://weibo.com//u/7451126939,"<img alt=""[允悲]"" title=""[允悲]"" src=""https://face.t.sinajs.cn/t4/appstyle/expression/ext/normal/83/2018new_kuxiao_org.png"" /><img alt=""[允悲]"" title=""[允悲]"" src=""https://face.t.sinajs.cn/t4/appstyle/expression/ext/normal/83/2018new_kuxiao_org.png"" />",2,0
,4797467146585323,Mon Aug 01 01:32:43 +0800 2022,椰奶莓莓,https://weibo.com//u/7451126939,"<img alt=""[奋斗]"" title=""[奋斗]"" src=""https://face.t.sinajs.cn/t4/appstyle/expression/ext/normal/23/2022_Struggle_org.png"" /><img alt=""[奋斗]"" title=""[奋斗]"" src=""https://face.t.sinajs.cn/t4/appstyle/expression/ext/normal/23/2022_Struggle_org.png"" />",2,0
,4797467138719947,Mon Aug 01 01:32:40 +0800 2022,椰奶莓莓,https://weibo.com//u/7451126939,"<img alt=""[举杠铃]"" title=""[举杠铃]"" src=""https://face.t.sinajs.cn/t4/appstyle/expression/ext/normal/bb/2022_Weightlifting_org.png"" /><img alt=""[举杠铃]"" title=""[举杠铃]"" src=""https://face.t.sinajs.cn/t4/appstyle/expression/ext/normal/bb/2022_Weightlifting_org.png"" />",2,0
,4797467125616346,Mon Aug 01 01:32:38 +0800 2022,椰奶莓莓,https://weibo.com//u/7451126939,"<img alt=""[舔屏]"" title=""[舔屏]"" src=""https://face.t.sinajs.cn/t4/appstyle/expression/ext/normal/3e/2018new_tianping_org.png"" /><img alt=""[舔屏]"" title=""[舔屏]"" src=""https://face.t.sinajs.cn/t4/appstyle/expression/ext/normal/3e/2018new_tianping_org.png"" />",2,0
,4797467118011069,Mon Aug 01 01:32:36 +0800 2022,椰奶莓莓,https://weibo.com//u/7451126939,"<img alt=""[送花花]"" title=""[送花花]"" src=""https://face.t.sinajs.cn/t4/appstyle/expression/ext/normal/cb/2022_Flowers_org.png"" /><img alt=""[送花花]"" title=""[送花花]"" src=""https://face.t.sinajs.cn/t4/appstyle/expression/ext/normal/cb/2022_Flowers_org.png"" />",2,0
