﻿parent_comment_id,comment_id,comment_time,comment_user_name,comment_user_link,comment_content,comment_like_num,child_comment_num
,4797578526857677,Mon Aug 01 08:55:18 +0800 2022,tans12065843,https://weibo.com//u/5040855595,"自己不炒作嘛<img alt=""[允悲]"" title=""[允悲]"" src=""https://face.t.sinajs.cn/t4/appstyle/expression/ext/normal/83/2018new_kuxiao_org.png"" />",3,0
,4798129864706295,Tue Aug 02 21:26:07 +0800 2022,甘世鹏,https://weibo.com//u/3228964620,出来时候已经年轻不再了，可惜了,0,0
,4798098016306365,Tue Aug 02 19:19:33 +0800 2022,lch219921,https://weibo.com//u/7309215529,"抓了吧<img alt=""[doge]"" title=""[doge]"" src=""https://face.t.sinajs.cn/t4/appstyle/expression/ext/normal/a1/2018new_doge02_org.png"" />",0,0
,4798080132842771,Tue Aug 02 18:08:30 +0800 2022,661亿,https://weibo.com//u/7621798914,"越解释说明内心越慌<img alt=""[doge]"" title=""[doge]"" src=""https://face.t.sinajs.cn/t4/appstyle/expression/ext/normal/a1/2018new_doge02_org.png"" /><img alt=""[doge]"" title=""[doge]"" src=""https://face.t.sinajs.cn/t4/appstyle/expression/ext/normal/a1/2018new_doge02_org.png"" />",1,0
,4798059832149712,Tue Aug 02 16:47:50 +0800 2022,苦修心者,https://weibo.com//u/6514165699,买卖保护动物还有正规渠道？,0,0
,4798057868430179,Tue Aug 02 16:40:01 +0800 2022,提莫队长正在卖萌_,https://weibo.com//u/2300608350,欢乐 <a href=/n/夏天热热-1>@夏天热热-1</a>,2,0
,4798044991915969,Tue Aug 02 15:48:51 +0800 2022,请叫我BIG_YANG,https://weibo.com//u/1797484404,<a href=/n/迴不去的旅人>@迴不去的旅人</a>,0,0
,4798042639960765,Tue Aug 02 15:39:30 +0800 2022,你这样的卡比只能在线两分钟,https://weibo.com//u/2679981203,"<img alt=""[哆啦A梦害怕]"" title=""[哆啦A梦害怕]"" src=""https://face.t.sinajs.cn/t4/appstyle/expression/ext/normal/c7/dorahaipa_org.gif"" /><img alt=""[哆啦A梦害怕]"" title=""[哆啦A梦害怕]"" src=""https://face.t.sinajs.cn/t4/appstyle/expression/ext/normal/c7/dorahaipa_org.gif"" />",0,0
,4798034452681908,Tue Aug 02 15:06:59 +0800 2022,潮流向东,https://weibo.com//u/2116987127,多读点书谢谢了,1,0
,4798015804805895,Tue Aug 02 13:52:53 +0800 2022,1Niailema,https://weibo.com//u/5419767511,可惜了，还这么嫩,0,0
,4798008623370079,Tue Aug 02 13:24:21 +0800 2022,城市里的剪刀手,https://weibo.com//u/3051512924,有一些人工饲养的保护动物能吃吗？,0,0
,4798003812242876,Tue Aug 02 13:05:14 +0800 2022,酸角-甜角,https://weibo.com//u/3095326147,这是要芭比Q了吗,2,0
,4797966701043488,Tue Aug 02 10:37:46 +0800 2022,仲秋夜间,https://weibo.com//u/5235801711,鲨鱼这么难吃的都能下咽，也是服了,0,0
,4797962913584142,Tue Aug 02 10:22:43 +0800 2022,MAKCHUIWAEVA,https://weibo.com//u/1768898967,无知不是无罪,1,0
,4797962347090145,Tue Aug 02 10:20:28 +0800 2022,丧one立刻有,https://weibo.com//u/5021847818,不是她为了火没有下限吗,0,0
,4797844202193104,Tue Aug 02 02:30:59 +0800 2022,吃素都不瘦的滚滚,https://weibo.com//u/5290505250,自己作死活该,1,0
,4797807535592584,Tue Aug 02 00:05:18 +0800 2022,少少哥v,https://weibo.com//u/1625503645,他穿衣服了吗,1,0
,4797787487079980,Mon Aug 01 22:45:38 +0800 2022,昭鹮_ZH,https://weibo.com//u/6577234953,"最好判十年以上，真踏马没底线，国家保护动物也吃<img alt=""[微笑]"" title=""[微笑]"" src=""https://face.t.sinajs.cn/t4/appstyle/expression/ext/normal/e3/2018new_weixioa02_org.png"" />",0,0
,4797769992120822,Mon Aug 01 21:36:07 +0800 2022,弃权网银,https://weibo.com//u/6198477198,"<img alt=""[允悲]"" title=""[允悲]"" src=""https://face.t.sinajs.cn/t4/appstyle/expression/ext/normal/83/2018new_kuxiao_org.png"" />先抓也找卖家，管小姐姐什么事？",0,0
,4797755396720384,Mon Aug 01 20:38:07 +0800 2022,阿尤克拉,https://weibo.com//u/5661055830,135 7633 4873,0,0
,4797749697188195,Mon Aug 01 20:15:28 +0800 2022,我妹最大爱好是敷面膜,https://weibo.com//u/2406962994,老板，营运，主播，配角，吃客统统一起搞里面,6,0
,4797747770950270,Mon Aug 01 20:07:48 +0800 2022,奋逗的苟籽,https://weibo.com//u/6474058092,"<img alt=""[费解]"" title=""[费解]"" src=""https://face.t.sinajs.cn/t4/appstyle/expression/ext/normal/2a/2018new_wenhao_org.png"" /><img alt=""[费解]"" title=""[费解]"" src=""https://face.t.sinajs.cn/t4/appstyle/expression/ext/normal/2a/2018new_wenhao_org.png"" />",3,0
,4797692453325278,Mon Aug 01 16:28:00 +0800 2022,JoustJ,https://weibo.com//u/3652784177,正规渠道能买到国家保护动物？这是什么正规渠道，说出来听听？,18,1
4797692453325278.0,4797949676096001,Tue Aug 02 09:30:07 +0800 2022,雨落曦庭,https://weibo.com//u/5734144576,警察叔叔一定很感兴趣,0,0
,4797681479718101,Mon Aug 01 15:44:24 +0800 2022,于亖,https://weibo.com//u/3186156165,类似的直播意义何在😤,1,0
,4797679303660478,Mon Aug 01 15:35:45 +0800 2022,其实也可以很甜,https://weibo.com//u/6128289341,现在真跟警察叔叔说去了,0,0
,4797669921260408,Mon Aug 01 14:58:27 +0800 2022,Sean灬白白,https://weibo.com//u/6058348539,赶快封死她，一辈子别让她再出现,1,0
,4797639461442697,Mon Aug 01 12:57:26 +0800 2022,黑_白_记,https://weibo.com//u/3814778862,"这就不需要打码了吧<img alt=""[笑cry]"" title=""[笑cry]"" src=""https://face.t.sinajs.cn/t4/appstyle/expression/ext/normal/4a/2018new_xiaoku_thumb.png"" />",2,0
,4797626622415965,Mon Aug 01 12:06:25 +0800 2022,陈较瘦啊啊啊,https://weibo.com//u/5314236740,"正规渠道，警察还抓你干嘛，劳资去嫖，说正规渠道介绍的？<img alt=""[二哈]"" title=""[二哈]"" src=""https://face.t.sinajs.cn/t4/appstyle/expression/ext/normal/22/2018new_erha_org.png"" />",1,0
,4797623452308500,Mon Aug 01 11:53:49 +0800 2022,井冈山古玩艺术品,https://weibo.com//u/7004668355,这特么还正规渠道？,2,0
,4797619261671799,Mon Aug 01 11:37:10 +0800 2022,真的不是饭桶啊,https://weibo.com//u/5822364668,难道不是你为了火吗,56,0
,4797605173005630,Mon Aug 01 10:41:11 +0800 2022,是谁偷走了我的拖拉机,https://weibo.com//u/7404548170,正规渠道买白粉就不犯法了吗,20,15
4797605173005630.0,4798198306570535,Wed Aug 03 01:58:04 +0800 2022,上天入地我是真的,https://weibo.com//u/6429191072,白粉哪来的正规渠道。都是地上偷偷搞,0,0
4797605173005630.0,4797778914449789,Mon Aug 01 22:11:34 +0800 2022,下饭的AG崽,https://weibo.com//u/7152575658,"首先，白粉不会有正规渠道，如果真的有了，那就是合法的<img alt=""[笑cry]"" title=""[笑cry]"" src=""https://face.t.sinajs.cn/t4/appstyle/expression/ext/normal/4a/2018new_xiaoku_thumb.png"" />",0,0
4797605173005630.0,4798112609077442,Tue Aug 02 20:17:33 +0800 2022,卿君忆梦,https://weibo.com//u/7491916112,回复<a href=/n/蘇灵山灵水>@蘇灵山灵水</a>:啊对对对，治什么啊，毒品治幻视吗,0,0
4797605173005630.0,4798095101532978,Tue Aug 02 19:07:59 +0800 2022,蘇灵山灵水,https://weibo.com//u/7735751810,回复<a href=/n/卿君忆梦>@卿君忆梦</a>:你见识短,0,0
4797605173005630.0,4798094694942542,Tue Aug 02 19:06:21 +0800 2022,卿君忆梦,https://weibo.com//u/7491916112,"回复<a href=/n/蘇灵山灵水>@蘇灵山灵水</a>:我怎么不知道白粉还能治病<img alt=""[裂开]"" title=""[裂开]"" src=""https://face.t.sinajs.cn/t4/appstyle/expression/ext/normal/1b/202011_liekai_org.png"" />",0,0
4797605173005630.0,4798094267123804,Tue Aug 02 19:04:39 +0800 2022,卿君忆梦,https://weibo.com//u/7491916112,"回复<a href=/n/Panda41750>@Panda41750</a>:是我知道的那个白粉吗<img alt=""[裂开]"" title=""[裂开]"" src=""https://face.t.sinajs.cn/t4/appstyle/expression/ext/normal/1b/202011_liekai_org.png"" />中国已经成为毒区了吗<img alt=""[太开心]"" title=""[太开心]"" src=""https://face.t.sinajs.cn/t4/appstyle/expression/ext/normal/1e/2018new_taikaixin_org.png"" />你要不搜一下白粉是什么<img alt=""[裂开]"" title=""[裂开]"" src=""https://face.t.sinajs.cn/t4/appstyle/expression/ext/normal/1b/202011_liekai_org.png"" /><img alt=""[裂开]"" title=""[裂开]"" src=""https://face.t.sinajs.cn/t4/appstyle/expression/ext/normal/1b/202011_liekai_org.png"" />",0,0
4797605173005630.0,4798085714943579,Tue Aug 02 18:30:41 +0800 2022,小琪琪长大,https://weibo.com//u/7416701921,不是在部分国家吸大麻合法但是中国不行吗？这相当于你在国外买，带回中国用不行吧,0,0
4797605173005630.0,4797988063681186,Tue Aug 02 12:02:39 +0800 2022,Panda41750,https://weibo.com//u/6619208086,回复<a href=/n/还是一样相互折磨到白头>@还是一样相互折磨到白头</a>:各大超市，粮油区，大袋小袋都有,0,0
4797605173005630.0,4797975735306784,Tue Aug 02 11:13:39 +0800 2022,还是一样相互折磨到白头,https://weibo.com//u/5405753970,哪里有正规渠道的白粉，请联系我,0,0
4797605173005630.0,4797792964837773,Mon Aug 01 23:07:23 +0800 2022,蘇灵山灵水,https://weibo.com//u/7735751810,回复<a href=/n/是谁偷走了我的拖拉机>@是谁偷走了我的拖拉机</a>:用来治病就不是白粉？都正规了，肯定是合法的！,0,0
4797605173005630.0,4797790586147256,Mon Aug 01 22:57:57 +0800 2022,是谁偷走了我的拖拉机,https://weibo.com//u/7404548170,回复<a href=/n/蘇灵山灵水>@蘇灵山灵水</a>:那不叫白粉  吸的才叫白粉,0,0
4797605173005630.0,4797784819503347,Mon Aug 01 22:35:01 +0800 2022,蘇灵山灵水,https://weibo.com//u/7735751810,回复<a href=/n/是谁偷走了我的拖拉机>@是谁偷走了我的拖拉机</a>:你连这都不知道，白粉也有药用的，还有专门的人种，笨,0,0
4797605173005630.0,4797783007298630,Mon Aug 01 22:27:49 +0800 2022,是谁偷走了我的拖拉机,https://weibo.com//u/7404548170,回复<a href=/n/蘇灵山灵水>@蘇灵山灵水</a>:哪来的正规渠道,0,0
4797605173005630.0,4797639314899687,Mon Aug 01 12:56:50 +0800 2022,蘇灵山灵水,https://weibo.com//u/7735751810,不犯法，都正规了，还犯法？,0,0
,4797601830672324,Mon Aug 01 10:27:54 +0800 2022,趿拉板儿的春天2022,https://weibo.com//u/7777542262,"不奇怪，资本市场无底线……<img alt=""[吃瓜]"" title=""[吃瓜]"" src=""https://face.t.sinajs.cn/t4/appstyle/expression/ext/normal/01/2018new_chigua_org.png"" />",1,0
,4797601038209799,Mon Aug 01 10:24:45 +0800 2022,台湾最美的风景是风景,https://weibo.com//u/7736337553,"从哪买的？<img alt=""[微笑]"" title=""[微笑]"" src=""https://face.t.sinajs.cn/t4/appstyle/expression/ext/normal/e3/2018new_weixioa02_org.png"" />",1,0
,4797593022109790,Mon Aug 01 09:52:54 +0800 2022,泡饭大大哥,https://weibo.com//u/6905220810,背后团队立功了,4,0
,4797588022758687,Mon Aug 01 09:33:02 +0800 2022,灵魂之力量,https://weibo.com//u/2329091034,卖惨卖惨,4,0
,4797578798958844,Mon Aug 01 08:56:23 +0800 2022,海潜星,https://weibo.com//u/7231829050,哪里来的渠道，没准还能逮到一窝犯罪分子,6,0
,4797566191145879,Mon Aug 01 08:06:17 +0800 2022,上班不摸鱼的王富贵,https://weibo.com//u/7359675571,不理解，都是什么样的人看直播？多浪费时间啊，干点啥不好？,38,0
