﻿parent_comment_id,comment_id,comment_time,comment_user_name,comment_user_link,comment_content,comment_like_num,child_comment_num
,4797429768260730,Sun Jul 31 23:04:11 +0800 2022,蜜桃乌龙小奶茶,https://weibo.com//u/5045126642,宅男：我不背这锅,7,0
,4797426370085782,Sun Jul 31 22:50:40 +0800 2022,雪兔R_,https://weibo.com//u/5915491521,这押韵的可以,1,0
,4797430295696704,Sun Jul 31 23:06:17 +0800 2022,落梅吟残雪,https://weibo.com//u/7457752631,"咳咳，宅男觉得很淦<img alt=""[黑线]"" title=""[黑线]"" src=""https://face.t.sinajs.cn/t4/appstyle/expression/ext/normal/a3/2018new_heixian_org.png"" />",2,0
,4797427221529875,Sun Jul 31 22:54:04 +0800 2022,若尘llll,https://weibo.com//u/5533862986,然而这种人转发到宅男群基本都是群嘲，没见过年轻人喜欢这玩意的,8,0
