﻿parent_comment_id,comment_id,comment_time,comment_user_name,comment_user_link,comment_content,comment_like_num,child_comment_num
,4797481374188121,Mon Aug 01 02:29:15 +0800 2022,你大王de,https://weibo.com//u/5338410163,"赶紧关进去吧 不然我怕她要吃正规渠道购买的人工饲养大🐼了 <img alt=""[裂开]"" title=""[裂开]"" src=""https://face.t.sinajs.cn/t4/appstyle/expression/ext/normal/1b/202011_liekai_org.png"" /><img alt=""[裂开]"" title=""[裂开]"" src=""https://face.t.sinajs.cn/t4/appstyle/expression/ext/normal/1b/202011_liekai_org.png"" />",0,1
4797481374188121.0,4797593349523098,Mon Aug 01 09:54:12 +0800 2022,白给小孙在此,https://weibo.com//u/6091245715,太奇葩了,0,0
,4797474952970257,Mon Aug 01 02:03:43 +0800 2022,23nono,https://weibo.com//u/7595025212,就是很不理解为啥有的人为了流量什么都能做得出来,1,1
4797474952970257.0,4797476861641027,Mon Aug 01 02:11:19 +0800 2022,白给小孙在此,https://weibo.com//u/6091245715,主要是 真的有流量！我大为震撼,0,0
,4797474563162595,Mon Aug 01 02:02:11 +0800 2022,钦久酔行州,https://weibo.com//u/7350433184,正常人看了应该会生理不适吧，穿成那样，用小孩子的声线和说话方式说着残忍的话，什么都吃，感觉都没有人性了,0,3
4797474563162595.0,4797476966236865,Mon Aug 01 02:11:44 +0800 2022,白给小孙在此,https://weibo.com//u/6091245715,真的是 竟然还很大流量的样子 为什么啊！我不理解,0,0
4797474563162595.0,4797475322070609,Mon Aug 01 02:05:12 +0800 2022,阿毛不炸毛,https://weibo.com//u/5216459771,对啊，市场那里还看到很多小朋友，都是她的粉丝,0,0
4797474563162595.0,4797479067844836,Mon Aug 01 02:20:05 +0800 2022,左擒海星右牵鼬鼠,https://weibo.com//u/7374914857,"回复 <a href=/n/白给小孙在此>@白给小孙在此</a>:你要理解了不也成她粉丝那样了<img alt=""[二哈]"" title=""[二哈]"" src=""https://face.t.sinajs.cn/t4/appstyle/expression/ext/normal/22/2018new_erha_org.png"" />",0,0
