﻿parent_comment_id,comment_id,comment_time,comment_user_name,comment_user_link,comment_content,comment_like_num,child_comment_num
,4797776468120866,Mon Aug 01 22:01:51 +0800 2022,小散里的菜鸟,https://weibo.com//u/2144553123,掏鸟窝都判10年呢,0,0
,4797748768937289,Mon Aug 01 20:11:47 +0800 2022,黄金大乔,https://weibo.com//u/6084269733,吃大白鲨也是牛,0,0
,4797579608458202,Mon Aug 01 08:59:35 +0800 2022,寒尽不知年,https://weibo.com//u/1567874111,我觉得经常看这种不三不四视频也是损自己运气的,13,0
,4797566229414769,Mon Aug 01 08:06:26 +0800 2022,雪-白了冬的容颜,https://weibo.com//u/5734937217,损德,6,0
,4797563797244825,Mon Aug 01 07:56:46 +0800 2022,馆馆yami,https://weibo.com//u/6863621392,"我记得好几年前去天津吃自助，自助餐就有鲨鱼肉<img alt=""[衰]"" title=""[衰]"" src=""https://face.t.sinajs.cn/t4/appstyle/expression/ext/normal/a2/2018new_shuai_org.png"" />",0,1
4797563797244825.0,4797573557126897,Mon Aug 01 08:35:33 +0800 2022,冒牌小泪珠,https://weibo.com//u/1707828857,鲨鱼有可食用的，有养殖的,0,0
