﻿parent_comment_id,comment_id,comment_time,comment_user_name,comment_user_link,comment_content,comment_like_num,child_comment_num
,4797709233685494,Mon Aug 01 17:34:40 +0800 2022,南宁铁路,https://weibo.com//u/1869124960,"<a href=""//s.weibo.com/weibo?q=%23%E8%AD%A6%E6%96%B9%E8%AE%A4%E5%AE%9A%E7%BD%91%E7%BA%A2%E7%94%A8%E6%BF%92%E5%8D%B1%E5%A4%A7%E7%99%BD%E9%B2%A8%E5%81%9A%E7%BE%8E%E9%A3%9F%23"" target=""_blank"">#警方认定网红用濒危大白鲨做美食#</a>：相关案件正在办理中",0,1
4797709233685494.0,4797778263543241,Mon Aug 01 22:08:59 +0800 2022,南宁火车站,https://weibo.com//u/2435340311,相关案件正在办理中,0,0
,4797582042468454,Mon Aug 01 09:09:16 +0800 2022,漫相思,https://weibo.com//u/3058987721,"什么网红<img alt=""[允悲]"" title=""[允悲]"" src=""https://face.t.sinajs.cn/t4/appstyle/expression/ext/normal/83/2018new_kuxiao_org.png"" />",0,1
4797582042468454.0,4797778289758460,Mon Aug 01 22:09:05 +0800 2022,南宁火车站,https://weibo.com//u/2435340311,相关案件正在办理中,0,0
