﻿parent_comment_id,comment_id,comment_time,comment_user_name,comment_user_link,comment_content,comment_like_num,child_comment_num
,4797730260783076,Mon Aug 01 18:58:14 +0800 2022,平安江阳,https://weibo.com//u/5209471765,"<img alt=""[话筒]"" title=""[话筒]"" src=""https://face.t.sinajs.cn/t4/appstyle/expression/ext/normal/48/2018new_huatong_org.png"" /><img alt=""[话筒]"" title=""[话筒]"" src=""https://face.t.sinajs.cn/t4/appstyle/expression/ext/normal/48/2018new_huatong_org.png"" /><img alt=""[话筒]"" title=""[话筒]"" src=""https://face.t.sinajs.cn/t4/appstyle/expression/ext/normal/48/2018new_huatong_org.png"" /><img alt=""[话筒]"" title=""[话筒]"" src=""https://face.t.sinajs.cn/t4/appstyle/expression/ext/normal/48/2018new_huatong_org.png"" /><img alt=""[话筒]"" title=""[话筒]"" src=""https://face.t.sinajs.cn/t4/appstyle/expression/ext/normal/48/2018new_huatong_org.png"" />",0,0
,4797713487496331,Mon Aug 01 17:51:34 +0800 2022,兴文公安,https://weibo.com//u/2159138953,"<img alt=""[话筒]"" title=""[话筒]"" src=""https://face.t.sinajs.cn/t4/appstyle/expression/ext/normal/48/2018new_huatong_org.png"" /><img alt=""[话筒]"" title=""[话筒]"" src=""https://face.t.sinajs.cn/t4/appstyle/expression/ext/normal/48/2018new_huatong_org.png"" /><img alt=""[话筒]"" title=""[话筒]"" src=""https://face.t.sinajs.cn/t4/appstyle/expression/ext/normal/48/2018new_huatong_org.png"" />",0,0
,4797712479820372,Mon Aug 01 17:47:35 +0800 2022,米易公安,https://weibo.com//u/3160981342,"<img alt=""[话筒]"" title=""[话筒]"" src=""https://face.t.sinajs.cn/t4/appstyle/expression/ext/normal/48/2018new_huatong_org.png"" />",0,0
,4797669509434451,Mon Aug 01 14:56:50 +0800 2022,微成都,https://weibo.com//u/1916780343,"关注<img alt=""[话筒]"" title=""[话筒]"" src=""https://face.t.sinajs.cn/t4/appstyle/expression/ext/normal/48/2018new_huatong_org.png"" /><img alt=""[话筒]"" title=""[话筒]"" src=""https://face.t.sinajs.cn/t4/appstyle/expression/ext/normal/48/2018new_huatong_org.png"" />",0,0
,4797667102688635,Mon Aug 01 14:47:16 +0800 2022,游仙公安,https://weibo.com//u/1920901005,"<img alt=""[话筒]"" title=""[话筒]"" src=""https://face.t.sinajs.cn/t4/appstyle/expression/ext/normal/48/2018new_huatong_org.png"" /><img alt=""[话筒]"" title=""[话筒]"" src=""https://face.t.sinajs.cn/t4/appstyle/expression/ext/normal/48/2018new_huatong_org.png"" /><img alt=""[话筒]"" title=""[话筒]"" src=""https://face.t.sinajs.cn/t4/appstyle/expression/ext/normal/48/2018new_huatong_org.png"" />",0,0
,4797653017166142,Mon Aug 01 13:51:17 +0800 2022,辽宁消防,https://weibo.com//u/1363502007,"关注<img alt=""[话筒]"" title=""[话筒]"" src=""https://face.t.sinajs.cn/t4/appstyle/expression/ext/normal/48/2018new_huatong_org.png"" /><img alt=""[话筒]"" title=""[话筒]"" src=""https://face.t.sinajs.cn/t4/appstyle/expression/ext/normal/48/2018new_huatong_org.png"" /><img alt=""[话筒]"" title=""[话筒]"" src=""https://face.t.sinajs.cn/t4/appstyle/expression/ext/normal/48/2018new_huatong_org.png"" />",0,0
,4797600643157485,Mon Aug 01 10:23:11 +0800 2022,烟台市人民检察院,https://weibo.com//u/5043723586,关注热点信息，传递法治资讯,0,0
,4797596751628813,Mon Aug 01 10:07:43 +0800 2022,翠屏公安,https://weibo.com//u/2011990062,"<img alt=""[话筒]"" title=""[话筒]"" src=""https://face.t.sinajs.cn/t4/appstyle/expression/ext/normal/48/2018new_huatong_org.png"" /><img alt=""[话筒]"" title=""[话筒]"" src=""https://face.t.sinajs.cn/t4/appstyle/expression/ext/normal/48/2018new_huatong_org.png"" />",0,0
,4797592972298490,Mon Aug 01 09:52:42 +0800 2022,宁津公安,https://weibo.com//u/2316874621,"<img alt=""[话筒]"" title=""[话筒]"" src=""https://face.t.sinajs.cn/t4/appstyle/expression/ext/normal/48/2018new_huatong_org.png"" /><img alt=""[话筒]"" title=""[话筒]"" src=""https://face.t.sinajs.cn/t4/appstyle/expression/ext/normal/48/2018new_huatong_org.png"" />",0,0
,4797588890719139,Mon Aug 01 09:36:29 +0800 2022,广西政法,https://weibo.com//u/5328345103,"<img alt=""[话筒]"" title=""[话筒]"" src=""https://face.t.sinajs.cn/t4/appstyle/expression/ext/normal/48/2018new_huatong_org.png"" /><img alt=""[话筒]"" title=""[话筒]"" src=""https://face.t.sinajs.cn/t4/appstyle/expression/ext/normal/48/2018new_huatong_org.png"" />",0,0
,4797587787616611,Mon Aug 01 09:32:06 +0800 2022,济南市天桥区人民检察,https://weibo.com//u/5539558550,传递法治资讯<a href=/n/济南市天桥区人民检察>@济南市天桥区人民检察</a>,0,0
,4797586668260968,Mon Aug 01 09:27:39 +0800 2022,黑龙江高速交警,https://weibo.com//u/6052733332,"<img alt=""[话筒]"" title=""[话筒]"" src=""https://face.t.sinajs.cn/t4/appstyle/expression/ext/normal/48/2018new_huatong_org.png"" /><img alt=""[话筒]"" title=""[话筒]"" src=""https://face.t.sinajs.cn/t4/appstyle/expression/ext/normal/48/2018new_huatong_org.png"" />",0,0
,4797585795060567,Mon Aug 01 09:24:11 +0800 2022,南充播报,https://weibo.com//u/2010395287,"<img alt=""[话筒]"" title=""[话筒]"" src=""https://face.t.sinajs.cn/t4/appstyle/expression/ext/normal/48/2018new_huatong_org.png"" /><img alt=""[话筒]"" title=""[话筒]"" src=""https://face.t.sinajs.cn/t4/appstyle/expression/ext/normal/48/2018new_huatong_org.png"" /><img alt=""[话筒]"" title=""[话筒]"" src=""https://face.t.sinajs.cn/t4/appstyle/expression/ext/normal/48/2018new_huatong_org.png"" />",0,0
,4797584776889863,Mon Aug 01 09:20:08 +0800 2022,四川长安网,https://weibo.com//u/6176174063,"<img alt=""[话筒]"" title=""[话筒]"" src=""https://face.t.sinajs.cn/t4/appstyle/expression/ext/normal/48/2018new_huatong_org.png"" /><img alt=""[话筒]"" title=""[话筒]"" src=""https://face.t.sinajs.cn/t4/appstyle/expression/ext/normal/48/2018new_huatong_org.png"" />",0,0
,4797687997930530,Mon Aug 01 16:10:18 +0800 2022,华阴检察,https://weibo.com//u/5345420764,据了解，“十四五”期间，我国将开展物种专项调查，实施大熊猫、亚洲象、海南长臂猿、东北虎、中华穿山甲、四爪陆龟等48种极度濒危野生动物和百山祖冷杉、巧家五针松等50种极小种群野生植物及其栖息地抢救性保护,0,0
,4797684160923318,Mon Aug 01 15:55:03 +0800 2022,宿州检察,https://weibo.com//u/3215433812,关注,0,0
,4797680692235396,Mon Aug 01 15:41:16 +0800 2022,峡山公安,https://weibo.com//u/2642512183,"<img alt=""[话筒]"" title=""[话筒]"" src=""https://face.t.sinajs.cn/t4/appstyle/expression/ext/normal/48/2018new_huatong_org.png"" />",0,0
,4797678422854418,Mon Aug 01 15:32:15 +0800 2022,富阳检察,https://weibo.com//u/5181798374,关注热点,0,0
,4797674475227794,Mon Aug 01 15:16:34 +0800 2022,郓城县人民检察院,https://weibo.com//u/5049100885,"<img alt=""[话筒]"" title=""[话筒]"" src=""https://face.t.sinajs.cn/t4/appstyle/expression/ext/normal/48/2018new_huatong_org.png"" /><img alt=""[话筒]"" title=""[话筒]"" src=""https://face.t.sinajs.cn/t4/appstyle/expression/ext/normal/48/2018new_huatong_org.png"" />",0,0
,4797669144529487,Mon Aug 01 14:55:23 +0800 2022,水韵温江,https://weibo.com//u/3080066552,"<img alt=""[话筒]"" title=""[话筒]"" src=""https://face.t.sinajs.cn/t4/appstyle/expression/ext/normal/48/2018new_huatong_org.png"" />",0,0
,4797668210246344,Mon Aug 01 14:51:39 +0800 2022,三台县公安局,https://weibo.com//u/1919126727,"<img alt=""[话筒]"" title=""[话筒]"" src=""https://face.t.sinajs.cn/t4/appstyle/expression/ext/normal/48/2018new_huatong_org.png"" /><img alt=""[话筒]"" title=""[话筒]"" src=""https://face.t.sinajs.cn/t4/appstyle/expression/ext/normal/48/2018new_huatong_org.png"" /><img alt=""[话筒]"" title=""[话筒]"" src=""https://face.t.sinajs.cn/t4/appstyle/expression/ext/normal/48/2018new_huatong_org.png"" />",0,0
,4797659963199207,Mon Aug 01 14:18:54 +0800 2022,菏泽市人民检察院,https://weibo.com//u/5455970373,"关注关注<img alt=""[话筒]"" title=""[话筒]"" src=""https://face.t.sinajs.cn/t4/appstyle/expression/ext/normal/48/2018new_huatong_org.png"" /><img alt=""[话筒]"" title=""[话筒]"" src=""https://face.t.sinajs.cn/t4/appstyle/expression/ext/normal/48/2018new_huatong_org.png"" />",0,0
,4797651084119141,Mon Aug 01 13:43:37 +0800 2022,白水检察,https://weibo.com//u/5126842016,关注,0,0
,4797617639001775,Mon Aug 01 11:30:43 +0800 2022,成华残联,https://weibo.com//u/3243469590,"<img alt=""[话筒]"" title=""[话筒]"" src=""https://face.t.sinajs.cn/t4/appstyle/expression/ext/normal/48/2018new_huatong_org.png"" /><img alt=""[话筒]"" title=""[话筒]"" src=""https://face.t.sinajs.cn/t4/appstyle/expression/ext/normal/48/2018new_huatong_org.png"" />",0,0
,4797613608272652,Mon Aug 01 11:14:42 +0800 2022,锦绣青羊,https://weibo.com//u/1906874803,关注<a href=/n/锦绣青羊>@锦绣青羊</a>,0,0
,4797600714459232,Mon Aug 01 10:23:27 +0800 2022,萧山检察,https://weibo.com//u/3658029810,关注,0,0
,4797598945251435,Mon Aug 01 10:16:26 +0800 2022,开州法院,https://weibo.com//u/3940583453,"<img alt=""[话筒]"" title=""[话筒]"" src=""https://face.t.sinajs.cn/t4/appstyle/expression/ext/normal/48/2018new_huatong_org.png"" />",0,0
,4797594599425211,Mon Aug 01 09:59:09 +0800 2022,宜川检察,https://weibo.com//u/5132290891,关注,0,0
,4797593546131022,Mon Aug 01 09:54:59 +0800 2022,曹县人民检察院,https://weibo.com//u/2740584771,"关注<img alt=""[话筒]"" title=""[话筒]"" src=""https://face.t.sinajs.cn/t4/appstyle/expression/ext/normal/48/2018new_huatong_org.png"" /><img alt=""[话筒]"" title=""[话筒]"" src=""https://face.t.sinajs.cn/t4/appstyle/expression/ext/normal/48/2018new_huatong_org.png"" />",0,0
,4797592489432995,Mon Aug 01 09:50:47 +0800 2022,济宁高新检察,https://weibo.com//u/6011848593,"<img alt=""[话筒]"" title=""[话筒]"" src=""https://face.t.sinajs.cn/t4/appstyle/expression/ext/normal/48/2018new_huatong_org.png"" /><img alt=""[话筒]"" title=""[话筒]"" src=""https://face.t.sinajs.cn/t4/appstyle/expression/ext/normal/48/2018new_huatong_org.png"" /><img alt=""[话筒]"" title=""[话筒]"" src=""https://face.t.sinajs.cn/t4/appstyle/expression/ext/normal/48/2018new_huatong_org.png"" />",0,0
,4797592385620564,Mon Aug 01 09:50:22 +0800 2022,重庆巴南法院,https://weibo.com//u/3929121882,"<img alt=""[音乐]"" title=""[音乐]"" src=""https://face.t.sinajs.cn/t4/appstyle/expression/ext/normal/1f/2018new_yinyue_org.png"" /><img alt=""[话筒]"" title=""[话筒]"" src=""https://face.t.sinajs.cn/t4/appstyle/expression/ext/normal/48/2018new_huatong_org.png"" />",0,0
,4797590715237053,Mon Aug 01 09:43:43 +0800 2022,德州中院,https://weibo.com//u/3628354521,"<img alt=""[话筒]"" title=""[话筒]"" src=""https://face.t.sinajs.cn/t4/appstyle/expression/ext/normal/48/2018new_huatong_org.png"" /><img alt=""[话筒]"" title=""[话筒]"" src=""https://face.t.sinajs.cn/t4/appstyle/expression/ext/normal/48/2018new_huatong_org.png"" /><img alt=""[话筒]"" title=""[话筒]"" src=""https://face.t.sinajs.cn/t4/appstyle/expression/ext/normal/48/2018new_huatong_org.png"" />",0,0
,4797589910457576,Mon Aug 01 09:40:32 +0800 2022,昆明消防,https://weibo.com//u/2464585024,"<img alt=""[话筒]"" title=""[话筒]"" src=""https://face.t.sinajs.cn/t4/appstyle/expression/ext/normal/48/2018new_huatong_org.png"" /><img alt=""[话筒]"" title=""[话筒]"" src=""https://face.t.sinajs.cn/t4/appstyle/expression/ext/normal/48/2018new_huatong_org.png"" />",0,0
,4797588492784381,Mon Aug 01 09:34:54 +0800 2022,菏泽中院,https://weibo.com//u/2156372723,传递信息微平台,0,0
,4797587797052140,Mon Aug 01 09:32:08 +0800 2022,武汉城郊检察,https://weibo.com//u/3931109898,"关注<img alt=""[太阳]"" title=""[太阳]"" src=""https://face.t.sinajs.cn/t4/appstyle/expression/ext/normal/cd/2018new_taiyang_org.png"" />",0,0
,4797586773118500,Mon Aug 01 09:28:04 +0800 2022,昌乐公安,https://weibo.com//u/2497909765,"<img alt=""[话筒]"" title=""[话筒]"" src=""https://face.t.sinajs.cn/t4/appstyle/expression/ext/normal/48/2018new_huatong_org.png"" /><img alt=""[话筒]"" title=""[话筒]"" src=""https://face.t.sinajs.cn/t4/appstyle/expression/ext/normal/48/2018new_huatong_org.png"" />",0,0
,4797584322858984,Mon Aug 01 09:18:20 +0800 2022,成都高新市场监管,https://weibo.com//u/3355021510,关注,0,0
,4797582755237373,Mon Aug 01 09:12:06 +0800 2022,杭州检察,https://weibo.com//u/2810632993,关注热点,0,0
,4797581987939520,Mon Aug 01 09:09:02 +0800 2022,绵阳特巡警,https://weibo.com//u/1919210311,"<img alt=""[话筒]"" title=""[话筒]"" src=""https://face.t.sinajs.cn/t4/appstyle/expression/ext/normal/48/2018new_huatong_org.png"" />",0,0
,4797597233455201,Mon Aug 01 10:09:38 +0800 2022,昌邑检察,https://weibo.com//u/2334343885,关注,0,0
,4797593144266775,Mon Aug 01 09:53:23 +0800 2022,武侯应急,https://weibo.com//u/2880487990,"<img alt=""[话筒]"" title=""[话筒]"" src=""https://face.t.sinajs.cn/t4/appstyle/expression/ext/normal/48/2018new_huatong_org.png"" /><img alt=""[话筒]"" title=""[话筒]"" src=""https://face.t.sinajs.cn/t4/appstyle/expression/ext/normal/48/2018new_huatong_org.png"" /><img alt=""[话筒]"" title=""[话筒]"" src=""https://face.t.sinajs.cn/t4/appstyle/expression/ext/normal/48/2018new_huatong_org.png"" />",0,0
,4797689876713661,Mon Aug 01 16:17:46 +0800 2022,竹山检察,https://weibo.com//u/5303133613,关注,0,0
,4797607270681535,Mon Aug 01 10:49:31 +0800 2022,贞丰检察,https://weibo.com//u/3849030226,"<img alt=""[话筒]"" title=""[话筒]"" src=""https://face.t.sinajs.cn/t4/appstyle/expression/ext/normal/48/2018new_huatong_org.png"" /><img alt=""[话筒]"" title=""[话筒]"" src=""https://face.t.sinajs.cn/t4/appstyle/expression/ext/normal/48/2018new_huatong_org.png"" /><img alt=""[话筒]"" title=""[话筒]"" src=""https://face.t.sinajs.cn/t4/appstyle/expression/ext/normal/48/2018new_huatong_org.png"" /><img alt=""[话筒]"" title=""[话筒]"" src=""https://face.t.sinajs.cn/t4/appstyle/expression/ext/normal/48/2018new_huatong_org.png"" /><img alt=""[话筒]"" title=""[话筒]"" src=""https://face.t.sinajs.cn/t4/appstyle/expression/ext/normal/48/2018new_huatong_org.png"" /><img alt=""[话筒]"" title=""[话筒]"" src=""https://face.t.sinajs.cn/t4/appstyle/expression/ext/normal/48/2018new_huatong_org.png"" /><img alt=""[话筒]"" title=""[话筒]"" src=""https://face.t.sinajs.cn/t4/appstyle/expression/ext/normal/48/2018new_huatong_org.png"" /><img alt=""[话筒]"" title=""[话筒]"" src=""https://face.t.sinajs.cn/t4/appstyle/expression/ext/normal/48/2018new_huatong_org.png"" />",0,0
,4797593042816666,Mon Aug 01 09:52:59 +0800 2022,当涂检察,https://weibo.com//u/5559215404,"<img alt=""[心]"" title=""[心]"" src=""https://face.t.sinajs.cn/t4/appstyle/expression/ext/normal/8a/2018new_xin_org.png"" /><img alt=""[心]"" title=""[心]"" src=""https://face.t.sinajs.cn/t4/appstyle/expression/ext/normal/8a/2018new_xin_org.png"" /><img alt=""[心]"" title=""[心]"" src=""https://face.t.sinajs.cn/t4/appstyle/expression/ext/normal/8a/2018new_xin_org.png"" />",0,0
,4797588496456348,Mon Aug 01 09:34:55 +0800 2022,大庆检察,https://weibo.com//u/1663521665,"传播信息微平台<img alt=""[话筒]"" title=""[话筒]"" src=""https://face.t.sinajs.cn/t4/appstyle/expression/ext/normal/48/2018new_huatong_org.png"" />传递法治正能量<img alt=""[太阳]"" title=""[太阳]"" src=""https://face.t.sinajs.cn/t4/appstyle/expression/ext/normal/cd/2018new_taiyang_org.png"" />",0,0
