﻿parent_comment_id,comment_id,comment_time,comment_user_name,comment_user_link,comment_content,comment_like_num,child_comment_num
,4797588315835947,Mon Aug 01 09:34:12 +0800 2022,郁闷锅,https://weibo.com//u/1974885805,在这个阴冷细雨的早晨，被自己流的口水灌饱了。晚上回家做葱油拌面去。,0,0
,4797588312688372,Mon Aug 01 09:34:11 +0800 2022,a听见,https://weibo.com//u/1690335887,针不戳,0,0
,4797588299322590,Mon Aug 01 09:34:08 +0800 2022,侯俊一个人,https://weibo.com//u/3895056341,想吃猪肘！！,0,0
,4797588299317313,Mon Aug 01 09:34:07 +0800 2022,陈果哈,https://weibo.com//u/2661305913,"哥你这拍照技术实在是<img alt=""[doge]"" title=""[doge]"" src=""https://face.t.sinajs.cn/t4/appstyle/expression/ext/normal/a1/2018new_doge02_org.png"" />",0,0
,4797588295913304,Mon Aug 01 09:34:07 +0800 2022,比尔过桥,https://weibo.com//u/3561753312,Ad钙奶我也要一瓶,0,0
,4797588153565681,Mon Aug 01 09:33:32 +0800 2022,哥就是恋你,https://weibo.com//u/1761436664,"哈哈哈哈哈哈哈图二的猪肘子好评<img alt=""[doge]"" title=""[doge]"" src=""https://face.t.sinajs.cn/t4/appstyle/expression/ext/normal/a1/2018new_doge02_org.png"" />",0,0
,4797588152517389,Mon Aug 01 09:33:33 +0800 2022,我是黄小柴,https://weibo.com//u/2692732817,有娃哈哈?,0,0
