﻿parent_comment_id,comment_id,comment_time,comment_user_name,comment_user_link,comment_content,comment_like_num,child_comment_num
,4797574999180441,Mon Aug 01 08:41:17 +0800 2022,乘风破浪的少年2005,https://weibo.com//u/7482072996,"关注<img alt=""[爱你]"" title=""[爱你]"" src=""https://face.t.sinajs.cn/t4/appstyle/expression/ext/normal/f6/2018new_aini_org.png"" />",0,0
,4797767325320807,Mon Aug 01 21:25:30 +0800 2022,宁波检察,https://weibo.com//u/2588125620,法治新闻,1,0
,4797718952944695,Mon Aug 01 18:13:18 +0800 2022,鹰潭网警巡查执法,https://weibo.com//u/5925609604,"<img alt=""[话筒]"" title=""[话筒]"" src=""https://face.t.sinajs.cn/t4/appstyle/expression/ext/normal/48/2018new_huatong_org.png"" /><img alt=""[话筒]"" title=""[话筒]"" src=""https://face.t.sinajs.cn/t4/appstyle/expression/ext/normal/48/2018new_huatong_org.png"" />",1,0
,4797713345151029,Mon Aug 01 17:51:00 +0800 2022,攀枝花平安西区,https://weibo.com//u/5762468571,"<img alt=""[话筒]"" title=""[话筒]"" src=""https://face.t.sinajs.cn/t4/appstyle/expression/ext/normal/48/2018new_huatong_org.png"" /><img alt=""[话筒]"" title=""[话筒]"" src=""https://face.t.sinajs.cn/t4/appstyle/expression/ext/normal/48/2018new_huatong_org.png"" /><img alt=""[话筒]"" title=""[话筒]"" src=""https://face.t.sinajs.cn/t4/appstyle/expression/ext/normal/48/2018new_huatong_org.png"" />",1,0
,4797706155592784,Mon Aug 01 17:22:27 +0800 2022,陕西消防,https://weibo.com//u/3334142714,"<img alt=""[话筒]"" title=""[话筒]"" src=""https://face.t.sinajs.cn/t4/appstyle/expression/ext/normal/48/2018new_huatong_org.png"" /><img alt=""[话筒]"" title=""[话筒]"" src=""https://face.t.sinajs.cn/t4/appstyle/expression/ext/normal/48/2018new_huatong_org.png"" /><img alt=""[话筒]"" title=""[话筒]"" src=""https://face.t.sinajs.cn/t4/appstyle/expression/ext/normal/48/2018new_huatong_org.png"" /><img alt=""[话筒]"" title=""[话筒]"" src=""https://face.t.sinajs.cn/t4/appstyle/expression/ext/normal/48/2018new_huatong_org.png"" />",1,0
,4797703089035368,Mon Aug 01 17:10:16 +0800 2022,菏泽中院,https://weibo.com//u/2156372723,"传递信息微平台<img alt=""[话筒]"" title=""[话筒]"" src=""https://face.t.sinajs.cn/t4/appstyle/expression/ext/normal/48/2018new_huatong_org.png"" /><img alt=""[话筒]"" title=""[话筒]"" src=""https://face.t.sinajs.cn/t4/appstyle/expression/ext/normal/48/2018new_huatong_org.png"" />",1,0
,4797697012011425,Mon Aug 01 16:46:07 +0800 2022,汉中中院,https://weibo.com//u/2512254557,"<img alt=""[话筒]"" title=""[话筒]"" src=""https://face.t.sinajs.cn/t4/appstyle/expression/ext/normal/48/2018new_huatong_org.png"" /><img alt=""[话筒]"" title=""[话筒]"" src=""https://face.t.sinajs.cn/t4/appstyle/expression/ext/normal/48/2018new_huatong_org.png"" />",1,0
,4797693954359625,Mon Aug 01 16:33:57 +0800 2022,红河州检察院,https://weibo.com//u/5930278887,"关注<img alt=""[话筒]"" title=""[话筒]"" src=""https://face.t.sinajs.cn/t4/appstyle/expression/ext/normal/48/2018new_huatong_org.png"" /><img alt=""[话筒]"" title=""[话筒]"" src=""https://face.t.sinajs.cn/t4/appstyle/expression/ext/normal/48/2018new_huatong_org.png"" />",1,0
,4797687964110082,Mon Aug 01 16:10:10 +0800 2022,济阳检察,https://weibo.com//u/5475670809,<a href=/n/宁波检察>@宁波检察</a>,1,0
,4797674350707651,Mon Aug 01 15:16:04 +0800 2022,绍兴交警,https://weibo.com//u/1789234310,"<img alt=""[话筒]"" title=""[话筒]"" src=""https://face.t.sinajs.cn/t4/appstyle/expression/ext/normal/48/2018new_huatong_org.png"" /><img alt=""[话筒]"" title=""[话筒]"" src=""https://face.t.sinajs.cn/t4/appstyle/expression/ext/normal/48/2018new_huatong_org.png"" /><img alt=""[话筒]"" title=""[话筒]"" src=""https://face.t.sinajs.cn/t4/appstyle/expression/ext/normal/48/2018new_huatong_org.png"" />",1,0
,4797672420019631,Mon Aug 01 15:08:24 +0800 2022,郴州北湖法院,https://weibo.com//u/3914207834,"<img alt=""[话筒]"" title=""[话筒]"" src=""https://face.t.sinajs.cn/t4/appstyle/expression/ext/normal/48/2018new_huatong_org.png"" />",1,0
,4797670617254236,Mon Aug 01 15:01:14 +0800 2022,开阳县检察院,https://weibo.com//u/3196346062,<a href=/n/宁波检察>@宁波检察</a>,1,0
,4797667891219272,Mon Aug 01 14:50:24 +0800 2022,宁津公安,https://weibo.com//u/2316874621,"<img alt=""[话筒]"" title=""[话筒]"" src=""https://face.t.sinajs.cn/t4/appstyle/expression/ext/normal/48/2018new_huatong_org.png"" /><img alt=""[话筒]"" title=""[话筒]"" src=""https://face.t.sinajs.cn/t4/appstyle/expression/ext/normal/48/2018new_huatong_org.png"" />",1,0
,4797666032356952,Mon Aug 01 14:43:01 +0800 2022,青岛环保,https://weibo.com//u/3245359303,"<img alt=""[话筒]"" title=""[话筒]"" src=""https://face.t.sinajs.cn/t4/appstyle/expression/ext/normal/48/2018new_huatong_org.png"" /><img alt=""[话筒]"" title=""[话筒]"" src=""https://face.t.sinajs.cn/t4/appstyle/expression/ext/normal/48/2018new_huatong_org.png"" />",0,0
,4797660446328530,Mon Aug 01 14:20:49 +0800 2022,白水检察,https://weibo.com//u/5126842016,关注,1,0
,4797646018185859,Mon Aug 01 13:23:29 +0800 2022,聚沙成塔1204,https://weibo.com//u/7482804145,"关注<img alt=""[微风]"" title=""[微风]"" src=""https://face.t.sinajs.cn/t4/appstyle/expression/ext/normal/c7/2018new_weifeng_thumb.png"" />",1,0
,4797635804531588,Mon Aug 01 12:42:54 +0800 2022,咕咕战斗机66,https://weibo.com//u/7482808009,致敬人民子弟兵,1,0
,4797626237061258,Mon Aug 01 12:04:53 +0800 2022,汉滨检察,https://weibo.com//u/5999587576,"<img alt=""[话筒]"" title=""[话筒]"" src=""https://face.t.sinajs.cn/t4/appstyle/expression/ext/normal/48/2018new_huatong_org.png"" /><img alt=""[话筒]"" title=""[话筒]"" src=""https://face.t.sinajs.cn/t4/appstyle/expression/ext/normal/48/2018new_huatong_org.png"" />",1,0
,4797623749839279,Mon Aug 01 11:55:00 +0800 2022,荆门市东宝区人民检察院,https://weibo.com//u/2696964800,关注,1,0
,4797621271793651,Mon Aug 01 11:45:09 +0800 2022,金华交警,https://weibo.com//u/1939682450,关注,1,0
,4797610018214323,Mon Aug 01 11:00:26 +0800 2022,游仙公安,https://weibo.com//u/1920901005,"<img alt=""[话筒]"" title=""[话筒]"" src=""https://face.t.sinajs.cn/t4/appstyle/expression/ext/normal/48/2018new_huatong_org.png"" /><img alt=""[话筒]"" title=""[话筒]"" src=""https://face.t.sinajs.cn/t4/appstyle/expression/ext/normal/48/2018new_huatong_org.png"" /><img alt=""[话筒]"" title=""[话筒]"" src=""https://face.t.sinajs.cn/t4/appstyle/expression/ext/normal/48/2018new_huatong_org.png"" />",1,0
,4797609648852020,Mon Aug 01 10:58:58 +0800 2022,鹤城网警巡查执法,https://weibo.com//u/5657421525,"关注<img alt=""[话筒]"" title=""[话筒]"" src=""https://face.t.sinajs.cn/t4/appstyle/expression/ext/normal/48/2018new_huatong_org.png"" /><img alt=""[话筒]"" title=""[话筒]"" src=""https://face.t.sinajs.cn/t4/appstyle/expression/ext/normal/48/2018new_huatong_org.png"" />",1,0
,4797606599854801,Mon Aug 01 10:46:51 +0800 2022,河北博物院,https://weibo.com//u/6276346464,"<img alt=""[话筒]"" title=""[话筒]"" src=""https://face.t.sinajs.cn/t4/appstyle/expression/ext/normal/48/2018new_huatong_org.png"" /><img alt=""[话筒]"" title=""[话筒]"" src=""https://face.t.sinajs.cn/t4/appstyle/expression/ext/normal/48/2018new_huatong_org.png"" /><img alt=""[话筒]"" title=""[话筒]"" src=""https://face.t.sinajs.cn/t4/appstyle/expression/ext/normal/48/2018new_huatong_org.png"" />",1,0
,4797606410065310,Mon Aug 01 10:46:06 +0800 2022,江北检察,https://weibo.com//u/2972503342,"关注<img alt=""[话筒]"" title=""[话筒]"" src=""https://face.t.sinajs.cn/t4/appstyle/expression/ext/normal/48/2018new_huatong_org.png"" /><img alt=""[话筒]"" title=""[话筒]"" src=""https://face.t.sinajs.cn/t4/appstyle/expression/ext/normal/48/2018new_huatong_org.png"" />",1,0
,4797606099949412,Mon Aug 01 10:44:52 +0800 2022,电白检察,https://weibo.com//u/5642825408,"<img alt=""[话筒]"" title=""[话筒]"" src=""https://face.t.sinajs.cn/t4/appstyle/expression/ext/normal/48/2018new_huatong_org.png"" /><img alt=""[话筒]"" title=""[话筒]"" src=""https://face.t.sinajs.cn/t4/appstyle/expression/ext/normal/48/2018new_huatong_org.png"" />",1,0
,4797602787230508,Mon Aug 01 10:31:42 +0800 2022,高新服务,https://weibo.com//u/3359245562,"<img alt=""[话筒]"" title=""[话筒]"" src=""https://face.t.sinajs.cn/t4/appstyle/expression/ext/normal/48/2018new_huatong_org.png"" /><img alt=""[话筒]"" title=""[话筒]"" src=""https://face.t.sinajs.cn/t4/appstyle/expression/ext/normal/48/2018new_huatong_org.png"" />",1,0
,4797601545194259,Mon Aug 01 10:26:46 +0800 2022,法治碑林,https://weibo.com//u/3460123060,"<img alt=""[话筒]"" title=""[话筒]"" src=""https://face.t.sinajs.cn/t4/appstyle/expression/ext/normal/48/2018new_huatong_org.png"" /><img alt=""[话筒]"" title=""[话筒]"" src=""https://face.t.sinajs.cn/t4/appstyle/expression/ext/normal/48/2018new_huatong_org.png"" />",1,0
,4797601440075625,Mon Aug 01 10:26:21 +0800 2022,黄龙检察,https://weibo.com//u/3540153945,<a href=/n/宁波检察>@宁波检察</a>,1,0
,4797601419364832,Mon Aug 01 10:26:16 +0800 2022,黄龙检察,https://weibo.com//u/3540153945,关注热点，传播资讯,1,0
,4797600799131798,Mon Aug 01 10:23:48 +0800 2022,兰州文化旅游,https://weibo.com//u/5770755050,"<img alt=""[话筒]"" title=""[话筒]"" src=""https://face.t.sinajs.cn/t4/appstyle/expression/ext/normal/48/2018new_huatong_org.png"" /><img alt=""[话筒]"" title=""[话筒]"" src=""https://face.t.sinajs.cn/t4/appstyle/expression/ext/normal/48/2018new_huatong_org.png"" />",1,0
,4797593806701418,Mon Aug 01 09:56:01 +0800 2022,绍兴越城公安,https://weibo.com//u/2139893427,"<img alt=""[话筒]"" title=""[话筒]"" src=""https://face.t.sinajs.cn/t4/appstyle/expression/ext/normal/48/2018new_huatong_org.png"" /><img alt=""[话筒]"" title=""[话筒]"" src=""https://face.t.sinajs.cn/t4/appstyle/expression/ext/normal/48/2018new_huatong_org.png"" />",1,0
,4797590463844794,Mon Aug 01 09:42:44 +0800 2022,宝鸡检察,https://weibo.com//u/5193731648,【法治新闻】,1,0
,4797587795741919,Mon Aug 01 09:32:08 +0800 2022,正义通山,https://weibo.com//u/5075850400,关注,1,0
,4797587776080075,Mon Aug 01 09:32:03 +0800 2022,正义通山,https://weibo.com//u/5075850400,"<img alt=""[话筒]"" title=""[话筒]"" src=""https://face.t.sinajs.cn/t4/appstyle/expression/ext/normal/48/2018new_huatong_org.png"" />",1,0
,4797573431562326,Mon Aug 01 08:35:03 +0800 2022,爱吃豆腐的大懒猫,https://weibo.com//u/7201815938,"关注<img alt=""[心]"" title=""[心]"" src=""https://face.t.sinajs.cn/t4/appstyle/expression/ext/normal/8a/2018new_xin_org.png"" />",1,0
