﻿parent_comment_id,comment_id,comment_time,comment_user_name,comment_user_link,comment_content,comment_like_num,child_comment_num
,4797608550206721,Mon Aug 01 10:54:36 +0800 2022,元彦和,https://weibo.com//u/7750436298,喜欢白幼瘦审美的，喜欢二次元的，内心变态的潜在虐待杀人犯罢了。,4,3
4797608550206721.0,4797650136467592,Mon Aug 01 13:39:51 +0800 2022,龙猫自在,https://weibo.com//u/2783053135,二次元有什么错?,1,0
4797608550206721.0,4797649717561750,Mon Aug 01 13:38:11 +0800 2022,一天到晚漫步的熊v,https://weibo.com//u/5540232320,"二次元做错了什么<img alt=""[苦涩]"" title=""[苦涩]"" src=""https://face.t.sinajs.cn/t4/appstyle/expression/ext/normal/7e/2021_bitter_org.png"" />",0,0
4797608550206721.0,4797680863152801,Mon Aug 01 15:41:56 +0800 2022,元彦和,https://weibo.com//u/7750436298,回复<a href=/n/龙猫自在>@龙猫自在</a>:数学里的交集关系∩，不是并集∪，懂？ 那女的要是不穿jk，受众量又少一半,0,0
,4797598914842891,Mon Aug 01 10:16:19 +0800 2022,紫啊紫,https://weibo.com//u/1866555084,"我去看了鲨鱼和娃娃鱼两期视频…简直对不起我所受的教育…<img alt=""[裂开]"" title=""[裂开]"" src=""https://face.t.sinajs.cn/t4/appstyle/expression/ext/normal/1b/202011_liekai_org.png"" />",20,1
