﻿parent_comment_id,comment_id,comment_time,comment_user_name,comment_user_link,comment_content,comment_like_num,child_comment_num
,4797585359111547,Mon Aug 01 09:22:26 +0800 2022,·残雪·,https://weibo.com//u/6478526806,"<img alt=""[二哈]"" title=""[二哈]"" src=""https://face.t.sinajs.cn/t4/appstyle/expression/ext/normal/22/2018new_erha_org.png"" /><img alt=""[二哈]"" title=""[二哈]"" src=""https://face.t.sinajs.cn/t4/appstyle/expression/ext/normal/22/2018new_erha_org.png"" /><img alt=""[二哈]"" title=""[二哈]"" src=""https://face.t.sinajs.cn/t4/appstyle/expression/ext/normal/22/2018new_erha_org.png"" /><img alt=""[二哈]"" title=""[二哈]"" src=""https://face.t.sinajs.cn/t4/appstyle/expression/ext/normal/22/2018new_erha_org.png"" /><img alt=""[二哈]"" title=""[二哈]"" src=""https://face.t.sinajs.cn/t4/appstyle/expression/ext/normal/22/2018new_erha_org.png"" />无知",1,1
4797585359111547.0,4797585510370524,Mon Aug 01 09:23:03 +0800 2022,残恋少爷,https://weibo.com//u/2744070534,"早上好<img alt=""[抱一抱]"" title=""[抱一抱]"" src=""https://face.t.sinajs.cn/t4/appstyle/expression/ext/normal/af/2020_hug_org.png"" />",0,0
,4797561614896862,Mon Aug 01 07:48:06 +0800 2022,Finn_study,https://weibo.com//u/7371466619,"南充哇？<img alt=""[doge]"" title=""[doge]"" src=""https://face.t.sinajs.cn/t4/appstyle/expression/ext/normal/a1/2018new_doge02_org.png"" />",1,1
4797561614896862.0,4797585573021873,Mon Aug 01 09:23:17 +0800 2022,残恋少爷,https://weibo.com//u/2744070534,"早晨<img alt=""[抱一抱]"" title=""[抱一抱]"" src=""https://face.t.sinajs.cn/t4/appstyle/expression/ext/normal/af/2020_hug_org.png"" /><img alt=""[抱一抱]"" title=""[抱一抱]"" src=""https://face.t.sinajs.cn/t4/appstyle/expression/ext/normal/af/2020_hug_org.png"" />",0,0
,4797530862256226,Mon Aug 01 05:45:53 +0800 2022,阳光下的雪飞舞,https://weibo.com//u/5022073506,"早<img alt=""[微风]"" title=""[微风]"" src=""https://face.t.sinajs.cn/t4/appstyle/expression/ext/normal/c7/2018new_weifeng_thumb.png"" />",1,1
4797530862256226.0,4797585540251833,Mon Aug 01 09:23:09 +0800 2022,残恋少爷,https://weibo.com//u/2744070534,"早安<img alt=""[心]"" title=""[心]"" src=""https://face.t.sinajs.cn/t4/appstyle/expression/ext/normal/8a/2018new_xin_org.png"" />",0,0
