﻿parent_comment_id,comment_id,comment_time,comment_user_name,comment_user_link,comment_content,comment_like_num,child_comment_num
,4797988901491390,Tue Aug 02 12:05:59 +0800 2022,菏泽市人民检察院,https://weibo.com//u/5455970373,"关注<img alt=""[话筒]"" title=""[话筒]"" src=""https://face.t.sinajs.cn/t4/appstyle/expression/ext/normal/48/2018new_huatong_org.png"" />关注<img alt=""[话筒]"" title=""[话筒]"" src=""https://face.t.sinajs.cn/t4/appstyle/expression/ext/normal/48/2018new_huatong_org.png"" />",0,0
,4797711096220040,Mon Aug 01 17:42:05 +0800 2022,平安纳溪,https://weibo.com//u/5218198569,"<img alt=""[话筒]"" title=""[话筒]"" src=""https://face.t.sinajs.cn/t4/appstyle/expression/ext/normal/48/2018new_huatong_org.png"" />",0,0
,4797700170845140,Mon Aug 01 16:58:40 +0800 2022,游仙公安,https://weibo.com//u/1920901005,"<img alt=""[话筒]"" title=""[话筒]"" src=""https://face.t.sinajs.cn/t4/appstyle/expression/ext/normal/48/2018new_huatong_org.png"" /><img alt=""[话筒]"" title=""[话筒]"" src=""https://face.t.sinajs.cn/t4/appstyle/expression/ext/normal/48/2018new_huatong_org.png"" /><img alt=""[话筒]"" title=""[话筒]"" src=""https://face.t.sinajs.cn/t4/appstyle/expression/ext/normal/48/2018new_huatong_org.png"" />",0,0
,4797695031775779,Mon Aug 01 16:38:15 +0800 2022,宣城公安在线,https://weibo.com//u/3039827240,下午好呀,0,0
,4797685422625974,Mon Aug 01 16:00:04 +0800 2022,哈尔滨网警巡查执法,https://weibo.com//u/5611046370,"<img alt=""[话筒]"" title=""[话筒]"" src=""https://face.t.sinajs.cn/t4/appstyle/expression/ext/normal/48/2018new_huatong_org.png"" /><img alt=""[话筒]"" title=""[话筒]"" src=""https://face.t.sinajs.cn/t4/appstyle/expression/ext/normal/48/2018new_huatong_org.png"" /><img alt=""[话筒]"" title=""[话筒]"" src=""https://face.t.sinajs.cn/t4/appstyle/expression/ext/normal/48/2018new_huatong_org.png"" />",0,0
,4797676514186142,Mon Aug 01 15:24:40 +0800 2022,绵阳司法,https://weibo.com//u/2824640994,"周一愉快<img alt=""[打call]"" title=""[打call]"" src=""https://face.t.sinajs.cn/t4/appstyle/expression/ext/normal/39/moren_dacall02_org.png"" /><img alt=""[打call]"" title=""[打call]"" src=""https://face.t.sinajs.cn/t4/appstyle/expression/ext/normal/39/moren_dacall02_org.png"" />",0,0
,4797676291622482,Mon Aug 01 15:23:47 +0800 2022,攀枝花平安西区,https://weibo.com//u/5762468571,"<img alt=""[心]"" title=""[心]"" src=""https://face.t.sinajs.cn/t4/appstyle/expression/ext/normal/8a/2018new_xin_org.png"" /><img alt=""[心]"" title=""[心]"" src=""https://face.t.sinajs.cn/t4/appstyle/expression/ext/normal/8a/2018new_xin_org.png"" />",0,0
,4797672437059831,Mon Aug 01 15:08:28 +0800 2022,南充文旅,https://weibo.com//u/6196434586,"<img alt=""[心]"" title=""[心]"" src=""https://face.t.sinajs.cn/t4/appstyle/expression/ext/normal/8a/2018new_xin_org.png"" /><img alt=""[心]"" title=""[心]"" src=""https://face.t.sinajs.cn/t4/appstyle/expression/ext/normal/8a/2018new_xin_org.png"" />",0,0
,4797672354220441,Mon Aug 01 15:08:08 +0800 2022,宁波交警,https://weibo.com//u/1968066827,"<img alt=""[话筒]"" title=""[话筒]"" src=""https://face.t.sinajs.cn/t4/appstyle/expression/ext/normal/48/2018new_huatong_org.png"" /><img alt=""[话筒]"" title=""[话筒]"" src=""https://face.t.sinajs.cn/t4/appstyle/expression/ext/normal/48/2018new_huatong_org.png"" />",0,0
,4797672114359218,Mon Aug 01 15:07:11 +0800 2022,枣庄公安,https://weibo.com//u/1839681925,"<img alt=""[抱一抱]"" title=""[抱一抱]"" src=""https://face.t.sinajs.cn/t4/appstyle/expression/ext/normal/af/2020_hug_org.png"" /><img alt=""[抱一抱]"" title=""[抱一抱]"" src=""https://face.t.sinajs.cn/t4/appstyle/expression/ext/normal/af/2020_hug_org.png"" /><img alt=""[鲜花]"" title=""[鲜花]"" src=""https://face.t.sinajs.cn/t4/appstyle/expression/ext/normal/d4/2018new_xianhua_org.png"" /><img alt=""[鲜花]"" title=""[鲜花]"" src=""https://face.t.sinajs.cn/t4/appstyle/expression/ext/normal/d4/2018new_xianhua_org.png"" />",0,0
,4797664313213864,Mon Aug 01 14:36:11 +0800 2022,鹤城网警巡查执法,https://weibo.com//u/5657421525,"<img alt=""[话筒]"" title=""[话筒]"" src=""https://face.t.sinajs.cn/t4/appstyle/expression/ext/normal/48/2018new_huatong_org.png"" /><img alt=""[话筒]"" title=""[话筒]"" src=""https://face.t.sinajs.cn/t4/appstyle/expression/ext/normal/48/2018new_huatong_org.png"" /><img alt=""[话筒]"" title=""[话筒]"" src=""https://face.t.sinajs.cn/t4/appstyle/expression/ext/normal/48/2018new_huatong_org.png"" />",0,0
,4797617391275925,Mon Aug 01 11:29:44 +0800 2022,涪城公安,https://weibo.com//u/1917945804,"<img alt=""[话筒]"" title=""[话筒]"" src=""https://face.t.sinajs.cn/t4/appstyle/expression/ext/normal/48/2018new_huatong_org.png"" /><img alt=""[话筒]"" title=""[话筒]"" src=""https://face.t.sinajs.cn/t4/appstyle/expression/ext/normal/48/2018new_huatong_org.png"" /><img alt=""[话筒]"" title=""[话筒]"" src=""https://face.t.sinajs.cn/t4/appstyle/expression/ext/normal/48/2018new_huatong_org.png"" />",1,1
4797617391275925.0,4797660316573075,Mon Aug 01 14:20:18 +0800 2022,内江高新公安,https://weibo.com//u/6568416443,"<img alt=""[心]"" title=""[心]"" src=""https://face.t.sinajs.cn/t4/appstyle/expression/ext/normal/8a/2018new_xin_org.png"" />",0,0
,4797615184812891,Mon Aug 01 11:20:58 +0800 2022,温州交警,https://weibo.com//u/2392874414,"早安<img alt=""[送花花]"" title=""[送花花]"" src=""https://face.t.sinajs.cn/t4/appstyle/expression/ext/normal/cb/2022_Flowers_org.png"" />",1,1
4797615184812891.0,4797660512388500,Mon Aug 01 14:21:05 +0800 2022,内江高新公安,https://weibo.com//u/6568416443,"<img alt=""[兔子]"" title=""[兔子]"" src=""https://face.t.sinajs.cn/t4/appstyle/expression/ext/normal/c6/2018new_tuzi_org.png"" />",0,0
,4797610899276677,Mon Aug 01 11:03:55 +0800 2022,大通湖公安分局,https://weibo.com//u/1969775387,"新周愉快<img alt=""[送花花]"" title=""[送花花]"" src=""https://face.t.sinajs.cn/t4/appstyle/expression/ext/normal/cb/2022_Flowers_org.png"" /><img alt=""[虎爪比心]"" title=""[虎爪比心]"" src=""https://face.t.sinajs.cn/t4/appstyle/expression/ext/normal/2b/2022_handheart_org.png"" /> <a target=""_blank"" href=""https://weibo.com/1969775387/LEWqVoHfC""><img class=""icon-link"" src=""https://h5.sinaimg.cn/upload/2015/09/25/3/timeline_card_small_weibo_default.png""/>微博正文</a>",1,1
4797610899276677.0,4797665440959879,Mon Aug 01 14:40:40 +0800 2022,内江高新公安,https://weibo.com//u/6568416443,"<img alt=""[锦鲤附体]"" title=""[锦鲤附体]"" src=""https://face.t.sinajs.cn/t4/appstyle/expression/ext/normal/30/2022_Koi_org.png"" />",0,0
,4797610840556678,Mon Aug 01 11:03:42 +0800 2022,大通湖公安分局,https://weibo.com//u/1969775387,"新周愉快<img alt=""[送花花]"" title=""[送花花]"" src=""https://face.t.sinajs.cn/t4/appstyle/expression/ext/normal/cb/2022_Flowers_org.png"" /><img alt=""[虎爪比心]"" title=""[虎爪比心]"" src=""https://face.t.sinajs.cn/t4/appstyle/expression/ext/normal/2b/2022_handheart_org.png"" /> <a target=""_blank"" href=""https://weibo.com/1969775387/LEWqVoHfC""><img class=""icon-link"" src=""https://h5.sinaimg.cn/upload/2015/09/25/3/timeline_card_small_weibo_default.png""/>微博正文</a>",1,1
4797610840556678.0,4797665466649359,Mon Aug 01 14:40:46 +0800 2022,内江高新公安,https://weibo.com//u/6568416443,"<img alt=""[奋斗]"" title=""[奋斗]"" src=""https://face.t.sinajs.cn/t4/appstyle/expression/ext/normal/23/2022_Struggle_org.png"" />",0,0
,4797609916761242,Mon Aug 01 11:00:01 +0800 2022,柳州公安,https://weibo.com//u/1770545650,"早安<img alt=""[送花花]"" title=""[送花花]"" src=""https://face.t.sinajs.cn/t4/appstyle/expression/ext/normal/cb/2022_Flowers_org.png"" /><a target=""_blank"" href=""/detail/4797535208603923""><img class=""icon-link"" src=""https://h5.sinaimg.cn/upload/2015/09/25/3/timeline_card_small_weibo_default.png""/>微博正文</a>",1,1
4797609916761242.0,4797660701393668,Mon Aug 01 14:21:49 +0800 2022,内江高新公安,https://weibo.com//u/6568416443,"<img alt=""[奋斗]"" title=""[奋斗]"" src=""https://face.t.sinajs.cn/t4/appstyle/expression/ext/normal/23/2022_Struggle_org.png"" />",0,0
,4797609435202705,Mon Aug 01 10:58:07 +0800 2022,兰州文化旅游,https://weibo.com//u/5770755050,<a href=/n/内江高新公安>@内江高新公安</a>,1,1
4797609435202705.0,4797660910851503,Mon Aug 01 14:22:40 +0800 2022,内江高新公安,https://weibo.com//u/6568416443,"<img alt=""[奋斗]"" title=""[奋斗]"" src=""https://face.t.sinajs.cn/t4/appstyle/expression/ext/normal/23/2022_Struggle_org.png"" />",0,0
,4797609317238765,Mon Aug 01 10:57:39 +0800 2022,兰州文化旅游,https://weibo.com//u/5770755050,"<img alt=""[心]"" title=""[心]"" src=""https://face.t.sinajs.cn/t4/appstyle/expression/ext/normal/8a/2018new_xin_org.png"" /><img alt=""[心]"" title=""[心]"" src=""https://face.t.sinajs.cn/t4/appstyle/expression/ext/normal/8a/2018new_xin_org.png"" /><img alt=""[心]"" title=""[心]"" src=""https://face.t.sinajs.cn/t4/appstyle/expression/ext/normal/8a/2018new_xin_org.png"" />",1,1
4797609317238765.0,4797660936017173,Mon Aug 01 14:22:46 +0800 2022,内江高新公安,https://weibo.com//u/6568416443,"<img alt=""[锦鲤附体]"" title=""[锦鲤附体]"" src=""https://face.t.sinajs.cn/t4/appstyle/expression/ext/normal/30/2022_Koi_org.png"" />",0,0
,4797605709617904,Mon Aug 01 10:43:19 +0800 2022,南充播报,https://weibo.com//u/2010395287,早安,1,1
4797605709617904.0,4797661170897181,Mon Aug 01 14:23:42 +0800 2022,内江高新公安,https://weibo.com//u/6568416443,"<img alt=""[爱你]"" title=""[爱你]"" src=""https://face.t.sinajs.cn/t4/appstyle/expression/ext/normal/f6/2018new_aini_org.png"" />",0,0
,4797603554527697,Mon Aug 01 10:34:45 +0800 2022,成都青白江公安,https://weibo.com//u/2273142634,"早安八月<img alt=""[冲刺]"" title=""[冲刺]"" src=""https://face.t.sinajs.cn/t4/appstyle/expression/ext/normal/ac/2022_Sprint_org.png"" />加油八月<img alt=""[心]"" title=""[心]"" src=""https://face.t.sinajs.cn/t4/appstyle/expression/ext/normal/8a/2018new_xin_org.png"" />~<a target=""_blank"" href=""https://www.weibo.com/2273142634/LEVU6kogf?pcfrom=msgbox&type=comment#_rnd1659320560220""><img class=""icon-link"" src=""https://h5.sinaimg.cn/upload/2015/09/25/3/timeline_card_small_web_default.png""/>网页链接</a>",1,1
4797603554527697.0,4797668831003602,Mon Aug 01 14:54:08 +0800 2022,内江高新公安,https://weibo.com//u/6568416443,"<img alt=""[赢牛奶]"" title=""[赢牛奶]"" src=""https://face.t.sinajs.cn/t4/appstyle/expression/ext/normal/9c/2021_yingniunai_org.png"" />",0,0
,4797600187024282,Mon Aug 01 10:21:22 +0800 2022,青白江生态环境,https://weibo.com//u/3515638435,"上午好吖<img alt=""[微风]"" title=""[微风]"" src=""https://face.t.sinajs.cn/t4/appstyle/expression/ext/normal/c7/2018new_weifeng_thumb.png"" />",1,1
4797600187024282.0,4797665658805454,Mon Aug 01 14:41:32 +0800 2022,内江高新公安,https://weibo.com//u/6568416443,"<img alt=""[打call]"" title=""[打call]"" src=""https://face.t.sinajs.cn/t4/appstyle/expression/ext/normal/39/moren_dacall02_org.png"" />",0,0
,4797599959485861,Mon Aug 01 10:20:28 +0800 2022,南充播报,https://weibo.com//u/2010395287,"早安<img alt=""[心]"" title=""[心]"" src=""https://face.t.sinajs.cn/t4/appstyle/expression/ext/normal/8a/2018new_xin_org.png"" />",1,1
4797599959485861.0,4797661196320885,Mon Aug 01 14:23:47 +0800 2022,内江高新公安,https://weibo.com//u/6568416443,"<img alt=""[爱你]"" title=""[爱你]"" src=""https://face.t.sinajs.cn/t4/appstyle/expression/ext/normal/f6/2018new_aini_org.png"" />",0,0
,4797599771788524,Mon Aug 01 10:19:43 +0800 2022,成都高性能纤维材料产业功能区,https://weibo.com//u/2685256391,"新周愉快<img alt=""[熊猫]"" title=""[熊猫]"" src=""https://face.t.sinajs.cn/t4/appstyle/expression/ext/normal/aa/2018new_xiongmao_org.png"" /><img alt=""[熊猫]"" title=""[熊猫]"" src=""https://face.t.sinajs.cn/t4/appstyle/expression/ext/normal/aa/2018new_xiongmao_org.png"" /><a target=""_blank"" href=""/detail/4797564614609942""><img class=""icon-link"" src=""https://h5.sinaimg.cn/upload/2015/09/25/3/timeline_card_small_weibo_default.png""/>微博正文</a>",1,1
4797599771788524.0,4797669132735038,Mon Aug 01 14:55:20 +0800 2022,内江高新公安,https://weibo.com//u/6568416443,"<img alt=""[打call]"" title=""[打call]"" src=""https://face.t.sinajs.cn/t4/appstyle/expression/ext/normal/39/moren_dacall02_org.png"" />",0,0
,4797598244275857,Mon Aug 01 10:13:39 +0800 2022,大通湖公安分局,https://weibo.com//u/1969775387,"早安 新周愉快<img alt=""[送花花]"" title=""[送花花]"" src=""https://face.t.sinajs.cn/t4/appstyle/expression/ext/normal/cb/2022_Flowers_org.png"" /><img alt=""[虎爪比心]"" title=""[虎爪比心]"" src=""https://face.t.sinajs.cn/t4/appstyle/expression/ext/normal/2b/2022_handheart_org.png"" /> <a target=""_blank"" href=""https://weibo.com/1969775387/LEWqVoHfC""><img class=""icon-link"" src=""https://h5.sinaimg.cn/upload/2015/09/25/3/timeline_card_small_weibo_default.png""/>微博正文</a>",1,1
4797598244275857.0,4797665702055659,Mon Aug 01 14:41:42 +0800 2022,内江高新公安,https://weibo.com//u/6568416443,"<img alt=""[兔子]"" title=""[兔子]"" src=""https://face.t.sinajs.cn/t4/appstyle/expression/ext/normal/c6/2018new_tuzi_org.png"" />",0,0
,4797597049160947,Mon Aug 01 10:08:53 +0800 2022,看成都,https://weibo.com//u/7216381483,"八月的第一声问候<img alt=""[抱一抱]"" title=""[抱一抱]"" src=""https://face.t.sinajs.cn/t4/appstyle/expression/ext/normal/af/2020_hug_org.png"" />早安～",1,1
4797597049160947.0,4797661384808598,Mon Aug 01 14:24:33 +0800 2022,内江高新公安,https://weibo.com//u/6568416443,"<img alt=""[爱你]"" title=""[爱你]"" src=""https://face.t.sinajs.cn/t4/appstyle/expression/ext/normal/f6/2018new_aini_org.png"" />",0,0
,4797594226659399,Mon Aug 01 09:57:41 +0800 2022,成都站前公安,https://weibo.com//u/5186063174,"早<img alt=""[打call]"" title=""[打call]"" src=""https://face.t.sinajs.cn/t4/appstyle/expression/ext/normal/39/moren_dacall02_org.png"" />",1,1
4797594226659399.0,4797669341660294,Mon Aug 01 14:56:10 +0800 2022,内江高新公安,https://weibo.com//u/6568416443,"<img alt=""[赢牛奶]"" title=""[赢牛奶]"" src=""https://face.t.sinajs.cn/t4/appstyle/expression/ext/normal/9c/2021_yingniunai_org.png"" />",0,0
,4797593072174722,Mon Aug 01 09:53:06 +0800 2022,贵港网警巡查执法,https://weibo.com//u/5572134691,"早安<img alt=""[微风]"" title=""[微风]"" src=""https://face.t.sinajs.cn/t4/appstyle/expression/ext/normal/c7/2018new_weifeng_thumb.png"" />",1,1
4797593072174722.0,4797662655943659,Mon Aug 01 14:29:36 +0800 2022,内江高新公安,https://weibo.com//u/6568416443,"<img alt=""[抱一抱]"" title=""[抱一抱]"" src=""https://face.t.sinajs.cn/t4/appstyle/expression/ext/normal/af/2020_hug_org.png"" />",0,0
,4797590284011764,Mon Aug 01 09:42:01 +0800 2022,瓮安县检察院,https://weibo.com//u/5559804050,周一，早安！,1,1
4797590284011764.0,4797666083735332,Mon Aug 01 14:43:12 +0800 2022,内江高新公安,https://weibo.com//u/6568416443,"<img alt=""[心]"" title=""[心]"" src=""https://face.t.sinajs.cn/t4/appstyle/expression/ext/normal/8a/2018new_xin_org.png"" />",0,0
,4797589751333729,Mon Aug 01 09:39:54 +0800 2022,平安北川,https://weibo.com//u/5204135148,"上午好<img alt=""[微风]"" title=""[微风]"" src=""https://face.t.sinajs.cn/t4/appstyle/expression/ext/normal/c7/2018new_weifeng_thumb.png"" />",1,1
4797589751333729.0,4797669568938384,Mon Aug 01 14:57:03 +0800 2022,内江高新公安,https://weibo.com//u/6568416443,"<img alt=""[心]"" title=""[心]"" src=""https://face.t.sinajs.cn/t4/appstyle/expression/ext/normal/8a/2018new_xin_org.png"" />",0,0
,4797589364938328,Mon Aug 01 09:38:22 +0800 2022,金牛服务,https://weibo.com//u/2135280032,"新周早安<img alt=""[哇]"" title=""[哇]"" src=""https://face.t.sinajs.cn/t4/appstyle/expression/ext/normal/3d/2022_wow_org.png"" />，一起加油！<img alt=""[打call]"" title=""[打call]"" src=""https://face.t.sinajs.cn/t4/appstyle/expression/ext/normal/39/moren_dacall02_org.png"" /><img alt=""[抱一抱]"" title=""[抱一抱]"" src=""https://face.t.sinajs.cn/t4/appstyle/expression/ext/normal/af/2020_hug_org.png"" />",1,1
4797589364938328.0,4797668649599524,Mon Aug 01 14:53:24 +0800 2022,内江高新公安,https://weibo.com//u/6568416443,"<img alt=""[打call]"" title=""[打call]"" src=""https://face.t.sinajs.cn/t4/appstyle/expression/ext/normal/39/moren_dacall02_org.png"" />",0,0
,4797589093091691,Mon Aug 01 09:37:17 +0800 2022,天府新区法院,https://weibo.com//u/6900816264,"早<img alt=""[送花花]"" title=""[送花花]"" src=""https://face.t.sinajs.cn/t4/appstyle/expression/ext/normal/cb/2022_Flowers_org.png"" /><a target=""_blank"" href=""https://weibo.com/6900816264/LEWwGlYyK?from=page_1001066900816264_profile&wvr=6&mod=weibotime&type=comment#_rnd1659317457960""><img class=""icon-link"" src=""https://h5.sinaimg.cn/upload/2015/09/25/3/timeline_card_small_weibo_default.png""/>微博正文</a>",1,1
4797589093091691.0,4797666297122294,Mon Aug 01 14:44:04 +0800 2022,内江高新公安,https://weibo.com//u/6568416443,"<img alt=""[心]"" title=""[心]"" src=""https://face.t.sinajs.cn/t4/appstyle/expression/ext/normal/8a/2018new_xin_org.png"" />",0,0
,4797588794245358,Mon Aug 01 09:36:05 +0800 2022,石家庄市反电信网络诈骗中心,https://weibo.com//u/6048429967,早安~,1,1
4797588794245358.0,4797666485081643,Mon Aug 01 14:44:49 +0800 2022,内江高新公安,https://weibo.com//u/6568416443,"<img alt=""[兔子]"" title=""[兔子]"" src=""https://face.t.sinajs.cn/t4/appstyle/expression/ext/normal/c6/2018new_tuzi_org.png"" />",0,0
,4797586135060905,Mon Aug 01 09:25:32 +0800 2022,绵阳高新公安,https://weibo.com//u/1908691000,"早上好！<img alt=""[冲刺]"" title=""[冲刺]"" src=""https://face.t.sinajs.cn/t4/appstyle/expression/ext/normal/ac/2022_Sprint_org.png"" />",1,1
4797586135060905.0,4797666955100397,Mon Aug 01 14:46:40 +0800 2022,内江高新公安,https://weibo.com//u/6568416443,"<img alt=""[羞嗒嗒]"" title=""[羞嗒嗒]"" src=""https://face.t.sinajs.cn/t4/appstyle/expression/ext/normal/df/lxhxiudada_org.gif"" />",0,0
,4797585170368943,Mon Aug 01 09:21:42 +0800 2022,青羊共青团,https://weibo.com//u/2883768444,"八月，一起加油！早安<img alt=""[心]"" title=""[心]"" src=""https://face.t.sinajs.cn/t4/appstyle/expression/ext/normal/8a/2018new_xin_org.png"" />",1,1
4797585170368943.0,4797662924117606,Mon Aug 01 14:30:40 +0800 2022,内江高新公安,https://weibo.com//u/6568416443,"<img alt=""[打call]"" title=""[打call]"" src=""https://face.t.sinajs.cn/t4/appstyle/expression/ext/normal/39/moren_dacall02_org.png"" />",0,0
,4797584381578765,Mon Aug 01 09:18:34 +0800 2022,高新服务,https://weibo.com//u/3359245562,"早安<img alt=""[心]"" title=""[心]"" src=""https://face.t.sinajs.cn/t4/appstyle/expression/ext/normal/8a/2018new_xin_org.png"" />",1,1
4797584381578765.0,4797667173991379,Mon Aug 01 14:47:32 +0800 2022,内江高新公安,https://weibo.com//u/6568416443,"<img alt=""[好喜欢]"" title=""[好喜欢]"" src=""https://face.t.sinajs.cn/t4/appstyle/expression/ext/normal/d6/lxhlike_thumb.gif"" />",0,0
,4797583971059130,Mon Aug 01 09:16:56 +0800 2022,宁波交警,https://weibo.com//u/1968066827,"早上好 <a target=""_blank"" href=""https://weibo.com/1968066827/LEVU60BFd""><img class=""icon-link"" src=""https://h5.sinaimg.cn/upload/2015/09/25/3/timeline_card_small_weibo_default.png""/>微博正文</a>",1,1
4797583971059130.0,4797663113648540,Mon Aug 01 14:31:25 +0800 2022,内江高新公安,https://weibo.com//u/6568416443,"<img alt=""[赢牛奶]"" title=""[赢牛奶]"" src=""https://face.t.sinajs.cn/t4/appstyle/expression/ext/normal/9c/2021_yingniunai_org.png"" />",0,0
,4797581291162710,Mon Aug 01 09:06:17 +0800 2022,平安泸县,https://weibo.com//u/5201000633,"<a target=""_blank"" href=""https://weibo.com/5201000633/LEVLTvbu4""><img class=""icon-link"" src=""https://h5.sinaimg.cn/upload/2015/09/25/3/timeline_card_small_weibo_default.png""/>微博正文</a>",1,1
4797581291162710.0,4797664321602948,Mon Aug 01 14:36:13 +0800 2022,内江高新公安,https://weibo.com//u/6568416443,"<img alt=""[打call]"" title=""[打call]"" src=""https://face.t.sinajs.cn/t4/appstyle/expression/ext/normal/39/moren_dacall02_org.png"" />",0,0
,4797580271425111,Mon Aug 01 09:02:14 +0800 2022,威远交警,https://weibo.com//u/5563177048,"早安，<img alt=""[兔子]"" title=""[兔子]"" src=""https://face.t.sinajs.cn/t4/appstyle/expression/ext/normal/c6/2018new_tuzi_org.png"" />",1,1
4797580271425111.0,4797669804081755,Mon Aug 01 14:57:59 +0800 2022,内江高新公安,https://weibo.com//u/6568416443,"<img alt=""[兔子]"" title=""[兔子]"" src=""https://face.t.sinajs.cn/t4/appstyle/expression/ext/normal/c6/2018new_tuzi_org.png"" />",0,0
,4797579843339492,Mon Aug 01 09:00:32 +0800 2022,平安开封,https://weibo.com//u/2011677057,"早安<img alt=""[心]"" title=""[心]"" src=""https://face.t.sinajs.cn/t4/appstyle/expression/ext/normal/8a/2018new_xin_org.png"" />",1,1
4797579843339492.0,4797664493305932,Mon Aug 01 14:36:53 +0800 2022,内江高新公安,https://weibo.com//u/6568416443,"<img alt=""[赢牛奶]"" title=""[赢牛奶]"" src=""https://face.t.sinajs.cn/t4/appstyle/expression/ext/normal/9c/2021_yingniunai_org.png"" />",0,0
,4797577932048602,Mon Aug 01 08:52:56 +0800 2022,台州交警,https://weibo.com//u/2693708912,"新周早安<img alt=""[奋斗]"" title=""[奋斗]"" src=""https://face.t.sinajs.cn/t4/appstyle/expression/ext/normal/23/2022_Struggle_org.png"" /><a target=""_blank"" href=""https://weibo.com/2693708912/LEW8a3Jf5""><img class=""icon-link"" src=""https://h5.sinaimg.cn/upload/2015/09/25/3/timeline_card_small_weibo_default.png""/>微博正文</a>",1,1
4797577932048602.0,4797667370340899,Mon Aug 01 14:48:20 +0800 2022,内江高新公安,https://weibo.com//u/6568416443,"<img alt=""[奋斗]"" title=""[奋斗]"" src=""https://face.t.sinajs.cn/t4/appstyle/expression/ext/normal/23/2022_Struggle_org.png"" />",0,0
,4797574441339113,Mon Aug 01 08:39:04 +0800 2022,长沙警事,https://weibo.com//u/1973743580,"早安<img alt=""[冲刺]"" title=""[冲刺]"" src=""https://face.t.sinajs.cn/t4/appstyle/expression/ext/normal/ac/2022_Sprint_org.png"" /><a target=""_blank"" href=""/detail/4797570347439052""><img class=""icon-link"" src=""https://h5.sinaimg.cn/upload/2015/09/25/3/timeline_card_small_weibo_default.png""/>微博正文</a>",1,1
4797574441339113.0,4797664723734903,Mon Aug 01 14:37:49 +0800 2022,内江高新公安,https://weibo.com//u/6568416443,"<img alt=""[奋斗]"" title=""[奋斗]"" src=""https://face.t.sinajs.cn/t4/appstyle/expression/ext/normal/23/2022_Struggle_org.png"" />",0,0
,4797573183047077,Mon Aug 01 08:34:04 +0800 2022,绵阳特巡警,https://weibo.com//u/1919210311,"早安<img alt=""[太阳]"" title=""[太阳]"" src=""https://face.t.sinajs.cn/t4/appstyle/expression/ext/normal/cd/2018new_taiyang_org.png"" />",1,1
4797573183047077.0,4797667559605727,Mon Aug 01 14:49:05 +0800 2022,内江高新公安,https://weibo.com//u/6568416443,"<img alt=""[锦鲤附体]"" title=""[锦鲤附体]"" src=""https://face.t.sinajs.cn/t4/appstyle/expression/ext/normal/30/2022_Koi_org.png"" />",0,0
,4797571484615888,Mon Aug 01 08:27:19 +0800 2022,林芝森林消防,https://weibo.com//u/7305894481,"早安<img alt=""[打call]"" title=""[打call]"" src=""https://face.t.sinajs.cn/t4/appstyle/expression/ext/normal/39/moren_dacall02_org.png"" /><a target=""_blank"" href=""/detail/4797557060666736""><img class=""icon-link"" src=""https://h5.sinaimg.cn/upload/2015/09/25/3/timeline_card_small_weibo_default.png""/>微博正文</a>",1,1
4797571484615888.0,4797664900681448,Mon Aug 01 14:38:31 +0800 2022,内江高新公安,https://weibo.com//u/6568416443,"<img alt=""[锦鲤附体]"" title=""[锦鲤附体]"" src=""https://face.t.sinajs.cn/t4/appstyle/expression/ext/normal/30/2022_Koi_org.png"" />",0,0
,4797571291419309,Mon Aug 01 08:26:33 +0800 2022,正义南康,https://weibo.com//u/2414369130,"<img alt=""[太阳]"" title=""[太阳]"" src=""https://face.t.sinajs.cn/t4/appstyle/expression/ext/normal/cd/2018new_taiyang_org.png"" /><img alt=""[太阳]"" title=""[太阳]"" src=""https://face.t.sinajs.cn/t4/appstyle/expression/ext/normal/cd/2018new_taiyang_org.png"" />早安<img alt=""[送花花]"" title=""[送花花]"" src=""https://face.t.sinajs.cn/t4/appstyle/expression/ext/normal/cb/2022_Flowers_org.png"" /><img alt=""[送花花]"" title=""[送花花]"" src=""https://face.t.sinajs.cn/t4/appstyle/expression/ext/normal/cb/2022_Flowers_org.png"" />",1,1
4797571291419309.0,4797667781379893,Mon Aug 01 14:49:58 +0800 2022,内江高新公安,https://weibo.com//u/6568416443,"<img alt=""[爱你]"" title=""[爱你]"" src=""https://face.t.sinajs.cn/t4/appstyle/expression/ext/normal/f6/2018new_aini_org.png"" />",0,0
,4797571148547696,Mon Aug 01 08:25:59 +0800 2022,兴宾公安,https://weibo.com//u/1988752771,新周好吖,1,1
4797571148547696.0,4797670025332510,Mon Aug 01 14:58:53 +0800 2022,内江高新公安,https://weibo.com//u/6568416443,"<img alt=""[心]"" title=""[心]"" src=""https://face.t.sinajs.cn/t4/appstyle/expression/ext/normal/8a/2018new_xin_org.png"" />",0,0
,4797570398028369,Mon Aug 01 08:22:59 +0800 2022,夏小若_,https://weibo.com//u/6864510963,"<img alt=""[锦鲤附体]"" title=""[锦鲤附体]"" src=""https://face.t.sinajs.cn/t4/appstyle/expression/ext/normal/30/2022_Koi_org.png"" /><img alt=""[锦鲤附体]"" title=""[锦鲤附体]"" src=""https://face.t.sinajs.cn/t4/appstyle/expression/ext/normal/30/2022_Koi_org.png"" /><img alt=""[锦鲤附体]"" title=""[锦鲤附体]"" src=""https://face.t.sinajs.cn/t4/appstyle/expression/ext/normal/30/2022_Koi_org.png"" />",2,1
4797570398028369.0,4797624953080059,Mon Aug 01 11:59:46 +0800 2022,内江高新公安,https://weibo.com//u/6568416443,"小若好<img alt=""[爱你]"" title=""[爱你]"" src=""https://face.t.sinajs.cn/t4/appstyle/expression/ext/normal/f6/2018new_aini_org.png"" />",0,0
,4797570267744350,Mon Aug 01 08:22:29 +0800 2022,泾县公安在线,https://weibo.com//u/5199279078,"早上好呀<img alt=""[心]"" title=""[心]"" src=""https://face.t.sinajs.cn/t4/appstyle/expression/ext/normal/8a/2018new_xin_org.png"" />",1,1
4797570267744350.0,4797668288891191,Mon Aug 01 14:51:59 +0800 2022,内江高新公安,https://weibo.com//u/6568416443,"<img alt=""[爱你]"" title=""[爱你]"" src=""https://face.t.sinajs.cn/t4/appstyle/expression/ext/normal/f6/2018new_aini_org.png"" />",0,0
,4797570192772471,Mon Aug 01 08:22:11 +0800 2022,绵阳司法,https://weibo.com//u/2824640994,"早上好呀<img alt=""[打call]"" title=""[打call]"" src=""https://face.t.sinajs.cn/t4/appstyle/expression/ext/normal/39/moren_dacall02_org.png"" /><img alt=""[打call]"" title=""[打call]"" src=""https://face.t.sinajs.cn/t4/appstyle/expression/ext/normal/39/moren_dacall02_org.png"" />",1,1
4797570192772471.0,4797665038305607,Mon Aug 01 14:39:04 +0800 2022,内江高新公安,https://weibo.com//u/6568416443,"<img alt=""[奋斗]"" title=""[奋斗]"" src=""https://face.t.sinajs.cn/t4/appstyle/expression/ext/normal/23/2022_Struggle_org.png"" />",0,0
,4797569971000259,Mon Aug 01 08:21:18 +0800 2022,湘潭公安,https://weibo.com//u/3424054302,"早安<img alt=""[奋斗]"" title=""[奋斗]"" src=""https://face.t.sinajs.cn/t4/appstyle/expression/ext/normal/23/2022_Struggle_org.png"" />",1,1
4797569971000259.0,4797668473440111,Mon Aug 01 14:52:42 +0800 2022,内江高新公安,https://weibo.com//u/6568416443,"<img alt=""[抱一抱]"" title=""[抱一抱]"" src=""https://face.t.sinajs.cn/t4/appstyle/expression/ext/normal/af/2020_hug_org.png"" />",0,0
,4797569840452466,Mon Aug 01 08:20:47 +0800 2022,黑龙江高速交警,https://weibo.com//u/6052733332,"早安<img alt=""[太阳]"" title=""[太阳]"" src=""https://face.t.sinajs.cn/t4/appstyle/expression/ext/normal/cd/2018new_taiyang_org.png"" />",1,1
4797569840452466.0,4797665235175645,Mon Aug 01 14:39:51 +0800 2022,内江高新公安,https://weibo.com//u/6568416443,"<img alt=""[锦鲤附体]"" title=""[锦鲤附体]"" src=""https://face.t.sinajs.cn/t4/appstyle/expression/ext/normal/30/2022_Koi_org.png"" />",0,0
,4797568904855751,Mon Aug 01 08:17:03 +0800 2022,内江高新公安,https://weibo.com//u/6568416443,"大家周一早啊<img alt=""[爱你]"" title=""[爱你]"" src=""https://face.t.sinajs.cn/t4/appstyle/expression/ext/normal/f6/2018new_aini_org.png"" />",2,0
