﻿parent_comment_id,comment_id,comment_time,comment_user_name,comment_user_link,comment_content,comment_like_num,child_comment_num
,4798390565870154,Wed Aug 03 14:42:03 +0800 2022,梦里柠檬几度花666,https://weibo.com//u/7584654738,👏👏,0,0
,4798071278671320,Tue Aug 02 17:33:19 +0800 2022,九厘米的雾2022,https://weibo.com//u/6322237812,"<img alt=""[good]"" title=""[good]"" src=""https://face.t.sinajs.cn/t4/appstyle/expression/ext/normal/8a/2018new_good_org.png"" /><img alt=""[心]"" title=""[心]"" src=""https://face.t.sinajs.cn/t4/appstyle/expression/ext/normal/8a/2018new_xin_org.png"" /><img alt=""[心]"" title=""[心]"" src=""https://face.t.sinajs.cn/t4/appstyle/expression/ext/normal/8a/2018new_xin_org.png"" /><img alt=""[心]"" title=""[心]"" src=""https://face.t.sinajs.cn/t4/appstyle/expression/ext/normal/8a/2018new_xin_org.png"" />",0,0
,4798067683362578,Tue Aug 02 17:19:02 +0800 2022,抱喵喵的尛汪,https://weibo.com//u/7005609446,"<img alt=""[赞]"" title=""[赞]"" src=""https://face.t.sinajs.cn/t4/appstyle/expression/ext/normal/e6/2018new_zan_org.png"" /><img alt=""[赞]"" title=""[赞]"" src=""https://face.t.sinajs.cn/t4/appstyle/expression/ext/normal/e6/2018new_zan_org.png"" /><img alt=""[赞]"" title=""[赞]"" src=""https://face.t.sinajs.cn/t4/appstyle/expression/ext/normal/e6/2018new_zan_org.png"" />",0,0
,4797952109842427,Tue Aug 02 09:39:47 +0800 2022,暖过冬夏,https://weibo.com//u/6257331088,"<img alt=""[good]"" title=""[good]"" src=""https://face.t.sinajs.cn/t4/appstyle/expression/ext/normal/8a/2018new_good_org.png"" />",0,0
,4797939493638657,Tue Aug 02 08:49:39 +0800 2022,右耳朵和左耳朵,https://weibo.com//u/7370041931,"<img alt=""[good]"" title=""[good]"" src=""https://face.t.sinajs.cn/t4/appstyle/expression/ext/normal/8a/2018new_good_org.png"" /><img alt=""[good]"" title=""[good]"" src=""https://face.t.sinajs.cn/t4/appstyle/expression/ext/normal/8a/2018new_good_org.png"" />",0,0
,4797935970159740,Tue Aug 02 08:35:39 +0800 2022,纠在奔向未来的路上,https://weibo.com//u/2944079873,"<img alt=""[打call]"" title=""[打call]"" src=""https://face.t.sinajs.cn/t4/appstyle/expression/ext/normal/39/moren_dacall02_org.png"" />",0,0
,4797922933737353,Tue Aug 02 07:43:51 +0800 2022,王小焕1111111,https://weibo.com//u/7720090819,"<img alt=""[心]"" title=""[心]"" src=""https://face.t.sinajs.cn/t4/appstyle/expression/ext/normal/8a/2018new_xin_org.png"" />",0,0
,4797916423916639,Tue Aug 02 07:17:59 +0800 2022,柳绿新雨,https://weibo.com//u/7720192309,"<img alt=""[good]"" title=""[good]"" src=""https://face.t.sinajs.cn/t4/appstyle/expression/ext/normal/8a/2018new_good_org.png"" />",0,0
,4797794387233429,Mon Aug 01 23:13:03 +0800 2022,春暖花开zhangyuqiong,https://weibo.com//u/3868786598,"<img alt=""[good]"" title=""[good]"" src=""https://face.t.sinajs.cn/t4/appstyle/expression/ext/normal/8a/2018new_good_org.png"" /><img alt=""[good]"" title=""[good]"" src=""https://face.t.sinajs.cn/t4/appstyle/expression/ext/normal/8a/2018new_good_org.png"" />",0,0
,4797770348894449,Mon Aug 01 21:37:32 +0800 2022,碧月马红霞726,https://weibo.com//u/5754528017,"<img alt=""[赞]"" title=""[赞]"" src=""https://face.t.sinajs.cn/t4/appstyle/expression/ext/normal/e6/2018new_zan_org.png"" /><img alt=""[赞]"" title=""[赞]"" src=""https://face.t.sinajs.cn/t4/appstyle/expression/ext/normal/e6/2018new_zan_org.png"" /><img alt=""[赞]"" title=""[赞]"" src=""https://face.t.sinajs.cn/t4/appstyle/expression/ext/normal/e6/2018new_zan_org.png"" />",0,0
,4797768785467689,Mon Aug 01 21:31:19 +0800 2022,南宁检察,https://weibo.com//u/5794269940,"<img alt=""[话筒]"" title=""[话筒]"" src=""https://face.t.sinajs.cn/t4/appstyle/expression/ext/normal/48/2018new_huatong_org.png"" /><img alt=""[话筒]"" title=""[话筒]"" src=""https://face.t.sinajs.cn/t4/appstyle/expression/ext/normal/48/2018new_huatong_org.png"" />",0,0
,4797749743324947,Mon Aug 01 20:15:38 +0800 2022,青笙挽歌余梦初987654321,https://weibo.com//u/7721266362,"<img alt=""[心]"" title=""[心]"" src=""https://face.t.sinajs.cn/t4/appstyle/expression/ext/normal/8a/2018new_xin_org.png"" /><img alt=""[鼓掌]"" title=""[鼓掌]"" src=""https://face.t.sinajs.cn/t4/appstyle/expression/ext/normal/6e/2018new_guzhang_org.png"" />",0,0
,4797743933429318,Mon Aug 01 19:52:34 +0800 2022,王副桃,https://weibo.com//u/5774619448,"<img alt=""[心]"" title=""[心]"" src=""https://face.t.sinajs.cn/t4/appstyle/expression/ext/normal/8a/2018new_xin_org.png"" /><img alt=""[心]"" title=""[心]"" src=""https://face.t.sinajs.cn/t4/appstyle/expression/ext/normal/8a/2018new_xin_org.png"" /><img alt=""[心]"" title=""[心]"" src=""https://face.t.sinajs.cn/t4/appstyle/expression/ext/normal/8a/2018new_xin_org.png"" />",0,0
,4797743535753245,Mon Aug 01 19:50:59 +0800 2022,小李14865,https://weibo.com//u/7720026859,"<img alt=""[good]"" title=""[good]"" src=""https://face.t.sinajs.cn/t4/appstyle/expression/ext/normal/8a/2018new_good_org.png"" />",0,0
,4797727056071828,Mon Aug 01 18:45:30 +0800 2022,琛琛的爱200302,https://weibo.com//u/7718609960,"<img alt=""[good]"" title=""[good]"" src=""https://face.t.sinajs.cn/t4/appstyle/expression/ext/normal/8a/2018new_good_org.png"" /><img alt=""[good]"" title=""[good]"" src=""https://face.t.sinajs.cn/t4/appstyle/expression/ext/normal/8a/2018new_good_org.png"" /><img alt=""[good]"" title=""[good]"" src=""https://face.t.sinajs.cn/t4/appstyle/expression/ext/normal/8a/2018new_good_org.png"" />",0,0
,4797722307332254,Mon Aug 01 18:26:38 +0800 2022,Star时光w,https://weibo.com//u/7720431493,"<img alt=""[打call]"" title=""[打call]"" src=""https://face.t.sinajs.cn/t4/appstyle/expression/ext/normal/39/moren_dacall02_org.png"" />",0,0
,4797720629871336,Mon Aug 01 18:19:57 +0800 2022,我打球好菜啊,https://weibo.com//u/5581394585,"<img alt=""[doge]"" title=""[doge]"" src=""https://face.t.sinajs.cn/t4/appstyle/expression/ext/normal/a1/2018new_doge02_org.png"" />",0,0
,4797719464644722,Mon Aug 01 18:15:20 +0800 2022,大漠孤烟ZL,https://weibo.com//u/7004164189,"<img alt=""[话筒]"" title=""[话筒]"" src=""https://face.t.sinajs.cn/t4/appstyle/expression/ext/normal/48/2018new_huatong_org.png"" /><img alt=""[good]"" title=""[good]"" src=""https://face.t.sinajs.cn/t4/appstyle/expression/ext/normal/8a/2018new_good_org.png"" /><img alt=""[good]"" title=""[good]"" src=""https://face.t.sinajs.cn/t4/appstyle/expression/ext/normal/8a/2018new_good_org.png"" /><img alt=""[话筒]"" title=""[话筒]"" src=""https://face.t.sinajs.cn/t4/appstyle/expression/ext/normal/48/2018new_huatong_org.png"" /><img alt=""[good]"" title=""[good]"" src=""https://face.t.sinajs.cn/t4/appstyle/expression/ext/normal/8a/2018new_good_org.png"" /><img alt=""[good]"" title=""[good]"" src=""https://face.t.sinajs.cn/t4/appstyle/expression/ext/normal/8a/2018new_good_org.png"" />",0,0
,4797719347201311,Mon Aug 01 18:14:51 +0800 2022,那就讨厌好了,https://weibo.com//u/6166046261,"<img alt=""[good]"" title=""[good]"" src=""https://face.t.sinajs.cn/t4/appstyle/expression/ext/normal/8a/2018new_good_org.png"" /><img alt=""[good]"" title=""[good]"" src=""https://face.t.sinajs.cn/t4/appstyle/expression/ext/normal/8a/2018new_good_org.png"" /><img alt=""[good]"" title=""[good]"" src=""https://face.t.sinajs.cn/t4/appstyle/expression/ext/normal/8a/2018new_good_org.png"" />",0,0
,4797712505767829,Mon Aug 01 17:47:41 +0800 2022,董甲宁灼瘾Renunc,https://weibo.com//u/5868108351,"<img alt=""[赞]"" title=""[赞]"" src=""https://face.t.sinajs.cn/t4/appstyle/expression/ext/normal/e6/2018new_zan_org.png"" /><img alt=""[赞]"" title=""[赞]"" src=""https://face.t.sinajs.cn/t4/appstyle/expression/ext/normal/e6/2018new_zan_org.png"" /><img alt=""[赞]"" title=""[赞]"" src=""https://face.t.sinajs.cn/t4/appstyle/expression/ext/normal/e6/2018new_zan_org.png"" />",0,0
,4797711632828318,Mon Aug 01 17:44:13 +0800 2022,我的大小姐55555555,https://weibo.com//u/7718828380,"<img alt=""[赞]"" title=""[赞]"" src=""https://face.t.sinajs.cn/t4/appstyle/expression/ext/normal/e6/2018new_zan_org.png"" /><img alt=""[赞]"" title=""[赞]"" src=""https://face.t.sinajs.cn/t4/appstyle/expression/ext/normal/e6/2018new_zan_org.png"" /><img alt=""[赞]"" title=""[赞]"" src=""https://face.t.sinajs.cn/t4/appstyle/expression/ext/normal/e6/2018new_zan_org.png"" />",0,0
,4797697036913936,Mon Aug 01 16:46:13 +0800 2022,向你再借一天,https://weibo.com//u/7719637414,"<img alt=""[打call]"" title=""[打call]"" src=""https://face.t.sinajs.cn/t4/appstyle/expression/ext/normal/39/moren_dacall02_org.png"" /><img alt=""[打call]"" title=""[打call]"" src=""https://face.t.sinajs.cn/t4/appstyle/expression/ext/normal/39/moren_dacall02_org.png"" />",0,0
,4797692616118486,Mon Aug 01 16:28:39 +0800 2022,库辛库辛,https://weibo.com//u/7485640359,👏,0,0
,4797688829183292,Mon Aug 01 16:13:35 +0800 2022,菏泽中院,https://weibo.com//u/2156372723,"关注<img alt=""[话筒]"" title=""[话筒]"" src=""https://face.t.sinajs.cn/t4/appstyle/expression/ext/normal/48/2018new_huatong_org.png"" /><img alt=""[话筒]"" title=""[话筒]"" src=""https://face.t.sinajs.cn/t4/appstyle/expression/ext/normal/48/2018new_huatong_org.png"" />",0,0
,4797682244127735,Mon Aug 01 15:47:26 +0800 2022,A有名字123,https://weibo.com//u/7676388896,关注,0,0
,4797671087277445,Mon Aug 01 15:03:06 +0800 2022,菏泽市人民检察院,https://weibo.com//u/5455970373,"关注<img alt=""[话筒]"" title=""[话筒]"" src=""https://face.t.sinajs.cn/t4/appstyle/expression/ext/normal/48/2018new_huatong_org.png"" />关注<img alt=""[话筒]"" title=""[话筒]"" src=""https://face.t.sinajs.cn/t4/appstyle/expression/ext/normal/48/2018new_huatong_org.png"" />",0,0
,4797670546474228,Mon Aug 01 15:00:56 +0800 2022,读书有方11111111,https://weibo.com//u/7720495680,"<img alt=""[good]"" title=""[good]"" src=""https://face.t.sinajs.cn/t4/appstyle/expression/ext/normal/8a/2018new_good_org.png"" /><img alt=""[good]"" title=""[good]"" src=""https://face.t.sinajs.cn/t4/appstyle/expression/ext/normal/8a/2018new_good_org.png"" /><img alt=""[good]"" title=""[good]"" src=""https://face.t.sinajs.cn/t4/appstyle/expression/ext/normal/8a/2018new_good_org.png"" />",0,0
,4797667458157029,Mon Aug 01 14:48:41 +0800 2022,柳拾红,https://weibo.com//u/7724473013,"<img alt=""[good]"" title=""[good]"" src=""https://face.t.sinajs.cn/t4/appstyle/expression/ext/normal/8a/2018new_good_org.png"" />",0,0
,4797666447592321,Mon Aug 01 14:44:40 +0800 2022,樱花细雨su,https://weibo.com//u/7720191811,"<img alt=""[赞]"" title=""[赞]"" src=""https://face.t.sinajs.cn/t4/appstyle/expression/ext/normal/e6/2018new_zan_org.png"" /><img alt=""[赞]"" title=""[赞]"" src=""https://face.t.sinajs.cn/t4/appstyle/expression/ext/normal/e6/2018new_zan_org.png"" />",0,0
,4797622299134829,Mon Aug 01 11:49:14 +0800 2022,刘合太,https://weibo.com//u/7722251149,"<img alt=""[赞]"" title=""[赞]"" src=""https://face.t.sinajs.cn/t4/appstyle/expression/ext/normal/e6/2018new_zan_org.png"" />",0,0
,4797615721680437,Mon Aug 01 11:23:06 +0800 2022,暖暖7720292270,https://weibo.com//u/7720292270,"<img alt=""[赞]"" title=""[赞]"" src=""https://face.t.sinajs.cn/t4/appstyle/expression/ext/normal/e6/2018new_zan_org.png"" /><img alt=""[赞]"" title=""[赞]"" src=""https://face.t.sinajs.cn/t4/appstyle/expression/ext/normal/e6/2018new_zan_org.png"" />",0,0
,4797608071530264,Mon Aug 01 10:52:41 +0800 2022,硕果6666,https://weibo.com//u/7013976796,"<img alt=""[赞]"" title=""[赞]"" src=""https://face.t.sinajs.cn/t4/appstyle/expression/ext/normal/e6/2018new_zan_org.png"" /><img alt=""[赞]"" title=""[赞]"" src=""https://face.t.sinajs.cn/t4/appstyle/expression/ext/normal/e6/2018new_zan_org.png"" /><img alt=""[赞]"" title=""[赞]"" src=""https://face.t.sinajs.cn/t4/appstyle/expression/ext/normal/e6/2018new_zan_org.png"" /><img alt=""[赞]"" title=""[赞]"" src=""https://face.t.sinajs.cn/t4/appstyle/expression/ext/normal/e6/2018new_zan_org.png"" /><img alt=""[赞]"" title=""[赞]"" src=""https://face.t.sinajs.cn/t4/appstyle/expression/ext/normal/e6/2018new_zan_org.png"" />",0,0
,4797603000092715,Mon Aug 01 10:32:33 +0800 2022,贠小军123,https://weibo.com//u/7724932831,"<img alt=""[赞]"" title=""[赞]"" src=""https://face.t.sinajs.cn/t4/appstyle/expression/ext/normal/e6/2018new_zan_org.png"" />",0,0
,4797602711735277,Mon Aug 01 10:31:24 +0800 2022,庄浪陈鹏飞,https://weibo.com//u/7722235795,"<img alt=""[中国赞]"" title=""[中国赞]"" src=""https://face.t.sinajs.cn/t4/appstyle/expression/ext/normal/6d/2018new_zhongguozan_org.png"" />",0,0
,4797602308292964,Mon Aug 01 10:29:47 +0800 2022,梦凡呀55555,https://weibo.com//u/7514888956,"<img alt=""[good]"" title=""[good]"" src=""https://face.t.sinajs.cn/t4/appstyle/expression/ext/normal/8a/2018new_good_org.png"" /><img alt=""[good]"" title=""[good]"" src=""https://face.t.sinajs.cn/t4/appstyle/expression/ext/normal/8a/2018new_good_org.png"" /><img alt=""[good]"" title=""[good]"" src=""https://face.t.sinajs.cn/t4/appstyle/expression/ext/normal/8a/2018new_good_org.png"" />",0,0
,4797600546424228,Mon Aug 01 10:22:48 +0800 2022,百变人生jcy,https://weibo.com//u/7720393700,"<img alt=""[good]"" title=""[good]"" src=""https://face.t.sinajs.cn/t4/appstyle/expression/ext/normal/8a/2018new_good_org.png"" />",0,0
,4797598806836082,Mon Aug 01 10:15:52 +0800 2022,Faith茶色,https://weibo.com//u/6223613600,"<img alt=""[打call]"" title=""[打call]"" src=""https://face.t.sinajs.cn/t4/appstyle/expression/ext/normal/39/moren_dacall02_org.png"" />",0,0
