﻿parent_comment_id,comment_id,comment_time,comment_user_name,comment_user_link,comment_content,comment_like_num,child_comment_num
,4797578010431659,Mon Aug 01 08:53:15 +0800 2022,空模样LargeMoyo,https://weibo.com//u/3802045702,他是纯粹的摆拍方，鲨鱼是女生带去的,0,1
4797578010431659.0,4797599376213306,Mon Aug 01 10:18:09 +0800 2022,Pt-佳人,https://weibo.com//u/5671892930,"原来是这样<img alt=""[允悲]"" title=""[允悲]"" src=""https://face.t.sinajs.cn/t4/appstyle/expression/ext/normal/83/2018new_kuxiao_org.png"" /><img alt=""[允悲]"" title=""[允悲]"" src=""https://face.t.sinajs.cn/t4/appstyle/expression/ext/normal/83/2018new_kuxiao_org.png"" />",0,0
,4797571828288207,Mon Aug 01 08:28:41 +0800 2022,涵涵张z,https://weibo.com//u/5674311574,如果查明了大白鲨不是哪里购买的应该就没事吧,0,1
4797571828288207.0,4797572202368548,Mon Aug 01 08:30:10 +0800 2022,Pt-佳人,https://weibo.com//u/5671892930,"<img alt=""[doge]"" title=""[doge]"" src=""https://face.t.sinajs.cn/t4/appstyle/expression/ext/normal/a1/2018new_doge02_org.png"" /><img alt=""[doge]"" title=""[doge]"" src=""https://face.t.sinajs.cn/t4/appstyle/expression/ext/normal/a1/2018new_doge02_org.png"" /><img alt=""[doge]"" title=""[doge]"" src=""https://face.t.sinajs.cn/t4/appstyle/expression/ext/normal/a1/2018new_doge02_org.png"" />这就不知道了",0,0
