﻿parent_comment_id,comment_id,comment_time,comment_user_name,comment_user_link,comment_content,comment_like_num,child_comment_num
,4798109894318454,Tue Aug 02 20:06:46 +0800 2022,爱恨浪漫,https://weibo.com//u/7164999225,。,0,0
,4797587691146017,Mon Aug 01 09:31:43 +0800 2022,奶迪果粒茶,https://weibo.com//u/6071513789,"<img alt=""[汗]"" title=""[汗]"" src=""https://face.t.sinajs.cn/t4/appstyle/expression/ext/normal/28/2018new_han_org.png"" />",0,0
,4797453373276320,Mon Aug 01 00:37:58 +0800 2022,葡萄肉不酸不酸28,https://weibo.com//u/7206891512,"<img alt=""[哼]"" title=""[哼]"" src=""https://face.t.sinajs.cn/t4/appstyle/expression/ext/normal/7c/2018new_heng_org.png"" />",0,0
,4797450931410028,Mon Aug 01 00:28:17 +0800 2022,怀念na个夏天,https://weibo.com//u/5656895581,是的,1,0
,4797450344469127,Mon Aug 01 00:25:57 +0800 2022,dy玲玲爱丽丝Xback,https://weibo.com//u/6580621565,唉,2,0
